SetpointApplied,CalcTime,EI_0.CalcCurrent,ScanNumber,EI_0.CalcPotential,Index
0.00244140625,5.926990985035786,2.628173828125e-07,1,0.0025146484375000028,1
0.0048828125,5.951404984974147,4.7821044921875e-07,1,0.0049652099609374944,2
0.00732421875,5.975818984912507,7.577514648437499e-07,1,0.0074707031250000056,3
0.009765625,6.000232984850868,9.7137451171875e-07,1,0.009915161132812503,4
0.01220703125,6.0246469847892286,1.24725341796875e-06,1,0.0123443603515625,5
0.0146484375,6.049060984727589,1.4678955078125e-06,1,0.014788818359374997,6
0.01708984375,6.07347498466595,1.73553466796875e-06,1,0.017214965820312497,7
0.01953125,6.09788898460431,1.96533203125e-06,1,0.019647216796875006,8
0.02197265625,6.122302984542671,2.2216796875e-06,1,0.022082519531249997,9
0.0244140625,6.146716984481031,2.464599609375e-06,1,0.0245208740234375,10
0.02685546875,6.171130984419392,2.70751953125e-06,1,0.026971435546875006,11
0.029296875,6.195544984357753,2.965087890625e-06,1,0.029397583007812506,12
0.03173828125,6.219958984296113,3.193359375e-06,1,0.031838989257812506,13
0.0341796875,6.244372984234474,3.4625244140625e-06,1,0.034280395507812506,14
0.03662109375,6.268786984172834,3.6825561523437504e-06,1,0.0367462158203125,15
0.0390625,6.293200984111195,3.9575195312500005e-06,1,0.03916015625,16
0.04150390625,6.3176149840495555,4.17205810546875e-06,1,0.041607666015625,17
0.0439453125,6.342028983987916,4.4503784179687505e-06,1,0.044049072265625,18
0.04638671875,6.366442983926277,4.66766357421875e-06,1,0.046496582031250004,19
0.048828125,6.390856983864637,4.939270019531251e-06,1,0.048928833007812506,20
0.05126953125,6.415270983802998,5.1635742187500005e-06,1,0.0511474609375,21
0.0537109375,6.439684983741358,5.4290771484375e-06,1,0.053558349609375,22
0.05615234375,6.464098983679719,5.6640625000000005e-06,1,0.0560302734375,23
0.05859375,6.4885129836180795,5.914306640625001e-06,1,0.05841064453125,24
0.06103515625,6.51292698355644,6.161499023437501e-06,1,0.060882568359375,25
0.0634765625,6.537340983494801,6.396484375e-06,1,0.063323974609375,26
0.06591796875,6.561754983433161,6.661987304687501e-06,1,0.06573486328125,27
0.068359375,6.586168983371522,6.884765625000001e-06,1,0.068145751953125,28
0.07080078125,6.610582983309882,7.1563720703125004e-06,1,0.07061767578125,29
0.0732421875,6.634996983248243,7.373046875e-06,1,0.07305908203125,30
0.07568359375,6.6594109831866035,7.65380859375e-06,1,0.07550048828125,31
0.078125,6.683824983124964,7.864379882812501e-06,1,0.07794189453125,32
0.08056640625,6.708238983063325,8.142089843750001e-06,1,0.080352783203125,33
0.0830078125,6.732652983001685,8.36181640625e-06,1,0.08282470703125,34
0.08544921875,6.757066982940046,8.633422851562501e-06,1,0.08526611328125,35
0.087890625,6.781480982878406,8.8592529296875e-06,1,0.087646484375,36
0.09033203125,6.805894982816767,9.11865234375e-06,1,0.090087890625,37
0.0927734375,6.8303089827551275,9.359741210937501e-06,1,0.092529296875,38
0.09521484375,6.854722982693488,9.603881835937501e-06,1,0.094970703125,39
0.09765625,6.879136982631849,9.860229492187502e-06,1,0.097412109375,40
0.10009765625,6.903550982570209,1.0089111328125e-05,1,0.099853515625,41
0.1025390625,6.92796498250857,1.0357666015625001e-05,1,0.102294921875,42
0.10498046875,6.95237898244693,1.05804443359375e-05,1,0.10467529296875,43
0.107421875,6.976792982385291,1.085205078125e-05,1,0.107147216796875,44
0.10986328125,7.001206982323652,1.1065673828125001e-05,1,0.10955810546875,45
0.1123046875,7.025620982262012,1.1346435546875e-05,1,0.11199951171875,46
0.11474609375,7.050034982200373,1.15631103515625e-05,1,0.11444091796875,47
0.1171875,7.074448982138733,1.1834716796875001e-05,1,0.116912841796875,48
0.11962890625,7.098862982077094,1.20574951171875e-05,1,0.11932373046875,49
0.1220703125,7.1232769820154545,1.2322998046875001e-05,1,0.121734619140625,50
0.12451171875,7.147690981953815,1.2557983398437501e-05,1,0.12420654296875,51
0.126953125,7.172104981892176,1.28082275390625e-05,1,0.126617431640625,52
0.12939453125,7.196518981830536,1.3055419921875e-05,1,0.129058837890625,53
0.1318359375,7.220932981768897,1.3293457031250001e-05,1,0.13153076171875,54
0.13427734375,7.245346981707257,1.3555908203125001e-05,1,0.13397216796875,55
0.13671875,7.269760981645618,1.3781738281250002e-05,1,0.1363525390625,56
0.13916015625,7.2941749815839785,1.40533447265625e-05,1,0.138824462890625,57
0.1416015625,7.318588981522339,1.427001953125e-05,1,0.1412353515625,58
0.14404296875,7.3430029814607,1.45477294921875e-05,1,0.143707275390625,59
0.146484375,7.36741698139906,1.47613525390625e-05,1,0.146087646484375,60
0.14892578125,7.391830981337421,1.50390625e-05,1,0.14849853515625,61
0.1513671875,7.416244981275781,1.5255737304687502e-05,1,0.1510009765625,62
0.15380859375,7.440658981214142,1.552734375e-05,1,0.15338134765625,63
0.15625,7.4650729811525025,1.5753173828125e-05,1,0.1558837890625,64
0.15869140625,7.489486981090863,1.60125732421875e-05,1,0.1583251953125,65
0.1611328125,7.513900981029224,1.6253662109375002e-05,1,0.160736083984375,66
0.16357421875,7.538314980967584,1.6497802734375002e-05,1,0.163177490234375,67
0.166015625,7.562728980905945,1.67510986328125e-05,1,0.165557861328125,68
0.16845703125,7.587142980844305,1.6986083984375003e-05,1,0.16802978515625,69
0.1708984375,7.611556980782666,1.72515869140625e-05,1,0.17047119140625,70
0.17333984375,7.6359709807210265,1.74713134765625e-05,1,0.172882080078125,71
0.17578125,7.660384980659387,1.77459716796875e-05,1,0.17529296875,72
0.17822265625,7.684798980597748,1.7962646484375e-05,1,0.177764892578125,73
0.1806640625,7.709212980536108,1.82403564453125e-05,1,0.180206298828125,74
0.18310546875,7.733626980474469,1.845703125e-05,1,0.182647705078125,75
0.185546875,7.758040980412829,1.87286376953125e-05,1,0.185028076171875,76
0.18798828125,7.78245498035119,1.8951416015625e-05,1,0.1875,77
0.1904296875,7.806868980289551,1.92169189453125e-05,1,0.189910888671875,78
0.19287109375,7.831282980227911,1.9448852539062503e-05,1,0.19232177734375,79
0.1953125,7.855696980166272,1.9702148437500002e-05,1,0.19482421875,80
0.19775390625,7.880110980104632,1.9949340820312502e-05,1,0.197235107421875,81
0.2001953125,7.904524980042993,2.0190429687500002e-05,1,0.19964599609375,82
0.20263671875,7.928938979981353,2.04498291015625e-05,1,0.20208740234375,83
0.205078125,7.953352979919714,2.0675659179687503e-05,1,0.20452880859375,84
0.20751953125,7.977766979858075,2.0947265625e-05,1,0.2069091796875,85
0.2099609375,8.002180979796435,2.11639404296875e-05,1,0.209381103515625,86
0.21240234375,8.026594979734796,2.1441650390625e-05,1,0.2117919921875,87
0.21484375,8.051008979673156,2.16552734375e-05,1,0.2142333984375,88
0.21728515625,8.075422979611517,2.19329833984375e-05,1,0.216705322265625,89
0.2197265625,8.099836979549877,2.2149658203125003e-05,1,0.2191162109375,90
0.22216796875,8.124250979488238,2.24212646484375e-05,1,0.2215576171875,91
0.224609375,8.148664979426599,2.2647094726562503e-05,1,0.2239990234375,92
0.22705078125,8.17307897936496,2.29095458984375e-05,1,0.226409912109375,93
0.2294921875,8.19749297930332,2.3147583007812502e-05,1,0.228851318359375,94
0.23193359375,8.22190697924168,2.3394775390625002e-05,1,0.231201171875,95
0.234375,8.246320979180041,2.364501953125e-05,1,0.23370361328125,96
0.23681640625,8.270734979118401,2.3880004882812503e-05,1,0.236175537109375,97
0.2392578125,8.295148979056762,2.41455078125e-05,1,0.23858642578125,98
0.24169921875,8.319562978995123,2.4368286132812503e-05,1,0.240966796875,99
0.244140625,8.343976978933483,2.4639892578125004e-05,1,0.243377685546875,100
0.24658203125,8.368390978871844,2.4856567382812503e-05,1,0.245880126953125,101
0.2490234375,8.392804978810204,2.5134277343750003e-05,1,0.248260498046875,102
0.25146484375,8.417218978748565,2.5350952148437503e-05,1,0.250762939453125,103
0.25390625,8.441632978686926,2.5625610351562503e-05,1,0.253173828125,104
0.25634765625,8.466046978625286,2.5845336914062503e-05,1,0.255584716796875,105
0.2587890625,8.490460978563647,2.61138916015625e-05,1,0.258026123046875,106
0.26123046875,8.514874978502007,2.6345825195312502e-05,1,0.26043701171875,107
0.263671875,8.539288978440368,2.659912109375e-05,1,0.26287841796875,108
0.26611328125,8.563702978378728,2.684326171875e-05,1,0.26531982421875,109
0.2685546875,8.588116978317089,2.7087402343750002e-05,1,0.267791748046875,110
0.27099609375,8.61253097825545,2.734375e-05,1,0.2701416015625,111
0.2734375,8.63694497819381,2.7572631835937502e-05,1,0.272613525390625,112
0.27587890625,8.66135897813217,2.7841186523437503e-05,1,0.2750244140625,113
0.2783203125,8.685772978070531,2.8060913085937503e-05,1,0.2774658203125,114
0.28076171875,8.710186978008892,2.8335571289062503e-05,1,0.2799072265625,115
0.283203125,8.734600977947252,2.8552246093750003e-05,1,0.2823486328125,116
0.28564453125,8.759014977885613,2.8829956054687503e-05,1,0.284759521484375,117
0.2880859375,8.783428977823974,2.9043579101562503e-05,1,0.287200927734375,118
0.29052734375,8.807842977762334,2.9318237304687503e-05,1,0.2896728515625,119
0.29296875,8.832256977700695,2.9541015625000003e-05,1,0.29205322265625,120
0.29541015625,8.856670977639055,2.9803466796875004e-05,1,0.29449462890625,121
0.2978515625,8.881084977577416,3.004150390625e-05,1,0.296905517578125,122
0.30029296875,8.905498977515776,3.03009033203125e-05,1,0.299957275390625,123
0.302734375,8.929912977454137,3.0548095703125003e-05,1,0.3023681640625,124
0.30517578125,8.954326977392498,3.0786132812500004e-05,1,0.3048095703125,125
0.3076171875,8.978740977330858,3.1048583984375e-05,1,0.3072509765625,126
0.31005859375,9.003154977269219,3.1274414062500005e-05,1,0.309722900390625,127
0.3125,9.02756897720758,3.1549072265625e-05,1,0.312164306640625,128
0.31494140625,9.05198297714594,3.1765747070312505e-05,1,0.31463623046875,129
0.3173828125,9.0763969770843,3.204345703125e-05,1,0.31707763671875,130
0.31982421875,9.100810977022661,3.2260131835937505e-05,1,0.31951904296875,131
0.322265625,9.125224976961022,3.25347900390625e-05,1,0.3218994140625,132
0.32470703125,9.149638976899382,3.2754516601562504e-05,1,0.32440185546875,133
0.3271484375,9.174052976837743,3.30230712890625e-05,1,0.326812744140625,134
0.32958984375,9.198466976776103,3.3251953125000004e-05,1,0.3292236328125,135
0.33203125,9.222880976714464,3.350830078125e-05,1,0.331695556640625,136
0.33447265625,9.247294976652825,3.37493896484375e-05,1,0.334075927734375,137
0.3369140625,9.271708976591185,3.399658203125e-05,1,0.3365478515625,138
0.33935546875,9.296122976529546,3.42498779296875e-05,1,0.33905029296875,139
0.341796875,9.320536976467906,3.4481811523437504e-05,1,0.34149169921875,140
0.34423828125,9.344950976406267,3.4747314453125e-05,1,0.343902587890625,141
0.3466796875,9.369364976344627,3.4970092773437504e-05,1,0.346282958984375,142
0.34912109375,9.393778976282988,3.52447509765625e-05,1,0.348724365234375,143
0.3515625,9.418192976221349,3.5458374023437505e-05,1,0.351165771484375,144
0.35400390625,9.44260697615971,3.57391357421875e-05,1,0.3536376953125,145
0.3564453125,9.46702097609807,3.5952758789062504e-05,1,0.35614013671875,146
0.35888671875,9.49143497603643,3.62274169921875e-05,1,0.358551025390625,147
0.361328125,9.51584897597479,3.6450195312500004e-05,1,0.3609619140625,148
0.36376953125,9.540262975913151,3.67156982421875e-05,1,0.3634033203125,149
0.3662109375,9.564676975851512,3.69476318359375e-05,1,0.365814208984375,150
0.36865234375,9.589090975789873,3.7200927734375e-05,1,0.3682861328125,151
0.37109375,9.613504975728233,3.74481201171875e-05,1,0.370697021484375,152
0.37353515625,9.637918975666594,3.76861572265625e-05,1,0.373138427734375,153
0.3759765625,9.662332975604954,3.79486083984375e-05,1,0.3756103515625,154
0.37841796875,9.686746975543315,3.8174438476562504e-05,1,0.3780517578125,155
0.380859375,9.711160975481675,3.84429931640625e-05,1,0.3804931640625,156
0.38330078125,9.735574975420036,3.8662719726562504e-05,1,0.38287353515625,157
0.3857421875,9.759988975358397,3.89404296875e-05,1,0.385345458984375,158
0.38818359375,9.784402975296757,3.9154052734375004e-05,1,0.38775634765625,159
0.390625,9.808816975235118,3.94287109375e-05,1,0.390228271484375,160
0.39306640625,9.833230975173478,3.9648437500000004e-05,1,0.39263916015625,161
0.3955078125,9.857644975111839,3.99200439453125e-05,1,0.395111083984375,162
0.39794921875,9.8820589750502,4.0145874023437503e-05,1,0.397552490234375,163
0.400390625,9.90647297498856,4.04052734375e-05,1,0.399932861328125,164
0.40283203125,9.93088697492692,4.06463623046875e-05,1,0.40240478515625,165
0.4052734375,9.955300974865281,4.08935546875e-05,1,0.404815673828125,166
0.40771484375,9.979714974803642,4.11468505859375e-05,1,0.407318115234375,167
0.41015625,10.004128974742002,4.13787841796875e-05,1,0.409698486328125,168
0.41259765625,10.028542974680363,4.1644287109375e-05,1,0.41217041015625,169
0.4150390625,10.052956974618724,4.1867065429687504e-05,1,0.41461181640625,170
0.41748046875,10.077370974557084,4.21417236328125e-05,1,0.417083740234375,171
0.419921875,10.101784974495445,4.2355346679687504e-05,1,0.419525146484375,172
0.42236328125,10.126198974433805,4.2633056640625e-05,1,0.421875,173
0.4248046875,10.150612974372166,4.2849731445312504e-05,1,0.424346923828125,174
0.42724609375,10.175026974310526,4.31243896484375e-05,1,0.4267578125,175
0.4296875,10.199440974248887,4.3344116210937504e-05,1,0.429229736328125,176
0.43212890625,10.223854974187248,4.36126708984375e-05,1,0.431640625,177
0.4345703125,10.248268974125608,4.3841552734375e-05,1,0.43414306640625,178
0.43701171875,10.272682974063969,4.4097900390625e-05,1,0.43658447265625,179
0.439453125,10.29709697400233,4.4342041015625e-05,1,0.438934326171875,180
0.44189453125,10.32151097394069,4.45831298828125e-05,1,0.44140625,181
0.4443359375,10.34592497387905,4.4842529296875e-05,1,0.443878173828125,182
0.44677734375,10.370338973817411,4.5068359375000003e-05,1,0.446258544921875,183
0.44921875,10.394752973755772,4.53369140625e-05,1,0.44873046875,184
0.45166015625,10.419166973694132,4.5556640625000004e-05,1,0.451171875,185
0.4541015625,10.443580973632493,4.58343505859375e-05,1,0.45361328125,186
0.45654296875,10.467994973570853,4.6047973632812504e-05,1,0.4560546875,187
0.458984375,10.492408973509214,4.632568359375e-05,1,0.458465576171875,188
0.46142578125,10.516822973447574,4.6542358398437504e-05,1,0.460906982421875,189
0.4638671875,10.541236973385935,4.681396484375e-05,1,0.463409423828125,190
0.46630859375,10.565650973324296,4.7039794921875e-05,1,0.4658203125,191
0.46875,10.590064973262656,4.730224609375e-05,1,0.46820068359375,192
0.47119140625,10.614478973201017,4.7540283203125e-05,1,0.47064208984375,193
0.4736328125,10.638892973139377,4.77874755859375e-05,1,0.473114013671875,194
0.47607421875,10.663306973077738,4.8040771484375e-05,1,0.475555419921875,195
0.478515625,10.687720973016098,4.8272705078125e-05,1,0.47796630859375,196
0.48095703125,10.712134972954459,4.85382080078125e-05,1,0.48040771484375,197
0.4833984375,10.73654897289282,4.8760986328125e-05,1,0.482940673828125,198
0.48583984375,10.76096297283118,4.903564453125e-05,1,0.48529052734375,199
0.48828125,10.78537697276954,4.9249267578125004e-05,1,0.48773193359375,200
0.49072265625,10.809790972707901,4.9530029296875e-05,1,0.490203857421875,201
0.4931640625,10.834204972646262,4.9743652343750004e-05,1,0.49261474609375,202
0.49560546875,10.858618972584622,5.0018310546875e-05,1,0.495025634765625,203
0.498046875,10.883032972522983,5.0231933593750004e-05,1,0.497467041015625,204
0.50048828125,10.907446972461344,5.0506591796875e-05,1,0.499969482421875,205
0.5029296875,10.931860972399704,5.0750732421875e-05,1,0.5023193359375,206
0.50537109375,10.956274972338065,5.0994873046875e-05,1,0.50482177734375,207
0.5078125,10.980688972276425,5.1239013671875e-05,1,0.50726318359375,208
0.51025390625,11.005102972214786,5.1483154296875e-05,1,0.509674072265625,209
0.5126953125,11.029516972153147,5.1757812500000005e-05,1,0.512054443359375,210
0.51513671875,11.053930972091507,5.1971435546875e-05,1,0.5145263671875,211
0.517578125,11.078344972029868,5.2246093750000006e-05,1,0.51702880859375,212
0.52001953125,11.102758971968228,5.2459716796875e-05,1,0.519439697265625,213
0.5224609375,11.127172971906589,5.2734375e-05,1,0.52178955078125,214
0.52490234375,11.15158697184495,5.2947998046875e-05,1,0.5242919921875,215
0.52734375,11.17600097178331,5.322265625e-05,1,0.52667236328125,216
0.52978515625,11.20041497172167,5.3436279296875003e-05,1,0.5291748046875,217
0.5322265625,11.224828971660031,5.37109375e-05,1,0.5316162109375,218
0.53466796875,11.249242971598392,5.3955078125e-05,1,0.5340576171875,219
0.537109375,11.273656971536752,5.419921875e-05,1,0.536468505859375,220
0.53955078125,11.298070971475113,5.4443359375e-05,1,0.538909912109375,221
0.5419921875,11.322484971413473,5.46875e-05,1,0.5413818359375,222
0.54443359375,11.346898971351834,5.4931640625e-05,1,0.5438232421875,223
0.546875,11.371312971290195,5.517578125e-05,1,0.5462646484375,224
0.54931640625,11.395726971228555,5.5450439453125005e-05,1,0.548675537109375,225
0.5517578125,11.420140971166916,5.56640625e-05,1,0.551116943359375,226
0.55419921875,11.444554971105276,5.5938720703125006e-05,1,0.55364990234375,227
0.556640625,11.468968971043637,5.615234375e-05,1,0.5560302734375,228
0.55908203125,11.493382970981997,5.6427001953125006e-05,1,0.55841064453125,229
0.5615234375,11.517796970920358,5.6640625e-05,1,0.56085205078125,230
0.56396484375,11.542210970858719,5.6915283203125e-05,1,0.563323974609375,231
0.56640625,11.56662497079708,5.712890625e-05,1,0.56573486328125,232
0.56884765625,11.59103897073544,5.7403564453125e-05,1,0.568145751953125,233
0.5712890625,11.6154529706738,5.7647705078125e-05,1,0.570648193359375,234
0.57373046875,11.639866970612161,5.7891845703125e-05,1,0.573028564453125,235
0.576171875,11.664280970550521,5.8135986328125e-05,1,0.57550048828125,236
0.57861328125,11.688694970488882,5.8380126953125e-05,1,0.578033447265625,237
0.5810546875,11.713108970427243,5.8654785156250005e-05,1,0.580352783203125,238
0.58349609375,11.737522970365603,5.8868408203125e-05,1,0.582794189453125,239
0.5859375,11.761936970303964,5.9143066406250005e-05,1,0.58526611328125,240
0.58837890625,11.786350970242324,5.9356689453125e-05,1,0.58770751953125,241
0.5908203125,11.810764970180685,5.9631347656250006e-05,1,0.590179443359375,242
0.59326171875,11.835178970119046,5.9844970703125e-05,1,0.592620849609375,243
0.595703125,11.859592970057406,6.0119628906250006e-05,1,0.59503173828125,244
0.59814453125,11.884006969995767,6.0333251953125e-05,1,0.597442626953125,245
0.6005859375,11.908420969934127,6.0638427734375e-05,1,0.59991455078125,246
0.60302734375,11.932834969872488,6.085205078125e-05,1,0.602325439453125,247
0.60546875,11.957248969810848,6.109619140625001e-05,1,0.604827880859375,248
0.60791015625,11.981662969749209,6.134033203125001e-05,1,0.60723876953125,249
0.6103515625,12.00607696968757,6.158447265625001e-05,1,0.609649658203125,250
0.61279296875,12.03049096962593,6.182861328125001e-05,1,0.612060546875,251
0.615234375,12.05490496956429,6.207275390625001e-05,1,0.614501953125,252
0.61767578125,12.079318969502651,6.2347412109375e-05,1,0.616912841796875,253
0.6201171875,12.103732969441012,6.256103515625001e-05,1,0.619354248046875,254
0.62255859375,12.128146969379372,6.2835693359375e-05,1,0.621856689453125,255
0.625,12.152560969317733,6.304931640625001e-05,1,0.62432861328125,256
0.62744140625,12.176974969256094,6.3323974609375e-05,1,0.626708984375,257
0.6298828125,12.201388969194454,6.353759765625001e-05,1,0.629150390625,258
0.63232421875,12.225802969132815,6.3812255859375e-05,1,0.631591796875,259
0.634765625,12.250216969071175,6.402587890625001e-05,1,0.634063720703125,260
0.63720703125,12.274630969009536,6.4300537109375e-05,1,0.636474609375,261
0.6396484375,12.299044968947896,6.4544677734375e-05,1,0.638946533203125,262
0.64208984375,12.323458968886257,6.4788818359375e-05,1,0.641326904296875,263
0.64453125,12.347872968824618,6.503295898437501e-05,1,0.64373779296875,264
0.64697265625,12.372286968762978,6.527709960937501e-05,1,0.646240234375,265
0.6494140625,12.396700968701339,6.552124023437501e-05,1,0.648681640625,266
0.65185546875,12.4211149686397,6.576538085937501e-05,1,0.651092529296875,267
0.654296875,12.44552896857806,6.60400390625e-05,1,0.653564453125,268
0.65673828125,12.46994296851642,6.625366210937501e-05,1,0.656036376953125,269
0.6591796875,12.494356968454781,6.65283203125e-05,1,0.658447265625,270
0.66162109375,12.518770968393142,6.674194335937501e-05,1,0.660888671875,271
0.6640625,12.543184968331502,6.70166015625e-05,1,0.663299560546875,272
0.66650390625,12.567598968269863,6.723022460937501e-05,1,0.66571044921875,273
0.6689453125,12.592012968208223,6.75048828125e-05,1,0.668212890625,274
0.67138671875,12.616426968146584,6.771850585937501e-05,1,0.670623779296875,275
0.673828125,12.640840968084945,6.79931640625e-05,1,0.67303466796875,276
0.67626953125,12.665254968023305,6.82373046875e-05,1,0.67547607421875,277
0.6787109375,12.689668967961666,6.84814453125e-05,1,0.677947998046875,278
0.68115234375,12.714082967900026,6.872558593750001e-05,1,0.680389404296875,279
0.68359375,12.738496967838387,6.896972656250001e-05,1,0.68280029296875,280
0.68603515625,12.762910967776747,6.921386718750001e-05,1,0.68524169921875,281
0.6884765625,12.787324967715108,6.945800781250001e-05,1,0.687713623046875,282
0.69091796875,12.811738967653469,6.9732666015625e-05,1,0.69012451171875,283
0.693359375,12.836152967591829,6.994628906250001e-05,1,0.69256591796875,284
0.69580078125,12.86056696753019,7.0220947265625e-05,1,0.6949462890625,285
0.6982421875,12.88498096746855,7.043457031250001e-05,1,0.69744873046875,286
0.70068359375,12.90939496740691,7.0709228515625e-05,1,0.69989013671875,287
0.703125,12.933808967345271,7.092285156250001e-05,1,0.702362060546875,288
0.70556640625,12.958222967283632,7.1197509765625e-05,1,0.70477294921875,289
0.7080078125,12.982636967221993,7.1441650390625e-05,1,0.707183837890625,290
0.71044921875,13.007050967160353,7.1685791015625e-05,1,0.709625244140625,291
0.712890625,13.031464967098714,7.1929931640625e-05,1,0.712066650390625,292
0.71533203125,13.055878967037074,7.2174072265625e-05,1,0.7144775390625,293
0.7177734375,13.080292966975435,7.2418212890625e-05,1,0.717010498046875,294
0.72021484375,13.104706966913795,7.266235351562501e-05,1,0.719390869140625,295
0.72265625,13.129120966852156,7.293701171875e-05,1,0.7218017578125,296
0.72509765625,13.153534966790517,7.315063476562501e-05,1,0.72430419921875,297
0.7275390625,13.177948966728877,7.342529296875e-05,1,0.726654052734375,298
0.72998046875,13.202362966667238,7.363891601562501e-05,1,0.729156494140625,299
0.732421875,13.226776966605598,7.391357421875e-05,1,0.731597900390625,300
0.73486328125,13.251190966543959,7.412719726562501e-05,1,0.733978271484375,301
0.7373046875,13.27560496648232,7.440185546875e-05,1,0.7364501953125,302
0.73974609375,13.30001896642068,7.461547851562501e-05,1,0.7388916015625,303
0.7421875,13.32443296635904,7.489013671875e-05,1,0.7413330078125,304
0.74462890625,13.348846966297401,7.513427734375e-05,1,0.743743896484375,305
0.7470703125,13.373260966235762,7.537841796875e-05,1,0.7462158203125,306
0.74951171875,13.397674966174122,7.562255859375e-05,1,0.7486572265625,307
0.751953125,13.422088966112483,7.586669921875e-05,1,0.750732421875,308
0.75439453125,13.446502966050843,7.6141357421875e-05,1,0.75347900390625,309
0.7568359375,13.470916965989204,7.635498046875001e-05,1,0.75592041015625,310
0.75927734375,13.495330965927565,7.6629638671875e-05,1,0.75775146484375,311
0.76171875,13.519744965865925,7.684326171875001e-05,1,0.760498046875,312
0.76416015625,13.544158965804286,7.7117919921875e-05,1,0.76324462890625,313
0.7666015625,13.568572965742646,7.733154296875001e-05,1,0.76507568359375,314
0.76904296875,13.592986965681007,7.7606201171875e-05,1,0.76751708984375,315
0.771484375,13.617400965619368,7.781982421875001e-05,1,0.770263671875,316
0.77392578125,13.641814965557728,7.8094482421875e-05,1,0.77301025390625,317
0.7763671875,13.666228965496089,7.830810546875001e-05,1,0.77484130859375,318
0.77880859375,13.69064296543445,7.8582763671875e-05,1,0.777587890625,319
0.78125,13.71505696537281,7.8826904296875e-05,1,0.780029296875,320
0.78369140625,13.73947096531117,7.9071044921875e-05,1,0.782470703125,321
0.7861328125,13.763884965249531,7.9315185546875e-05,1,0.78521728515625,322
0.78857421875,13.788298965187892,7.9559326171875e-05,1,0.78765869140625,323
0.791015625,13.812712965126252,7.9803466796875e-05,1,0.79010009765625,324
0.79345703125,13.837126965064613,8.0047607421875e-05,1,0.79193115234375,325
0.7958984375,13.861540965002973,8.0322265625e-05,1,0.794677734375,326
0.79833984375,13.885954964941334,8.053588867187501e-05,1,0.7965087890625,327
0.80078125,13.910368964879694,8.0810546875e-05,1,0.79986572265625,328
0.80322265625,13.934782964818055,8.102416992187501e-05,1,0.802001953125,329
0.8056640625,13.959196964756416,8.1298828125e-05,1,0.8038330078125,330
0.80810546875,13.983610964694776,8.151245117187501e-05,1,0.806884765625,331
0.810546875,14.008024964633137,8.1787109375e-05,1,0.809326171875,332
0.81298828125,14.032438964571497,8.200073242187501e-05,1,0.81146240234375,333
0.8154296875,14.056852964509858,8.2275390625e-05,1,0.814208984375,334
0.81787109375,14.081266964448218,8.251953125e-05,1,0.8172607421875,335
0.8203125,14.105680964386579,8.2763671875e-05,1,0.819091796875,336
0.82275390625,14.13009496432494,8.30078125e-05,1,0.8209228515625,337
0.8251953125,14.1545089642633,8.3251953125e-05,1,0.82366943359375,338
0.82763671875,14.17892296420166,8.3526611328125e-05,1,0.826416015625,339
0.830078125,14.203336964140021,8.3740234375e-05,1,0.828857421875,340
0.83251953125,14.227750964078382,8.4014892578125e-05,1,0.83160400390625,341
0.8349609375,14.252164964016742,8.422851562500001e-05,1,0.8331298828125,342
0.83740234375,14.276578963955103,8.4503173828125e-05,1,0.83587646484375,343
0.83984375,14.300992963893464,8.471679687500001e-05,1,0.83892822265625,344
0.84228515625,14.325406963831824,8.4991455078125e-05,1,0.84136962890625,345
0.8447265625,14.349820963770185,8.520507812500001e-05,1,0.843505859375,346
0.84716796875,14.374234963708545,8.5479736328125e-05,1,0.84564208984375,347
0.849609375,14.398648963646906,8.5723876953125e-05,1,0.8477783203125,348
0.85205078125,14.423062963585267,8.5968017578125e-05,1,0.85113525390625,349
0.8544921875,14.447476963523627,8.6212158203125e-05,1,0.853271484375,350
0.85693359375,14.471890963461988,8.6456298828125e-05,1,0.85540771484375,351
0.859375,14.496304963400348,8.6700439453125e-05,1,0.8575439453125,352
0.86181640625,14.520718963338709,8.6944580078125e-05,1,0.86029052734375,353
0.8642578125,14.54513296327707,8.721923828125e-05,1,0.86273193359375,354
0.86669921875,14.56954696321543,8.7432861328125e-05,1,0.86578369140625,355
0.869140625,14.59396096315379,8.770751953125e-05,1,0.86761474609375,356
0.87158203125,14.618374963092151,8.792114257812501e-05,1,0.87005615234375,357
0.8740234375,14.642788963030512,8.819580078125e-05,1,0.872802734375,358
0.87646484375,14.667202962968872,8.840942382812501e-05,1,0.87493896484375,359
0.87890625,14.691616962907233,8.868408203125e-05,1,0.87738037109375,360
0.88134765625,14.716030962845593,8.889770507812501e-05,1,0.880126953125,361
0.8837890625,14.740444962783954,8.917236328125e-05,1,0.88226318359375,362
0.88623046875,14.764858962722315,8.941650390625e-05,1,0.88531494140625,363
0.888671875,14.789272962660675,8.966064453125e-05,1,0.887451171875,364
0.89111328125,14.813686962599036,8.990478515625e-05,1,0.88958740234375,365
0.8935546875,14.838100962537396,9.014892578125e-05,1,0.8917236328125,366
0.89599609375,14.862514962475757,9.0423583984375e-05,1,0.894775390625,367
0.8984375,14.886928962414117,9.063720703125e-05,1,0.89691162109375,368
0.90087890625,14.911342962352478,9.0911865234375e-05,1,0.899658203125,369
0.9033203125,14.935756962290839,9.112548828125e-05,1,0.90179443359375,370
0.90576171875,14.9601709622292,9.1400146484375e-05,1,0.90423583984375,371
0.908203125,14.98458496216756,9.161376953125001e-05,1,0.90728759765625,372
0.91064453125,15.00899896210592,9.1888427734375e-05,1,0.909423828125,373
0.9130859375,15.033412962044281,9.210205078125001e-05,1,0.911865234375,374
0.91552734375,15.057826961982641,9.2376708984375e-05,1,0.9136962890625,375
0.91796875,15.082240961921002,9.2620849609375e-05,1,0.91705322265625,376
0.92041015625,15.106654961859363,9.2864990234375e-05,1,0.9185791015625,377
0.9228515625,15.131068961797723,9.3109130859375e-05,1,0.921630859375,378
0.92529296875,15.155482961736084,9.3353271484375e-05,1,0.924072265625,379
0.927734375,15.179896961674444,9.3597412109375e-05,1,0.92620849609375,380
0.93017578125,15.204310961612805,9.3841552734375e-05,1,0.92864990234375,381
0.9326171875,15.228724961551166,9.41162109375e-05,1,0.931396484375,382
0.93505859375,15.253138961489526,9.4329833984375e-05,1,0.93353271484375,383
0.9375,15.277552961427887,9.46044921875e-05,1,0.93597412109375,384
0.93994140625,15.301966961366247,9.4818115234375e-05,1,0.9381103515625,385
0.9423828125,15.326380961304608,9.50927734375e-05,1,0.9405517578125,386
0.94482421875,15.350794961242968,9.5306396484375e-05,1,0.9429931640625,387
0.947265625,15.375208961181329,9.55810546875e-05,1,0.946044921875,388
0.94970703125,15.39962296111969,9.579467773437501e-05,1,0.948486328125,389
0.9521484375,15.42403696105805,9.60693359375e-05,1,0.95062255859375,390
0.95458984375,15.44845096099641,9.63134765625e-05,1,0.953369140625,391
0.95703125,15.472864960934771,9.65576171875e-05,1,0.95550537109375,392
0.95947265625,15.497278960873132,9.68017578125e-05,1,0.958251953125,393
0.9619140625,15.521692960811492,9.70458984375e-05,1,0.95977783203125,394
0.96435546875,15.546106960749853,9.72900390625e-05,1,0.963134765625,395
0.966796875,15.570520960688214,9.75341796875e-05,1,0.96527099609375,396
0.96923828125,15.594934960626574,9.7808837890625e-05,1,0.96771240234375,397
0.9716796875,15.619348960564935,9.80224609375e-05,1,0.97015380859375,398
0.97412109375,15.643762960503295,9.8297119140625e-05,1,0.972900390625,399
0.9765625,15.668176960441656,9.85107421875e-05,1,0.975341796875,400
0.97900390625,15.692590960380016,9.8785400390625e-05,1,0.97808837890625,401
0.9814453125,15.717004960318377,9.89990234375e-05,1,0.9796142578125,402
0.98388671875,15.741418960256738,9.9273681640625e-05,1,0.98236083984375,403
0.986328125,15.765832960195098,9.9517822265625e-05,1,0.9844970703125,404
0.98876953125,15.790246960133459,9.9761962890625e-05,1,0.98724365234375,405
0.9912109375,15.81466096007182,0.000100006103515625,1,0.989990234375,406
0.99365234375,15.83907496001018,0.000100250244140625,1,0.99273681640625,407
0.99609375,15.86348895994854,0.000100494384765625,1,0.9942626953125,408
0.99853515625,15.887902959886901,0.000100738525390625,1,0.99700927734375,409
1.0009765625,15.912316959825262,0.00010101318359375,1,0.999755859375,410
0.99853515625,15.936730959763622,0.000100738525390625,1,0.997314453125,411
0.99609375,15.961144959701983,0.00010052490234375,1,0.99517822265625,412
0.99365234375,15.985558959640343,0.000100250244140625,1,0.99212646484375,413
0.9912109375,16.009972959578704,0.00010003662109375,1,0.98907470703125,414
0.98876953125,16.034386959517064,9.9761962890625e-05,1,0.98724365234375,415
0.986328125,16.058800959455425,9.9517822265625e-05,1,0.98480224609375,416
0.98388671875,16.083214959393786,9.9273681640625e-05,1,0.98236083984375,417
0.9814453125,16.107628959332146,9.9029541015625e-05,1,0.9796142578125,418
0.97900390625,16.132042959270507,9.8785400390625e-05,1,0.97747802734375,419
0.9765625,16.156456959208867,9.8541259765625e-05,1,0.975341796875,420
0.97412109375,16.180870959147228,9.8297119140625e-05,1,0.9722900390625,421
0.9716796875,16.20528495908559,9.80224609375e-05,1,0.97015380859375,422
0.96923828125,16.22969895902395,9.7808837890625e-05,1,0.96832275390625,423
0.966796875,16.25411295896231,9.75341796875e-05,1,0.96527099609375,424
0.96435546875,16.27852695890067,9.7320556640625e-05,1,0.9625244140625,425
0.9619140625,16.30294095883903,9.70458984375e-05,1,0.96038818359375,426
0.95947265625,16.32735495877739,9.6832275390625e-05,1,0.95794677734375,427
0.95703125,16.351768958715752,9.652709960937501e-05,1,0.955810546875,428
0.95458984375,16.376182958654113,9.63134765625e-05,1,0.9527587890625,429
0.9521484375,16.400596958592473,9.603881835937501e-05,1,0.95062255859375,430
0.94970703125,16.425010958530834,9.58251953125e-05,1,0.94818115234375,431
0.947265625,16.449424958469194,9.555053710937501e-05,1,0.9454345703125,432
0.94482421875,16.473838958407555,9.53369140625e-05,1,0.9429931640625,433
0.9423828125,16.498252958345915,9.5062255859375e-05,1,0.9417724609375,434
0.93994140625,16.522666958284276,9.48486328125e-05,1,0.93841552734375,435
0.9375,16.547080958222637,9.4573974609375e-05,1,0.93597412109375,436
0.93505859375,16.571494958160997,9.4329833984375e-05,1,0.93353271484375,437
0.9326171875,16.595908958099358,9.4085693359375e-05,1,0.931396484375,438
0.93017578125,16.62032295803772,9.3841552734375e-05,1,0.92864990234375,439
0.927734375,16.64473695797608,9.36279296875e-05,1,0.926513671875,440
0.92529296875,16.66915095791444,9.3353271484375e-05,1,0.9234619140625,441
0.9228515625,16.6935649578528,9.31396484375e-05,1,0.92132568359375,442
0.92041015625,16.71797895779116,9.283447265625001e-05,1,0.9185791015625,443
0.91796875,16.74239295772952,9.2620849609375e-05,1,0.916748046875,444
0.91552734375,16.76680695766788,9.234619140625001e-05,1,0.914306640625,445
0.9130859375,16.791220957606242,9.2132568359375e-05,1,0.91156005859375,446
0.91064453125,16.815634957544603,9.1888427734375e-05,1,0.909423828125,447
0.908203125,16.840048957482963,9.1644287109375e-05,1,0.906982421875,448
0.90576171875,16.864462957421324,9.136962890625e-05,1,0.9039306640625,449
0.9033203125,16.888876957359685,9.1156005859375e-05,1,0.90240478515625,450
0.90087890625,16.913290957298045,9.0911865234375e-05,1,0.89935302734375,451
0.8984375,16.937704957236406,9.063720703125e-05,1,0.89691162109375,452
0.89599609375,16.962118957174766,9.0423583984375e-05,1,0.89447021484375,453
0.8935546875,16.986532957113127,9.014892578125e-05,1,0.892333984375,454
0.89111328125,17.010946957051488,8.9935302734375e-05,1,0.88958740234375,455
0.888671875,17.035360956989848,8.963012695312501e-05,1,0.88714599609375,456
0.88623046875,17.05977495692821,8.941650390625e-05,1,0.88470458984375,457
0.8837890625,17.08418895686657,8.914184570312501e-05,1,0.88226318359375,458
0.88134765625,17.10860295680493,8.892822265625e-05,1,0.8795166015625,459
0.87890625,17.13301695674329,8.865356445312501e-05,1,0.87738037109375,460
0.87646484375,17.15743095668165,8.843994140625e-05,1,0.87493896484375,461
0.8740234375,17.18184495662001,8.816528320312501e-05,1,0.872802734375,462
0.87158203125,17.206258956558372,8.795166015625e-05,1,0.870361328125,463
0.869140625,17.230672956496733,8.7677001953125e-05,1,0.86761474609375,464
0.86669921875,17.255086956435093,8.7432861328125e-05,1,0.8648681640625,465
0.8642578125,17.279500956373454,8.721923828125e-05,1,0.863037109375,466
0.86181640625,17.303914956311814,8.6944580078125e-05,1,0.86029052734375,467
0.859375,17.328328956250175,8.673095703125e-05,1,0.858154296875,468
0.85693359375,17.352742956188536,8.6456298828125e-05,1,0.85540771484375,469
0.8544921875,17.377156956126896,8.6212158203125e-05,1,0.85296630859375,470
0.85205078125,17.401570956065257,8.593750000000001e-05,1,0.85052490234375,471
0.849609375,17.425984956003617,8.5723876953125e-05,1,0.84808349609375,472
0.84716796875,17.450398955941978,8.5479736328125e-05,1,0.84625244140625,473
0.8447265625,17.47481295588034,8.5235595703125e-05,1,0.84320068359375,474
0.84228515625,17.4992269558187,8.496093750000001e-05,1,0.84075927734375,475
0.83984375,17.52364095575706,8.4747314453125e-05,1,0.838623046875,476
0.83740234375,17.54805495569542,8.4503173828125e-05,1,0.836181640625,477
0.8349609375,17.57246895563378,8.4259033203125e-05,1,0.83343505859375,478
0.83251953125,17.59688295557214,8.4014892578125e-05,1,0.83099365234375,479
0.830078125,17.621296955510502,8.3740234375e-05,1,0.82855224609375,480
0.82763671875,17.645710955448862,8.3526611328125e-05,1,0.82611083984375,481
0.8251953125,17.670124955387223,8.3251953125e-05,1,0.823974609375,482
0.82275390625,17.694538955325584,8.3038330078125e-05,1,0.821533203125,483
0.8203125,17.718952955263944,8.2763671875e-05,1,0.819091796875,484
0.81787109375,17.743366955202305,8.2550048828125e-05,1,0.816650390625,485
0.8154296875,17.767780955140665,8.224487304687501e-05,1,0.8135986328125,486
0.81298828125,17.792194955079026,8.203125e-05,1,0.8111572265625,487
0.810546875,17.816608955017387,8.175659179687501e-05,1,0.80902099609375,488
0.80810546875,17.841022954955747,8.154296875e-05,1,0.806884765625,489
0.8056640625,17.865436954894108,8.126831054687501e-05,1,0.80413818359375,490
0.80322265625,17.88985095483247,8.10546875e-05,1,0.802001953125,491
0.80078125,17.91426495477083,8.078002929687501e-05,1,0.79925537109375,492
0.79833984375,17.93867895470919,8.053588867187501e-05,1,0.79681396484375,493
0.7958984375,17.96309295464755,8.029174804687501e-05,1,0.794677734375,494
0.79345703125,17.98750695458591,8.0047607421875e-05,1,0.792236328125,495
0.791015625,18.01192095452427,7.9803466796875e-05,1,0.789794921875,496
0.78857421875,18.03633495446263,7.9559326171875e-05,1,0.787353515625,497
0.7861328125,18.060748954400992,7.9315185546875e-05,1,0.78460693359375,498
0.78369140625,18.085162954339353,7.904052734375001e-05,1,0.78216552734375,499
0.78125,18.109576954277713,7.8826904296875e-05,1,0.780029296875,500
0.77880859375,18.133990954216074,7.855224609375001e-05,1,0.7769775390625,501
0.7763671875,18.158404954154435,7.8338623046875e-05,1,0.77484130859375,502
0.77392578125,18.182818954092795,7.806396484375001e-05,1,0.77239990234375,503
0.771484375,18.207232954031156,7.7850341796875e-05,1,0.77056884765625,504
0.76904296875,18.231646953969516,7.7606201171875e-05,1,0.767822265625,505
0.7666015625,18.256060953907877,7.7362060546875e-05,1,0.765380859375,506
0.76416015625,18.280474953846237,7.7117919921875e-05,1,0.7635498046875,507
0.76171875,18.304888953784598,7.684326171875001e-05,1,0.7611083984375,508
0.75927734375,18.32930295372296,7.6629638671875e-05,1,0.75836181640625,509
0.7568359375,18.35371695366132,7.635498046875001e-05,1,0.75592041015625,510
0.75439453125,18.37813095359968,7.6141357421875e-05,1,0.753173828125,511
0.751953125,18.40254495353804,7.586669921875e-05,1,0.750732421875,512
0.74951171875,18.4269589534764,7.5653076171875e-05,1,0.748687744140625,513
0.7470703125,18.45137295341476,7.537841796875e-05,1,0.74615478515625,514
0.74462890625,18.475786953353122,7.5164794921875e-05,1,0.7437744140625,515
0.7421875,18.500200953291483,7.489013671875e-05,1,0.741302490234375,516
0.73974609375,18.524614953229843,7.464599609375e-05,1,0.7388916015625,517
0.7373046875,18.549028953168204,7.440185546875e-05,1,0.736419677734375,518
0.73486328125,18.573442953106564,7.415771484375e-05,1,0.7340087890625,519
0.732421875,18.597856953044925,7.391357421875e-05,1,0.7315673828125,520
0.72998046875,18.622270952983285,7.366943359375e-05,1,0.7291259765625,521
0.7275390625,18.646684952921646,7.342529296875e-05,1,0.726715087890625,522
0.72509765625,18.671098952860007,7.315063476562501e-05,1,0.7242431640625,523
0.72265625,18.695512952798367,7.293701171875e-05,1,0.721832275390625,524
0.72021484375,18.719926952736728,7.266235351562501e-05,1,0.719451904296875,525
0.7177734375,18.74434095267509,7.244873046875e-05,1,0.716949462890625,526
0.71533203125,18.76875495261345,7.2174072265625e-05,1,0.71453857421875,527
0.712890625,18.79316895255181,7.196044921875e-05,1,0.712066650390625,528
0.71044921875,18.81758295249017,7.165527343750001e-05,1,0.709564208984375,529
0.7080078125,18.84199695242853,7.1441650390625e-05,1,0.70721435546875,530
0.70556640625,18.86641095236689,7.116699218750001e-05,1,0.704803466796875,531
0.703125,18.890824952305252,7.0953369140625e-05,1,0.702362060546875,532
0.70068359375,18.915238952243612,7.067871093750001e-05,1,0.69989013671875,533
0.6982421875,18.939652952181973,7.0465087890625e-05,1,0.697479248046875,534
0.69580078125,18.964066952120334,7.0220947265625e-05,1,0.695037841796875,535
0.693359375,18.988480952058694,6.994628906250001e-05,1,0.692596435546875,536
0.69091796875,19.012894951997055,6.9732666015625e-05,1,0.69012451171875,537
0.6884765625,19.037308951935415,6.945800781250001e-05,1,0.68768310546875,538
0.68603515625,19.061722951873776,6.9244384765625e-05,1,0.685302734375,539
0.68359375,19.086136951812136,6.896972656250001e-05,1,0.68280029296875,540
0.68115234375,19.110550951750497,6.8756103515625e-05,1,0.680389404296875,541
0.6787109375,19.134964951688858,6.84814453125e-05,1,0.677978515625,542
0.67626953125,19.159378951627218,6.8267822265625e-05,1,0.675445556640625,543
0.673828125,19.18379295156558,6.79931640625e-05,1,0.673065185546875,544
0.67138671875,19.20820695150394,6.77490234375e-05,1,0.670654296875,545
0.6689453125,19.2326209514423,6.75048828125e-05,1,0.66815185546875,546
0.66650390625,19.25703495138066,6.72607421875e-05,1,0.665740966796875,547
0.6640625,19.28144895131902,6.70166015625e-05,1,0.663299560546875,548
0.66162109375,19.30586295125738,6.67724609375e-05,1,0.660858154296875,549
0.6591796875,19.330276951195742,6.65283203125e-05,1,0.658416748046875,550
0.65673828125,19.354690951134103,6.625366210937501e-05,1,0.655975341796875,551
0.654296875,19.379104951072463,6.60400390625e-05,1,0.653564453125,552
0.65185546875,19.403518951010824,6.576538085937501e-05,1,0.651123046875,553
0.6494140625,19.427932950949184,6.55517578125e-05,1,0.648712158203125,554
0.64697265625,19.452346950887545,6.527709960937501e-05,1,0.646209716796875,555
0.64453125,19.476760950825906,6.50634765625e-05,1,0.643768310546875,556
0.64208984375,19.501174950764266,6.475830078125e-05,1,0.641326904296875,557
0.6396484375,19.525588950702627,6.4544677734375e-05,1,0.638885498046875,558
0.63720703125,19.550002950640987,6.427001953125001e-05,1,0.636444091796875,559
0.634765625,19.574416950579348,6.4056396484375e-05,1,0.634063720703125,560
0.63232421875,19.59883095051771,6.378173828125001e-05,1,0.63165283203125,561
0.6298828125,19.62324495045607,6.3568115234375e-05,1,0.629180908203125,562
0.62744140625,19.64765895039443,6.329345703125001e-05,1,0.626739501953125,563
0.625,19.67207295033279,6.304931640625001e-05,1,0.624298095703125,564
0.62255859375,19.69648695027115,6.2835693359375e-05,1,0.621856689453125,565
0.6201171875,19.72090095020951,6.256103515625001e-05,1,0.619354248046875,566
0.61767578125,19.745314950147872,6.2347412109375e-05,1,0.616973876953125,567
0.615234375,19.769728950086233,6.207275390625001e-05,1,0.614501953125,568
0.61279296875,19.794142950024593,6.1859130859375e-05,1,0.61212158203125,569
0.6103515625,19.818556949962954,6.158447265625001e-05,1,0.609619140625,570
0.60791015625,19.842970949901314,6.1370849609375e-05,1,0.607208251953125,571
0.60546875,19.867384949839675,6.109619140625001e-05,1,0.604827880859375,572
0.60302734375,19.891798949778035,6.0882568359375e-05,1,0.602325439453125,573
0.6005859375,19.916212949716396,6.060791015625e-05,1,0.59991455078125,574
0.59814453125,19.940626949654757,6.0363769531250006e-05,1,0.597503662109375,575
0.595703125,19.965040949593117,6.0119628906250006e-05,1,0.59503173828125,576
0.59326171875,19.989454949531478,5.9875488281250006e-05,1,0.59259033203125,577
0.5908203125,20.01386894946984,5.9631347656250006e-05,1,0.590118408203125,578
0.58837890625,20.0382829494082,5.9387207031250005e-05,1,0.58770751953125,579
0.5859375,20.06269694934656,5.9143066406250005e-05,1,0.585296630859375,580
0.58349609375,20.08711094928492,5.8868408203125e-05,1,0.58282470703125,581
0.5810546875,20.11152494922328,5.8654785156250005e-05,1,0.58038330078125,582
0.57861328125,20.13593894916164,5.8380126953125e-05,1,0.57794189453125,583
0.576171875,20.1603529491,5.8166503906250004e-05,1,0.57550048828125,584
0.57373046875,20.184766949038362,5.7891845703125e-05,1,0.57305908203125,585
0.5712890625,20.209180948976723,5.7678222656250004e-05,1,0.570648193359375,586
0.56884765625,20.233594948915083,5.7403564453125e-05,1,0.56817626953125,587
0.56640625,20.258008948853444,5.7159423828125e-05,1,0.565765380859375,588
0.56396484375,20.282422948791805,5.6915283203125e-05,1,0.56329345703125,589
0.5615234375,20.306836948730165,5.6671142578125e-05,1,0.5609130859375,590
0.55908203125,20.331250948668526,5.6427001953125006e-05,1,0.5584716796875,591
0.556640625,20.355664948606886,5.6182861328125006e-05,1,0.555999755859375,592
0.55419921875,20.380078948545247,5.5938720703125006e-05,1,0.553558349609375,593
0.5517578125,20.404492948483608,5.56640625e-05,1,0.551177978515625,594
0.54931640625,20.428906948421968,5.5450439453125005e-05,1,0.54864501953125,595
0.546875,20.45332094836033,5.517578125e-05,1,0.546295166015625,596
0.54443359375,20.47773494829869,5.4962158203125005e-05,1,0.5438232421875,597
0.5419921875,20.50214894823705,5.46875e-05,1,0.541351318359375,598
0.53955078125,20.52656294817541,5.4473876953125004e-05,1,0.5389404296875,599
0.537109375,20.55097694811377,5.419921875e-05,1,0.536468505859375,600
0.53466796875,20.57539094805213,5.3985595703125004e-05,1,0.5340576171875,601
0.5322265625,20.599804947990492,5.37109375e-05,1,0.5316162109375,602
0.52978515625,20.624218947928853,5.3466796875e-05,1,0.529205322265625,603
0.52734375,20.648632947867213,5.322265625e-05,1,0.52679443359375,604
0.52490234375,20.673046947805574,5.2978515625e-05,1,0.524322509765625,605
0.5224609375,20.697460947743934,5.2734375e-05,1,0.521881103515625,606
0.52001953125,20.721874947682295,5.2459716796875e-05,1,0.5194091796875,607
0.517578125,20.746288947620656,5.2246093750000006e-05,1,0.516998291015625,608
0.51513671875,20.770702947559016,5.1971435546875e-05,1,0.514556884765625,609
0.5126953125,20.795116947497377,5.1757812500000005e-05,1,0.512115478515625,610
0.51025390625,20.819530947435737,5.1483154296875e-05,1,0.50970458984375,611
0.5078125,20.843944947374098,5.1269531250000005e-05,1,0.5072021484375,612
0.50537109375,20.86835894731246,5.0994873046875e-05,1,0.5047607421875,613
0.5029296875,20.89277294725082,5.0781250000000004e-05,1,0.502349853515625,614
0.50048828125,20.91718694718918,5.0476074218750004e-05,1,0.49993896484375,615
0.498046875,20.94160094712754,5.0262451171875e-05,1,0.497467041015625,616
0.49560546875,20.9660149470659,4.9987792968750004e-05,1,0.4951171875,617
0.4931640625,20.99042894700426,4.976806640625e-05,1,0.492584228515625,618
0.49072265625,21.014842946942622,4.95086669921875e-05,1,0.490203857421875,619
0.48828125,21.039256946880982,4.9267578125e-05,1,0.487762451171875,620
0.48583984375,21.063670946819343,4.90234375e-05,1,0.485321044921875,621
0.4833984375,21.088084946757704,4.87701416015625e-05,1,0.48284912109375,622
0.48095703125,21.112498946696064,4.85382080078125e-05,1,0.480438232421875,623
0.478515625,21.136912946634425,4.8272705078125e-05,1,0.47796630859375,624
0.47607421875,21.161326946572785,4.80499267578125e-05,1,0.47552490234375,625
0.4736328125,21.185740946511146,4.7775268554687503e-05,1,0.47314453125,626
0.47119140625,21.210154946449506,4.75616455078125e-05,1,0.470672607421875,627
0.46875,21.234568946387867,4.7280883789062504e-05,1,0.468231201171875,628
0.46630859375,21.258982946326228,4.70672607421875e-05,1,0.4658203125,629
0.4638671875,21.283396946264588,4.67926025390625e-05,1,0.463348388671875,630
0.46142578125,21.30781094620295,4.656982421875e-05,1,0.4609375,631
0.458984375,21.33222494614131,4.63043212890625e-05,1,0.45849609375,632
0.45654296875,21.35663894607967,4.60723876953125e-05,1,0.456085205078125,633
0.4541015625,21.38105294601803,4.5819091796875e-05,1,0.453582763671875,634
0.45166015625,21.40546694595639,4.55718994140625e-05,1,0.451171875,635
0.44921875,21.42988094589475,4.5330810546875e-05,1,0.44873046875,636
0.44677734375,21.454294945833112,4.5074462890625e-05,1,0.4462890625,637
0.4443359375,21.478708945771473,4.48455810546875e-05,1,0.443817138671875,638
0.44189453125,21.503122945709833,4.45770263671875e-05,1,0.44146728515625,639
0.439453125,21.527536945648194,4.43572998046875e-05,1,0.438995361328125,640
0.43701171875,21.551950945586555,4.4079589843750004e-05,1,0.43658447265625,641
0.4345703125,21.576364945524915,4.3865966796875e-05,1,0.43408203125,642
0.43212890625,21.600778945463276,4.3588256835937504e-05,1,0.43170166015625,643
0.4296875,21.625192945401636,4.337158203125e-05,1,0.42919921875,644
0.42724609375,21.649606945339997,4.30999755859375e-05,1,0.42681884765625,645
0.4248046875,21.674020945278357,4.28741455078125e-05,1,0.424346923828125,646
0.42236328125,21.698434945216718,4.26116943359375e-05,1,0.421905517578125,647
0.419921875,21.72284894515508,4.23736572265625e-05,1,0.419464111328125,648
0.41748046875,21.74726294509344,4.212646484375e-05,1,0.417083740234375,649
0.4150390625,21.7716769450318,4.18792724609375e-05,1,0.41455078125,650
0.41259765625,21.79609094497016,4.16412353515625e-05,1,0.412109375,651
0.41015625,21.82050494490852,4.13787841796875e-05,1,0.409698486328125,652
0.40771484375,21.84491894484688,4.11529541015625e-05,1,0.407257080078125,653
0.4052734375,21.869332944785242,4.0881347656250004e-05,1,0.40484619140625,654
0.40283203125,21.893746944723603,4.06646728515625e-05,1,0.40240478515625,655
0.400390625,21.918160944661963,4.0386962890625004e-05,1,0.399993896484375,656
0.39794921875,21.942574944600324,4.017333984375e-05,1,0.397552490234375,657
0.3955078125,21.966988944538684,3.9895629882812504e-05,1,0.39508056640625,658
0.39306640625,21.991402944477045,3.96759033203125e-05,1,0.39263916015625,659
0.390625,22.015816944415405,3.9404296875000004e-05,1,0.3902587890625,660
0.38818359375,22.040230944353766,3.9178466796875e-05,1,0.38775634765625,661
0.3857421875,22.064644944292127,3.8922119140625e-05,1,0.3853759765625,662
0.38330078125,22.089058944230487,3.86810302734375e-05,1,0.3829345703125,663
0.380859375,22.113472944168848,3.8433837890625e-05,1,0.38043212890625,664
0.37841796875,22.13788694410721,3.81805419921875e-05,1,0.378021240234375,665
0.3759765625,22.16230094404557,3.79486083984375e-05,1,0.37554931640625,666
0.37353515625,22.18671494398393,3.7683105468750004e-05,1,0.37310791015625,667
0.37109375,22.21112894392229,3.74603271484375e-05,1,0.37066650390625,668
0.36865234375,22.23554294386065,3.7185668945312504e-05,1,0.368316650390625,669
0.3662109375,22.25995694379901,3.69720458984375e-05,1,0.365875244140625,670
0.36376953125,22.284370943737372,3.6691284179687504e-05,1,0.3634033203125,671
0.361328125,22.308784943675732,3.6474609375e-05,1,0.36090087890625,672
0.35888671875,22.333198943614093,3.6203002929687504e-05,1,0.358551025390625,673
0.3564453125,22.357612943552454,3.5980224609375e-05,1,0.3560791015625,674
0.35400390625,22.382026943490814,3.5714721679687504e-05,1,0.353607177734375,675
0.3515625,22.406440943429175,3.54827880859375e-05,1,0.351165771484375,676
0.34912109375,22.430854943367535,3.52294921875e-05,1,0.348785400390625,677
0.3466796875,22.455268943305896,3.49822998046875e-05,1,0.346282958984375,678
0.34423828125,22.479682943244256,3.47412109375e-05,1,0.343902587890625,679
0.341796875,22.504096943182617,3.4481811523437504e-05,1,0.34149169921875,680
0.33935546875,22.528510943120978,3.42559814453125e-05,1,0.3389892578125,681
0.3369140625,22.552924943059338,3.3987426757812504e-05,1,0.3365478515625,682
0.33447265625,22.5773389429977,3.37677001953125e-05,1,0.334136962890625,683
0.33203125,22.60175294293606,3.3489990234375005e-05,1,0.331695556640625,684
0.32958984375,22.62616694287442,3.32763671875e-05,1,0.329315185546875,685
0.3271484375,22.65058094281278,3.2998657226562505e-05,1,0.3267822265625,686
0.32470703125,22.67499494275114,3.2781982421875e-05,1,0.324371337890625,687
0.322265625,22.6994089426895,3.2510375976562504e-05,1,0.322021484375,688
0.31982421875,22.723822942627862,3.22845458984375e-05,1,0.31951904296875,689
0.3173828125,22.748236942566223,3.2022094726562504e-05,1,0.317047119140625,690
0.31494140625,22.772650942504583,3.17840576171875e-05,1,0.314605712890625,691
0.3125,22.797064942442944,3.15338134765625e-05,1,0.312225341796875,692
0.31005859375,22.821478942381304,3.1280517578125004e-05,1,0.30975341796875,693
0.3076171875,22.845892942319665,3.1048583984375e-05,1,0.3072509765625,694
0.30517578125,22.870306942258026,3.0783081054687505e-05,1,0.304840087890625,695
0.302734375,22.894720942196386,3.0560302734375e-05,1,0.3023681640625,696
0.30029296875,22.919134942134747,3.02886962890625e-05,1,0.2999267578125,697
0.2978515625,22.943548942073107,3.0068969726562502e-05,1,0.297515869140625,698
0.29541015625,22.967962942011468,2.9791259765625002e-05,1,0.295074462890625,699
0.29296875,22.99237694194983,2.9577636718750002e-05,1,0.2926025390625,700
0.29052734375,23.01679094188819,2.9302978515625e-05,1,0.29022216796875,701
0.2880859375,23.04120494182655,2.9083251953125002e-05,1,0.287750244140625,702
0.28564453125,23.06561894176491,2.8814697265625e-05,1,0.285369873046875,703
0.283203125,23.09003294170327,2.8585815429687503e-05,1,0.282928466796875,704
0.28076171875,23.11444694164163,2.8326416015625e-05,1,0.280487060546875,705
0.2783203125,23.138860941579992,2.80853271484375e-05,1,0.278045654296875,706
0.27587890625,23.163274941518353,2.78411865234375e-05,1,0.275604248046875,707
0.2734375,23.187688941456713,2.75848388671875e-05,1,0.27313232421875,708
0.27099609375,23.212102941395074,2.7355957031250003e-05,1,0.270721435546875,709
0.2685546875,23.236516941333434,2.7087402343750002e-05,1,0.268280029296875,710
0.26611328125,23.260930941271795,2.6867675781250002e-05,1,0.265777587890625,711
0.263671875,23.285344941210155,2.6593017578125002e-05,1,0.263397216796875,712
0.26123046875,23.309758941148516,2.6379394531250002e-05,1,0.260894775390625,713
0.2587890625,23.334172941086877,2.6098632812500002e-05,1,0.258544921875,714
0.25634765625,23.358586941025237,2.5881958007812502e-05,1,0.256072998046875,715
0.25390625,23.383000940963598,2.5610351562500002e-05,1,0.253662109375,716
0.25146484375,23.40741494090196,2.5387573242187503e-05,1,0.251220703125,717
0.2490234375,23.43182894084032,2.51220703125e-05,1,0.24871826171875,718
0.24658203125,23.45624294077868,2.489013671875e-05,1,0.246337890625,719
0.244140625,23.48065694071704,2.46337890625e-05,1,0.243865966796875,720
0.24169921875,23.5050709406554,2.43896484375e-05,1,0.241485595703125,721
0.2392578125,23.52948494059376,2.41485595703125e-05,1,0.238983154296875,722
0.23681640625,23.55389894053212,2.388916015625e-05,1,0.236602783203125,723
0.234375,23.578312940470482,2.36602783203125e-05,1,0.234130859375,724
0.23193359375,23.602726940408843,2.3391723632812502e-05,1,0.231689453125,725
0.2294921875,23.627140940347203,2.3171997070312503e-05,1,0.229248046875,726
0.22705078125,23.651554940285564,2.2894287109375003e-05,1,0.22674560546875,727
0.224609375,23.675968940223925,2.2680664062500003e-05,1,0.224334716796875,728
0.22216796875,23.700382940162285,2.2406005859375002e-05,1,0.221923828125,729
0.2197265625,23.724796940100646,2.2186279296875e-05,1,0.219512939453125,730
0.21728515625,23.749210940039006,2.1914672851562502e-05,1,0.217071533203125,731
0.21484375,23.773624939977367,2.16888427734375e-05,1,0.214630126953125,732
0.21240234375,23.798038939915727,2.1426391601562502e-05,1,0.212188720703125,733
0.2099609375,23.822452939854088,2.119140625e-05,1,0.209686279296875,734
0.20751953125,23.84686693979245,2.0941162109375e-05,1,0.20733642578125,735
0.205078125,23.87128093973081,2.069091796875e-05,1,0.204864501953125,736
0.20263671875,23.89569493966917,2.04559326171875e-05,1,0.202423095703125,737
0.2001953125,23.92010893960753,2.0193481445312502e-05,1,0.20001220703125,738
0.19775390625,23.94452293954589,1.99676513671875e-05,1,0.197479248046875,739
0.1953125,23.96893693948425,1.9696044921875003e-05,1,0.195098876953125,740
0.19287109375,23.993350939422612,1.94793701171875e-05,1,0.192718505859375,741
0.1904296875,24.017764939360973,1.920166015625e-05,1,0.19024658203125,742
0.18798828125,24.042178939299333,1.8988037109375e-05,1,0.187774658203125,743
0.185546875,24.066592939237694,1.87103271484375e-05,1,0.18536376953125,744
0.18310546875,24.091006939176054,1.849365234375e-05,1,0.18292236328125,745
0.1806640625,24.115420939114415,1.8222045898437502e-05,1,0.18048095703125,746
0.17822265625,24.139834939052776,1.79931640625e-05,1,0.1781005859375,747
0.17578125,24.164248938991136,1.773681640625e-05,1,0.17559814453125,748
0.17333984375,24.188662938929497,1.74957275390625e-05,1,0.17315673828125,749
0.1708984375,24.213076938867857,1.724853515625e-05,1,0.1707763671875,750
0.16845703125,24.237490938806218,1.6995239257812502e-05,1,0.16827392578125,751
0.166015625,24.26190493874458,1.67633056640625e-05,1,0.1658935546875,752
0.16357421875,24.28631893868294,1.6497802734375002e-05,1,0.16339111328125,753
0.1611328125,24.3107329386213,1.62750244140625e-05,1,0.160980224609375,754
0.15869140625,24.33514693855966,1.600341796875e-05,1,0.15850830078125,755
0.15625,24.35956093849802,1.578369140625e-05,1,0.156097412109375,756
0.15380859375,24.38397493843638,1.5509033203125e-05,1,0.1536865234375,757
0.1513671875,24.408388938374742,1.52923583984375e-05,1,0.151214599609375,758
0.14892578125,24.432802938313102,1.5017700195312501e-05,1,0.14874267578125,759
0.146484375,24.457216938251463,1.4794921875e-05,1,0.1463623046875,760
0.14404296875,24.481630938189824,1.45294189453125e-05,1,0.143890380859375,761
0.1416015625,24.506044938128184,1.42974853515625e-05,1,0.141448974609375,762
0.13916015625,24.530458938066545,1.4044189453125e-05,1,0.1390380859375,763
0.13671875,24.554872938004905,1.3800048828125001e-05,1,0.136566162109375,764
0.13427734375,24.579286937943266,1.3558959960937501e-05,1,0.134124755859375,765
0.1318359375,24.603700937881626,1.3299560546875e-05,1,0.1317138671875,766
0.12939453125,24.628114937819987,1.30706787109375e-05,1,0.129302978515625,767
0.126953125,24.652528937758348,1.2802124023437501e-05,1,0.1268310546875,768
0.12451171875,24.676942937696708,1.25823974609375e-05,1,0.12445068359375,769
0.1220703125,24.70135693763507,1.23077392578125e-05,1,0.1219482421875,770
0.11962890625,24.72577093757343,1.2094116210937501e-05,1,0.1195068359375,771
0.1171875,24.75018493751179,1.18133544921875e-05,1,0.117095947265625,772
0.11474609375,24.77459893745015,1.15966796875e-05,1,0.11468505859375,773
0.1123046875,24.79901293738851,1.1325073242187501e-05,1,0.112213134765625,774
0.10986328125,24.82342693732687,1.10992431640625e-05,1,0.10980224609375,775
0.107421875,24.847840937265232,1.08367919921875e-05,1,0.1072998046875,776
0.10498046875,24.872254937203593,1.0604858398437501e-05,1,0.10491943359375,777
0.1025390625,24.896668937141953,1.03515625e-05,1,0.102447509765625,778
0.10009765625,24.921082937080314,1.01043701171875e-05,1,0.100006103515625,779
0.09765625,24.945496937018675,9.866333007812501e-06,1,0.09759521484375,780
0.09521484375,24.969910936957035,9.603881835937501e-06,1,0.09515380859375,781
0.0927734375,24.994324936895396,9.3780517578125e-06,1,0.09271240234375,782
0.09033203125,25.018738936833756,9.1064453125e-06,1,0.090301513671875,783
0.087890625,25.043152936772117,8.8897705078125e-06,1,0.08782958984375,784
0.08544921875,25.067566936710477,8.605957031250001e-06,1,0.085205078125,785
0.0830078125,25.091980936648838,8.392333984375e-06,1,0.08282470703125,786
0.08056640625,25.1163949365872,8.1146240234375e-06,1,0.080352783203125,787
0.078125,25.14080893652556,7.894897460937501e-06,1,0.077911376953125,788
0.07568359375,25.16522293646392,7.6263427734375e-06,1,0.075439453125,789
0.0732421875,25.18963693640228,7.397460937500001e-06,1,0.073028564453125,790
0.07080078125,25.21405093634064,7.138061523437501e-06,1,0.070587158203125,791
0.068359375,25.238464936279,6.900024414062501e-06,1,0.068115234375,792
0.06591796875,25.262878936217362,6.652832031250001e-06,1,0.06573486328125,793
0.0634765625,25.287292936155723,6.399536132812501e-06,1,0.06329345703125,794
0.06103515625,25.311706936094083,6.167602539062501e-06,1,0.060882568359375,795
0.05859375,25.336120936032444,5.9020996093750005e-06,1,0.058380126953125,796
0.05615234375,25.360534935970804,5.6793212890625005e-06,1,0.05596923828125,797
0.0537109375,25.384948935909165,5.407714843750001e-06,1,0.05352783203125,798
0.05126953125,25.409362935847525,5.1910400390625e-06,1,0.051116943359375,799
0.048828125,25.433776935785886,4.9114990234375e-06,1,0.048931884765625,800
0.04638671875,25.458190935724247,4.697265625e-06,1,0.0465087890625,801
0.0439453125,25.482604935662607,4.4216918945312506e-06,1,0.044055175781250004,802
0.04150390625,25.507018935600968,4.2010498046875e-06,1,0.0416259765625,803
0.0390625,25.53143293553933,3.933105468750001e-06,1,0.0391754150390625,804
0.03662109375,25.55584693547769,3.7033081054687504e-06,1,0.036752319335937506,805
0.0341796875,25.58026093541605,3.4469604492187503e-06,1,0.0343017578125,806
0.03173828125,25.60467493535441,3.2043457031250003e-06,1,0.03186645507812501,807
0.029296875,25.62908893529277,2.96112060546875e-06,1,0.029412841796875006,808
0.02685546875,25.65350293523113,2.70477294921875e-06,1,0.026986694335937506,809
0.0244140625,25.677916935169492,2.4755859375000004e-06,1,0.024554443359374997,810
0.02197265625,25.702330935107852,2.20733642578125e-06,1,0.022113037109374997,811
0.01953125,25.726744935046213,1.98577880859375e-06,1,0.019659423828124994,812
0.01708984375,25.751158934984574,1.7117309570312502e-06,1,0.017224121093750003,813
0.0146484375,25.775572934922934,1.4965820312500002e-06,1,0.014788818359374997,814
0.01220703125,25.799986934861295,1.2182617187500001e-06,1,0.012350463867187494,815
0.009765625,25.824400934799655,1.0018920898437502e-06,1,0.009915161132812503,816
0.00732421875,25.848814934738016,7.2906494140625e-07,1,0.007473754882812503,817
0.0048828125,25.873228934676376,5.0567626953125e-07,1,0.0050262451171874944,818
0.00244140625,25.897642934614737,2.41424560546875e-07,1,0.0026000976562499944,819
0.0,25.922056934553098,6.5917968749999725e-09,1,0.0001678466796875,820
-0.00244140625,25.946470934491458,-2.446899414062501e-07,1,-0.0022674560546875056,821
-0.0048828125,25.97088493442982,-4.9163818359375e-07,1,-0.004696655273437503,822
-0.00732421875,25.99529893436818,-7.3028564453125e-07,1,-0.007153320312500003,823
-0.009765625,26.01971293430654,-9.912109375e-07,1,-0.009600830078124997,824
-0.01220703125,26.0441269342449,-1.2167358398437499e-06,1,-0.012002563476562506,825
-0.0146484375,26.06854093418326,-1.4871215820312499e-06,1,-0.0144500732421875,826
-0.01708984375,26.09295493412162,-1.70654296875e-06,1,-0.016900634765625006,827
-0.01953125,26.117368934059982,-1.9833374023437498e-06,1,-0.019335937499999997,828
-0.02197265625,26.141782933998343,-2.1966552734375e-06,1,-0.021749877929687494,829
-0.0244140625,26.166196933936703,-2.47406005859375e-06,1,-0.024191284179687494,830
-0.02685546875,26.190610933875064,-2.69195556640625e-06,1,-0.026611328125,831
-0.029296875,26.215024933813424,-2.96356201171875e-06,1,-0.029046630859375006,832
-0.03173828125,26.239438933751785,-3.1884765624999997e-06,1,-0.03146667480468751,833
-0.0341796875,26.263852933690146,-3.4490966796875003e-06,1,-0.033966064453125,834
-0.03662109375,26.288266933628506,-3.6868286132812504e-06,1,-0.036407470703125,835
-0.0390625,26.312680933566867,-3.93585205078125e-06,1,-0.03886108398437499,836
-0.04150390625,26.337094933505227,-4.185791015625e-06,1,-0.041296386718749994,837
-0.0439453125,26.361508933443588,-4.4198608398437504e-06,1,-0.04374389648437499,838
-0.04638671875,26.38592293338195,-4.684448242187501e-06,1,-0.046173095703125,839
-0.048828125,26.41033693332031,-4.90814208984375e-06,1,-0.048608398437500006,840
-0.05126953125,26.43475093325867,-5.17578125e-06,1,-0.051025390625,841
-0.0537109375,26.45916493319703,-5.392456054687501e-06,1,-0.053497314453125,842
-0.05615234375,26.48357893313539,-5.670166015625001e-06,1,-0.05596923828125,843
-0.05859375,26.50799293307375,-5.8868408203125005e-06,1,-0.058349609375,844
-0.06103515625,26.532406933012112,-6.161499023437501e-06,1,-0.060821533203125,845
-0.0634765625,26.556820932950473,-6.3812255859375e-06,1,-0.063262939453125,846
-0.06591796875,26.581234932888833,-6.6497802734375e-06,1,-0.065673828125,847
-0.068359375,26.605648932827194,-6.8786621093750005e-06,1,-0.068145751953125,848
-0.07080078125,26.630062932765554,-7.135009765625e-06,1,-0.070526123046875,849
-0.0732421875,26.654476932703915,-7.376098632812501e-06,1,-0.072967529296875,850
-0.07568359375,26.678890932642275,-7.623291015625001e-06,1,-0.075439453125,851
-0.078125,26.703304932580636,-7.8765869140625e-06,1,-0.07781982421875,852
-0.08056640625,26.727718932518997,-8.108520507812501e-06,1,-0.080291748046875,853
-0.0830078125,26.752132932457357,-8.374023437500001e-06,1,-0.082733154296875,854
-0.08544921875,26.776546932395718,-8.5968017578125e-06,1,-0.085174560546875,855
-0.087890625,26.80096093233408,-8.8714599609375e-06,1,-0.08758544921875,856
-0.09033203125,26.82537493227244,-9.0850830078125e-06,1,-0.089996337890625,857
-0.0927734375,26.8497889322108,-9.3658447265625e-06,1,-0.09246826171875,858
-0.09521484375,26.87420293214916,-9.5794677734375e-06,1,-0.09490966796875,859
-0.09765625,26.89861693208752,-9.8541259765625e-06,1,-0.09735107421875,860
-0.10009765625,26.92303093202588,-1.0076904296875001e-05,1,-0.099761962890625,861
-0.1025390625,26.94744493196424,-1.0342407226562501e-05,1,-0.10223388671875,862
-0.10498046875,26.971858931902602,-1.0574340820312501e-05,1,-0.1046142578125,863
-0.107421875,26.996272931840963,-1.082763671875e-05,1,-0.107086181640625,864
-0.10986328125,27.020686931779323,-1.107177734375e-05,1,-0.10943603515625,865
-0.1123046875,27.045100931717684,-1.1312866210937501e-05,1,-0.111907958984375,866
-0.11474609375,27.069514931656045,-1.1572265625000001e-05,1,-0.1143798828125,867
-0.1171875,27.093928931594405,-1.1798095703125002e-05,1,-0.116851806640625,868
-0.11962890625,27.118342931532766,-1.20697021484375e-05,1,-0.11920166015625,869
-0.1220703125,27.142756931471126,-1.2289428710937502e-05,1,-0.121673583984375,870
-0.12451171875,27.167170931409487,-1.25640869140625e-05,1,-0.124114990234375,871
-0.126953125,27.191584931347847,-1.27777099609375e-05,1,-0.12652587890625,872
-0.12939453125,27.215998931286208,-1.3055419921875e-05,1,-0.128997802734375,873
-0.1318359375,27.24041293122457,-1.3275146484375002e-05,1,-0.13134765625,874
-0.13427734375,27.26482693116293,-1.35467529296875e-05,1,-0.13385009765625,875
-0.13671875,27.28924093110129,-1.3772583007812501e-05,1,-0.13629150390625,876
-0.13916015625,27.31365493103965,-1.4031982421875001e-05,1,-0.138641357421875,877
-0.1416015625,27.33806893097801,-1.427001953125e-05,1,-0.14117431640625,878
-0.14404296875,27.36248293091637,-1.4520263671875002e-05,1,-0.143585205078125,879
-0.146484375,27.386896930854732,-1.4767456054687502e-05,1,-0.146026611328125,880
-0.14892578125,27.411310930793093,-1.5002441406250001e-05,1,-0.1484375,881
-0.1513671875,27.435724930731453,-1.5267944335937502e-05,1,-0.150909423828125,882
-0.15380859375,27.460138930669814,-1.549072265625e-05,1,-0.153350830078125,883
-0.15625,27.484552930608174,-1.5762329101562502e-05,1,-0.155792236328125,884
-0.15869140625,27.508966930546535,-1.5979003906250002e-05,1,-0.158203125,885
-0.1611328125,27.533380930484896,-1.6259765625e-05,1,-0.160675048828125,886
-0.16357421875,27.557794930423256,-1.6473388671875002e-05,1,-0.163116455078125,887
-0.166015625,27.582208930361617,-1.6748046875000002e-05,1,-0.165496826171875,888
-0.16845703125,27.606622930299977,-1.69677734375e-05,1,-0.16796875,889
-0.1708984375,27.631036930238338,-1.7236328125000002e-05,1,-0.17034912109375,890
-0.17333984375,27.6554509301767,-1.74652099609375e-05,1,-0.172760009765625,891
-0.17578125,27.67986493011506,-1.7724609375000003e-05,1,-0.1751708984375,892
-0.17822265625,27.70427893005342,-1.7962646484375e-05,1,-0.177703857421875,893
-0.1806640625,27.72869292999178,-1.82098388671875e-05,1,-0.18011474609375,894
-0.18310546875,27.75310692993014,-1.8463134765625003e-05,1,-0.1824951171875,895
-0.185546875,27.7775209298685,-1.8695068359375e-05,1,-0.184906005859375,896
-0.18798828125,27.801934929806862,-1.8960571289062502e-05,1,-0.187347412109375,897
-0.1904296875,27.826348929745222,-1.9183349609375e-05,1,-0.189849853515625,898
-0.19287109375,27.850762929683583,-1.9454956054687502e-05,1,-0.192230224609375,899
-0.1953125,27.875176929621944,-1.9671630859375002e-05,1,-0.194732666015625,900
-0.19775390625,27.899590929560304,-1.9949340820312502e-05,1,-0.197113037109375,901
-0.2001953125,27.924004929498665,-2.0166015625e-05,1,-0.199554443359375,902
-0.20263671875,27.948418929437025,-2.0440673828125002e-05,1,-0.201995849609375,903
-0.205078125,27.972832929375386,-2.0660400390625e-05,1,-0.204376220703125,904
-0.20751953125,27.997246929313746,-2.0928955078125002e-05,1,-0.206817626953125,905
-0.2099609375,28.021660929252107,-2.11578369140625e-05,1,-0.209228515625,906
-0.21240234375,28.046074929190468,-2.1414184570312503e-05,1,-0.21173095703125,907
-0.21484375,28.070488929128828,-2.1658325195312503e-05,1,-0.214141845703125,908
-0.21728515625,28.09490292906719,-2.18994140625e-05,1,-0.21661376953125,909
-0.2197265625,28.11931692900555,-2.2158813476562502e-05,1,-0.218994140625,910
-0.22216796875,28.14373092894391,-2.23846435546875e-05,1,-0.221466064453125,911
-0.224609375,28.16814492888227,-2.2656250000000002e-05,1,-0.223846435546875,912
-0.22705078125,28.19255892882063,-2.28759765625e-05,1,-0.226287841796875,913
-0.2294921875,28.21697292875899,-2.3150634765625e-05,1,-0.228729248046875,914
-0.23193359375,28.241386928697352,-2.33673095703125e-05,1,-0.231231689453125,915
-0.234375,28.265800928635713,-2.36419677734375e-05,1,-0.233612060546875,916
-0.23681640625,28.290214928574073,-2.3858642578125e-05,1,-0.235992431640625,917
-0.2392578125,28.314628928512434,-2.4133300781250002e-05,1,-0.238433837890625,918
-0.24169921875,28.339042928450795,-2.43560791015625e-05,1,-0.24090576171875,919
-0.244140625,28.363456928389155,-2.4621582031250002e-05,1,-0.243316650390625,920
-0.24658203125,28.387870928327516,-2.4856567382812503e-05,1,-0.2457275390625,921
-0.2490234375,28.412284928265876,-2.5106811523437503e-05,1,-0.24822998046875,922
-0.25146484375,28.436698928204237,-2.5354003906250003e-05,1,-0.2506103515625,923
-0.25390625,28.461112928142597,-2.5592041015625004e-05,1,-0.252960205078125,924
-0.25634765625,28.485526928080958,-2.5851440429687502e-05,1,-0.255523681640625,925
-0.2587890625,28.50994092801932,-2.6080322265625e-05,1,-0.257904052734375,926
-0.26123046875,28.53435492795768,-2.6348876953125002e-05,1,-0.2603759765625,927
-0.263671875,28.55876892789604,-2.6568603515625e-05,1,-0.262725830078125,928
-0.26611328125,28.5831829278344,-2.684326171875e-05,1,-0.265228271484375,929
-0.2685546875,28.60759692777276,-2.70599365234375e-05,1,-0.267608642578125,930
-0.27099609375,28.63201092771112,-2.7337646484375e-05,1,-0.27001953125,931
-0.2734375,28.656424927649482,-2.75543212890625e-05,1,-0.27252197265625,932
-0.27587890625,28.680838927587843,-2.7825927734375e-05,1,-0.274932861328125,933
-0.2783203125,28.705252927526203,-2.8051757812500004e-05,1,-0.277374267578125,934
-0.28076171875,28.729666927464564,-2.8311157226562502e-05,1,-0.27978515625,935
-0.283203125,28.754080927402924,-2.8549194335937503e-05,1,-0.2822265625,936
-0.28564453125,28.778494927341285,-2.8799438476562503e-05,1,-0.284637451171875,937
-0.2880859375,28.802908927279645,-2.9049682617187502e-05,1,-0.287078857421875,938
-0.29052734375,28.827322927218006,-2.9284667968750004e-05,1,-0.289520263671875,939
-0.29296875,28.851736927156367,-2.95501708984375e-05,1,-0.292022705078125,940
-0.29541015625,28.876150927094727,-2.97698974609375e-05,1,-0.294342041015625,941
-0.2978515625,28.900564927033088,-3.004150390625e-05,1,-0.296844482421875,942
-0.30029296875,28.92497892697145,-3.026123046875e-05,1,-0.299835205078125,943
-0.302734375,28.94939292690981,-3.0538940429687504e-05,1,-0.302337646484375,944
-0.30517578125,28.97380692684817,-3.0755615234375e-05,1,-0.304656982421875,945
-0.3076171875,28.99822092678653,-3.1030273437500005e-05,1,-0.30712890625,946
-0.31005859375,29.02263492672489,-3.125e-05,1,-0.309600830078125,947
-0.3125,29.04704892666325,-3.15185546875e-05,1,-0.31201171875,948
-0.31494140625,29.071462926601612,-3.17535400390625e-05,1,-0.31451416015625,949
-0.3173828125,29.095876926539972,-3.20098876953125e-05,1,-0.316986083984375,950
-0.31982421875,29.120290926478333,-3.22509765625e-05,1,-0.31939697265625,951
-0.322265625,29.144704926416694,-3.24951171875e-05,1,-0.32183837890625,952
-0.32470703125,29.169118926355054,-3.2751464843750005e-05,1,-0.324249267578125,953
-0.3271484375,29.193532926293415,-3.29803466796875e-05,1,-0.326690673828125,954
-0.32958984375,29.217946926231775,-3.3248901367187504e-05,1,-0.3291015625,955
-0.33203125,29.242360926170136,-3.34716796875e-05,1,-0.331573486328125,956
-0.33447265625,29.266774926108496,-3.3743286132812504e-05,1,-0.334014892578125,957
-0.3369140625,29.291188926046857,-3.39599609375e-05,1,-0.336334228515625,958
-0.33935546875,29.315602925985218,-3.4237670898437504e-05,1,-0.3388671875,959
-0.341796875,29.340016925923578,-3.4454345703125e-05,1,-0.341339111328125,960
-0.34423828125,29.36443092586194,-3.4725952148437504e-05,1,-0.34375,961
-0.3466796875,29.3888449258003,-3.494873046875e-05,1,-0.346160888671875,962
-0.34912109375,29.41325892573866,-3.5214233398437505e-05,1,-0.3486328125,963
-0.3515625,29.43767292567702,-3.544921875e-05,1,-0.35107421875,964
-0.35400390625,29.46208692561538,-3.5702514648437505e-05,1,-0.353546142578125,965
-0.3564453125,29.48650092555374,-3.59466552734375e-05,1,-0.35595703125,966
-0.35888671875,29.510914925492102,-3.61846923828125e-05,1,-0.3583984375,967
-0.361328125,29.535328925430463,-3.6447143554687504e-05,1,-0.360809326171875,968
-0.36376953125,29.559742925368823,-3.66729736328125e-05,1,-0.363311767578125,969
-0.3662109375,29.584156925307184,-3.6941528320312504e-05,1,-0.36566162109375,970
-0.36865234375,29.608570925245544,-3.71612548828125e-05,1,-0.3681640625,971
-0.37109375,29.632984925183905,-3.7438964843750003e-05,1,-0.37060546875,972
-0.37353515625,29.657398925122266,-3.7652587890625e-05,1,-0.373016357421875,973
-0.3759765625,29.681812925060626,-3.7930297851562504e-05,1,-0.37542724609375,974
-0.37841796875,29.706226924998987,-3.81500244140625e-05,1,-0.3779296875,975
-0.380859375,29.730640924937347,-3.8421630859375004e-05,1,-0.38037109375,976
-0.38330078125,29.755054924875708,-3.86444091796875e-05,1,-0.382720947265625,977
-0.3857421875,29.77946892481407,-3.8906860351562504e-05,1,-0.38519287109375,978
-0.38818359375,29.80388292475243,-3.91448974609375e-05,1,-0.387664794921875,979
-0.390625,29.82829692469079,-3.9392089843750005e-05,1,-0.390106201171875,980
-0.39306640625,29.85271092462915,-3.9645385742187504e-05,1,-0.392578125,981
-0.3955078125,29.87712492456751,-3.988037109375e-05,1,-0.394927978515625,982
-0.39794921875,29.90153892450587,-4.0142822265625004e-05,1,-0.397369384765625,983
-0.400390625,29.925952924444232,-4.036865234375e-05,1,-0.39984130859375,984
-0.40283203125,29.950366924382593,-4.0637207031250004e-05,1,-0.402313232421875,985
-0.4052734375,29.974780924320953,-4.085693359375e-05,1,-0.40472412109375,986
-0.40771484375,29.999194924259314,-4.11346435546875e-05,1,-0.40716552734375,987
-0.41015625,30.023608924197674,-4.13482666015625e-05,1,-0.40960693359375,988
-0.41259765625,30.048022924136035,-4.1622924804687503e-05,1,-0.41204833984375,989
-0.4150390625,30.072436924074395,-4.18426513671875e-05,1,-0.41448974609375,990
-0.41748046875,30.096850924012756,-4.2114257812500004e-05,1,-0.416900634765625,991
-0.419921875,30.121264923951117,-4.2340087890625e-05,1,-0.41937255859375,992
-0.42236328125,30.145678923889477,-4.2599487304687504e-05,1,-0.42181396484375,993
-0.4248046875,30.170092923827838,-4.2840576171875005e-05,1,-0.4241943359375,994
-0.42724609375,30.1945069237662,-4.3084716796875005e-05,1,-0.42669677734375,995
-0.4296875,30.21892092370456,-4.3341064453125004e-05,1,-0.4290771484375,996
-0.43212890625,30.24333492364292,-4.35699462890625e-05,1,-0.4315185546875,997
-0.4345703125,30.26774892358128,-4.3835449218750004e-05,1,-0.433990478515625,998
-0.43701171875,30.29216292351964,-4.40582275390625e-05,1,-0.436431884765625,999
-0.439453125,30.316576923458,-4.43328857421875e-05,1,-0.438873291015625,1000
-0.44189453125,30.34099092339636,-4.4549560546875e-05,1,-0.44134521484375,1001
-0.4443359375,30.365404923334722,-4.48272705078125e-05,1,-0.44378662109375,1002
-0.44677734375,30.389818923273083,-4.50439453125e-05,1,-0.4461669921875,1003
-0.44921875,30.414232923211443,-4.5318603515625e-05,1,-0.448638916015625,1004
-0.45166015625,30.438646923149804,-4.5538330078125e-05,1,-0.4510498046875,1005
-0.4541015625,30.463060923088165,-4.5803833007812504e-05,1,-0.453460693359375,1006
-0.45654296875,30.487474923026525,-4.6035766601562505e-05,1,-0.455902099609375,1007
-0.458984375,30.511888922964886,-4.6292114257812504e-05,1,-0.4583740234375,1008
-0.46142578125,30.536302922903246,-4.6536254882812504e-05,1,-0.4608154296875,1009
-0.4638671875,30.560716922841607,-4.6777343750000005e-05,1,-0.4632568359375,1010
-0.46630859375,30.585130922779967,-4.7033691406250004e-05,1,-0.465667724609375,1011
-0.46875,30.609544922718328,-4.7265625000000005e-05,1,-0.468109130859375,1012
-0.47119140625,30.63395892265669,-4.75311279296875e-05,1,-0.4705810546875,1013
-0.4736328125,30.65837292259505,-4.77508544921875e-05,1,-0.47296142578125,1014
-0.47607421875,30.68278692253341,-4.8028564453125e-05,1,-0.47540283203125,1015
-0.478515625,30.70720092247177,-4.82421875e-05,1,-0.477874755859375,1016
-0.48095703125,30.73161492241013,-4.85198974609375e-05,1,-0.480316162109375,1017
-0.4833984375,30.75602892234849,-4.8736572265625e-05,1,-0.482818603515625,1018
-0.48583984375,30.780442922286852,-4.90081787109375e-05,1,-0.48516845703125,1019
-0.48828125,30.804856922225213,-4.9234008789062505e-05,1,-0.487640380859375,1020
-0.49072265625,30.829270922163573,-4.9496459960937504e-05,1,-0.490020751953125,1021
-0.4931640625,30.853684922101934,-4.9731445312500005e-05,1,-0.492523193359375,1022
-0.49560546875,30.878098922040294,-4.9957275390625e-05,1,-0.494903564453125,1023
-0.498046875,30.902512921978655,-5.0170898437500004e-05,1,-0.4974365234375,1024
-0.50048828125,30.926926921917016,-5.0415039062500004e-05,1,-0.499847412109375,1025
-0.5029296875,30.951340921855376,-5.0689697265625e-05,1,-0.50225830078125,1026
-0.50537109375,30.975754921793737,-5.0903320312500005e-05,1,-0.504730224609375,1027
-0.5078125,31.000168921732097,-5.1177978515625e-05,1,-0.50714111328125,1028
-0.51025390625,31.024582921670458,-5.1391601562500005e-05,1,-0.509552001953125,1029
-0.5126953125,31.04899692160882,-5.1666259765625e-05,1,-0.511962890625,1030
-0.51513671875,31.07341092154718,-5.1910400390625e-05,1,-0.514434814453125,1031
-0.517578125,31.09782492148554,-5.2185058593750006e-05,1,-0.516876220703125,1032
-0.52001953125,31.1222389214239,-5.2398681640625e-05,1,-0.519256591796875,1033
-0.5224609375,31.14665292136226,-5.267333984375e-05,1,-0.521728515625,1034
-0.52490234375,31.17106692130062,-5.2886962890625e-05,1,-0.524200439453125,1035
-0.52734375,31.195480921238982,-5.316162109375e-05,1,-0.526641845703125,1036
-0.52978515625,31.219894921177342,-5.3375244140625e-05,1,-0.529052734375,1037
-0.5322265625,31.244308921115703,-5.3619384765625004e-05,1,-0.531524658203125,1038
-0.53466796875,31.268722921054064,-5.389404296875e-05,1,-0.533935546875,1039
-0.537109375,31.293136920992424,-5.4107666015625004e-05,1,-0.536376953125,1040
-0.53955078125,31.317550920930785,-5.438232421875e-05,1,-0.538818359375,1041
-0.5419921875,31.341964920869145,-5.4595947265625004e-05,1,-0.541259765625,1042
-0.54443359375,31.366378920807506,-5.487060546875e-05,1,-0.543731689453125,1043
-0.546875,31.390792920745866,-5.5084228515625005e-05,1,-0.546142578125,1044
-0.54931640625,31.415206920684227,-5.5389404296875005e-05,1,-0.548583984375,1045
-0.5517578125,31.439620920622588,-5.560302734375e-05,1,-0.55096435546875,1046
-0.55419921875,31.464034920560948,-5.584716796875e-05,1,-0.55340576171875,1047
-0.556640625,31.48844892049931,-5.609130859375e-05,1,-0.555877685546875,1048
-0.55908203125,31.51286292043767,-5.633544921875e-05,1,-0.558319091796875,1049
-0.5615234375,31.53727692037603,-5.657958984375e-05,1,-0.560760498046875,1050
-0.56396484375,31.56169092031439,-5.6854248046875e-05,1,-0.563201904296875,1051
-0.56640625,31.58610492025275,-5.706787109375e-05,1,-0.56561279296875,1052
-0.56884765625,31.61051892019111,-5.7312011718750003e-05,1,-0.56805419921875,1053
-0.5712890625,31.634932920129472,-5.7586669921875e-05,1,-0.570465087890625,1054
-0.57373046875,31.659346920067833,-5.7800292968750004e-05,1,-0.572906494140625,1055
-0.576171875,31.683760920006193,-5.8074951171875e-05,1,-0.575408935546875,1056
-0.57861328125,31.708174919944554,-5.8288574218750004e-05,1,-0.577789306640625,1057
-0.5810546875,31.732588919882915,-5.8563232421875e-05,1,-0.58026123046875,1058
-0.58349609375,31.757002919821275,-5.8807373046875e-05,1,-0.582672119140625,1059
-0.5859375,31.781416919759636,-5.9082031250000005e-05,1,-0.585174560546875,1060
-0.58837890625,31.805830919697996,-5.9295654296875e-05,1,-0.58758544921875,1061
-0.5908203125,31.830244919636357,-5.9570312500000005e-05,1,-0.59002685546875,1062
-0.59326171875,31.854658919574717,-5.9783935546875e-05,1,-0.592437744140625,1063
-0.595703125,31.879072919513078,-6.0058593750000006e-05,1,-0.59490966796875,1064
-0.59814453125,31.90348691945144,-6.0272216796875e-05,1,-0.59735107421875,1065
-0.6005859375,31.9279009193898,-6.0546875e-05,1,-0.5997314453125,1066
-0.60302734375,31.95231491932816,-6.0791015625e-05,1,-0.60223388671875,1067
-0.60546875,31.97672891926652,-6.103515625e-05,1,-0.6046142578125,1068
-0.60791015625,32.00114291920488,-6.1279296875e-05,1,-0.60711669921875,1069
-0.6103515625,32.02555691914324,-6.15234375e-05,1,-0.60955810546875,1070
-0.61279296875,32.0499709190816,-6.1767578125e-05,1,-0.611968994140625,1071
-0.615234375,32.07438491901996,-6.201171875e-05,1,-0.6143798828125,1072
-0.61767578125,32.09879891895832,-6.2286376953125e-05,1,-0.6168212890625,1073
-0.6201171875,32.123212918896684,-6.25e-05,1,-0.619232177734375,1074
-0.62255859375,32.147626918835044,-6.2744140625e-05,1,-0.6217041015625,1075
-0.625,32.172040918773405,-6.298828125e-05,1,-0.62420654296875,1076
-0.62744140625,32.196454918711765,-6.3262939453125e-05,1,-0.62664794921875,1077
-0.6298828125,32.220868918650126,-6.34765625e-05,1,-0.629058837890625,1078
-0.63232421875,32.24528291858849,-6.3720703125e-05,1,-0.6314697265625,1079
-0.634765625,32.26969691852685,-6.396484375e-05,1,-0.63385009765625,1080
-0.63720703125,32.29411091846521,-6.4208984375e-05,1,-0.6363525390625,1081
-0.6396484375,32.31852491840357,-6.4483642578125e-05,1,-0.638763427734375,1082
-0.64208984375,32.34293891834193,-6.4697265625e-05,1,-0.641265869140625,1083
-0.64453125,32.36735291828029,-6.4971923828125e-05,1,-0.643646240234375,1084
-0.64697265625,32.39176691821865,-6.5185546875e-05,1,-0.6461181640625,1085
-0.6494140625,32.41618091815701,-6.5460205078125e-05,1,-0.648468017578125,1086
-0.65185546875,32.44059491809537,-6.5673828125e-05,1,-0.650970458984375,1087
-0.654296875,32.46500891803373,-6.5948486328125e-05,1,-0.653411865234375,1088
-0.65673828125,32.48942291797209,-6.6162109375e-05,1,-0.655853271484375,1089
-0.6591796875,32.51383691791045,-6.646728515625e-05,1,-0.65826416015625,1090
-0.66162109375,32.53825091784881,-6.6680908203125e-05,1,-0.660675048828125,1091
-0.6640625,32.562664917787174,-6.695556640625e-05,1,-0.663177490234375,1092
-0.66650390625,32.587078917725535,-6.7169189453125e-05,1,-0.6656494140625,1093
-0.6689453125,32.611492917663895,-6.744384765625e-05,1,-0.66796875,1094
-0.67138671875,32.635906917602256,-6.7657470703125e-05,1,-0.67047119140625,1095
-0.673828125,32.660320917540616,-6.793212890625e-05,1,-0.67291259765625,1096
-0.67626953125,32.68473491747898,-6.817626953125e-05,1,-0.67535400390625,1097
-0.6787109375,32.70914891741734,-6.8389892578125e-05,1,-0.6778564453125,1098
-0.68115234375,32.7335629173557,-6.866455078125e-05,1,-0.680267333984375,1099
-0.68359375,32.75797691729406,-6.890869140625e-05,1,-0.682647705078125,1100
-0.68603515625,32.78239091723242,-6.915283203125e-05,1,-0.685150146484375,1101
-0.6884765625,32.80680491717078,-6.939697265625e-05,1,-0.687530517578125,1102
-0.69091796875,32.83121891710914,-6.9671630859375e-05,1,-0.69000244140625,1103
-0.693359375,32.8556329170475,-6.988525390625e-05,1,-0.692474365234375,1104
-0.69580078125,32.88004691698586,-7.0159912109375e-05,1,-0.694854736328125,1105
-0.6982421875,32.90446091692422,-7.037353515625e-05,1,-0.697265625,1106
-0.70068359375,32.92887491686258,-7.0648193359375e-05,1,-0.699676513671875,1107
-0.703125,32.95328891680094,-7.086181640625e-05,1,-0.7021484375,1108
-0.70556640625,32.977702916739304,-7.1136474609375e-05,1,-0.70458984375,1109
-0.7080078125,33.002116916677664,-7.1380615234375e-05,1,-0.707061767578125,1110
-0.71044921875,33.026530916616025,-7.159423828125e-05,1,-0.709503173828125,1111
-0.712890625,33.050944916554386,-7.1868896484375e-05,1,-0.711883544921875,1112
-0.71533203125,33.075358916492746,-7.208251953125e-05,1,-0.71435546875,1113
-0.7177734375,33.09977291643111,-7.2357177734375e-05,1,-0.716766357421875,1114
-0.72021484375,33.12418691636947,-7.257080078125e-05,1,-0.719268798828125,1115
-0.72265625,33.14860091630783,-7.2845458984375e-05,1,-0.72161865234375,1116
-0.72509765625,33.17301491624619,-7.305908203125e-05,1,-0.72412109375,1117
-0.7275390625,33.19742891618455,-7.33642578125e-05,1,-0.7265625,1118
-0.72998046875,33.22184291612291,-7.3577880859375e-05,1,-0.728973388671875,1119
-0.732421875,33.24625691606127,-7.38525390625e-05,1,-0.731414794921875,1120
-0.73486328125,33.27067091599963,-7.4066162109375e-05,1,-0.733856201171875,1121
-0.7373046875,33.29508491593799,-7.43408203125e-05,1,-0.736328125,1122
-0.73974609375,33.31949891587635,-7.4554443359375e-05,1,-0.73876953125,1123
-0.7421875,33.34391291581471,-7.48291015625e-05,1,-0.741180419921875,1124
-0.74462890625,33.36832691575307,-7.50732421875e-05,1,-0.74359130859375,1125
-0.7470703125,33.392740915691434,-7.53173828125e-05,1,-0.746063232421875,1126
-0.74951171875,33.417154915629794,-7.55615234375e-05,1,-0.748504638671875,1127
-0.751953125,33.441568915568155,-7.58056640625e-05,1,-0.7513427734375,1128
-0.75439453125,33.465982915506515,-7.60498046875e-05,1,-0.7537841796875,1129
-0.7568359375,33.490396915444876,-7.62939453125e-05,1,-0.7568359375,1130
-0.75927734375,33.51481091538324,-7.656860351562501e-05,1,-0.75897216796875,1131
-0.76171875,33.5392249153216,-7.67822265625e-05,1,-0.76141357421875,1132
-0.76416015625,33.56363891525996,-7.7056884765625e-05,1,-0.76385498046875,1133
-0.7666015625,33.58805291519832,-7.72705078125e-05,1,-0.7659912109375,1134
-0.76904296875,33.61246691513668,-7.7545166015625e-05,1,-0.76873779296875,1135
-0.771484375,33.63688091507504,-7.77587890625e-05,1,-0.771484375,1136
-0.77392578125,33.6612949150134,-7.8033447265625e-05,1,-0.77301025390625,1137
-0.7763671875,33.68570891495176,-7.82470703125e-05,1,-0.77606201171875,1138
-0.77880859375,33.71012291489012,-7.84912109375e-05,1,-0.77880859375,1139
-0.78125,33.73453691482848,-7.8765869140625e-05,1,-0.78094482421875,1140
-0.78369140625,33.75895091476684,-7.89794921875e-05,1,-0.7830810546875,1141
-0.7861328125,33.7833649147052,-7.9254150390625e-05,1,-0.78582763671875,1142
-0.78857421875,33.80777891464356,-7.94677734375e-05,1,-0.78826904296875,1143
-0.791015625,33.832192914581924,-7.9742431640625e-05,1,-0.7904052734375,1144
-0.79345703125,33.856606914520285,-7.99560546875e-05,1,-0.7928466796875,1145
-0.7958984375,33.881020914458645,-8.0230712890625e-05,1,-0.7952880859375,1146
-0.79833984375,33.905434914397006,-8.04443359375e-05,1,-0.79742431640625,1147
-0.80078125,33.929848914335366,-8.0718994140625e-05,1,-0.80047607421875,1148
-0.80322265625,33.95426291427373,-8.0963134765625e-05,1,-0.80230712890625,1149
-0.8056640625,33.97867691421209,-8.123779296875e-05,1,-0.80535888671875,1150
-0.80810546875,34.00309091415045,-8.1451416015625e-05,1,-0.80718994140625,1151
-0.810546875,34.02750491408881,-8.1695556640625e-05,1,-0.81024169921875,1152
-0.81298828125,34.05191891402717,-8.1939697265625e-05,1,-0.8123779296875,1153
-0.8154296875,34.07633291396553,-8.2183837890625e-05,1,-0.81512451171875,1154
-0.81787109375,34.10074691390389,-8.245849609375e-05,1,-0.81756591796875,1155
-0.8203125,34.12516091384225,-8.2672119140625e-05,1,-0.8197021484375,1156
-0.82275390625,34.14957491378061,-8.294677734375e-05,1,-0.82244873046875,1157
-0.8251953125,34.17398891371897,-8.3160400390625e-05,1,-0.82489013671875,1158
-0.82763671875,34.19840291365733,-8.343505859375e-05,1,-0.82763671875,1159
-0.830078125,34.22281691359569,-8.3648681640625e-05,1,-0.82977294921875,1160
-0.83251953125,34.247230913534054,-8.392333984375e-05,1,-0.831298828125,1161
-0.8349609375,34.271644913472414,-8.416748046875e-05,1,-0.83465576171875,1162
-0.83740234375,34.296058913410775,-8.444213867187501e-05,1,-0.83709716796875,1163
-0.83984375,34.320472913349136,-8.465576171875e-05,1,-0.83953857421875,1164
-0.84228515625,34.344886913287496,-8.4930419921875e-05,1,-0.8416748046875,1165
-0.8447265625,34.36930091322586,-8.514404296875e-05,1,-0.84442138671875,1166
-0.84716796875,34.39371491316422,-8.5418701171875e-05,1,-0.8465576171875,1167
-0.849609375,34.41812891310258,-8.5662841796875e-05,1,-0.848388671875,1168
-0.85205078125,34.44254291304094,-8.587646484375e-05,1,-0.8514404296875,1169
-0.8544921875,34.4669569129793,-8.6151123046875e-05,1,-0.8538818359375,1170
-0.85693359375,34.49137091291766,-8.636474609375e-05,1,-0.85601806640625,1171
-0.859375,34.51578491285602,-8.6639404296875e-05,1,-0.8587646484375,1172
-0.86181640625,34.54019891279438,-8.685302734375e-05,1,-0.86090087890625,1173
-0.8642578125,34.56461291273274,-8.7127685546875e-05,1,-0.86334228515625,1174
-0.86669921875,34.5890269126711,-8.734130859375e-05,1,-0.86639404296875,1175
-0.869140625,34.61344091260946,-8.7615966796875e-05,1,-0.86883544921875,1176
-0.87158203125,34.63785491254782,-8.7860107421875e-05,1,-0.87127685546875,1177
-0.8740234375,34.662268912486184,-8.813476562500001e-05,1,-0.8734130859375,1178
-0.87646484375,34.686682912424544,-8.8348388671875e-05,1,-0.8758544921875,1179
-0.87890625,34.711096912362905,-8.862304687500001e-05,1,-0.87860107421875,1180
-0.88134765625,34.735510912301265,-8.8836669921875e-05,1,-0.8807373046875,1181
-0.8837890625,34.759924912239626,-8.9080810546875e-05,1,-0.8831787109375,1182
-0.88623046875,34.78433891217799,-8.935546875e-05,1,-0.88531494140625,1183
-0.888671875,34.80875291211635,-8.9569091796875e-05,1,-0.88775634765625,1184
-0.89111328125,34.83316691205471,-8.984375e-05,1,-0.8905029296875,1185
-0.8935546875,34.85758091199307,-9.0057373046875e-05,1,-0.89263916015625,1186
-0.89599609375,34.88199491193143,-9.033203125e-05,1,-0.8953857421875,1187
-0.8984375,34.90640891186979,-9.0545654296875e-05,1,-0.8978271484375,1188
-0.90087890625,34.93082291180815,-9.085083007812501e-05,1,-0.90057373046875,1189
-0.9033203125,34.95523691174651,-9.1064453125e-05,1,-0.902099609375,1190
-0.90576171875,34.97965091168487,-9.133911132812501e-05,1,-0.90545654296875,1191
-0.908203125,35.00406491162323,-9.1552734375e-05,1,-0.906982421875,1192
-0.91064453125,35.02847891156159,-9.182739257812501e-05,1,-0.9100341796875,1193
-0.9130859375,35.05289291149995,-9.2041015625e-05,1,-0.91278076171875,1194
-0.91552734375,35.07730691143831,-9.231567382812501e-05,1,-0.91461181640625,1195
-0.91796875,35.101720911376674,-9.255981445312501e-05,1,-0.916748046875,1196
-0.92041015625,35.126134911315035,-9.2803955078125e-05,1,-0.9197998046875,1197
-0.9228515625,35.150548911253395,-9.3048095703125e-05,1,-0.92193603515625,1198
-0.92529296875,35.174962911191756,-9.326171875e-05,1,-0.92498779296875,1199
-0.927734375,35.199376911130116,-9.3536376953125e-05,1,-0.9271240234375,1200
-0.93017578125,35.22379091106848,-9.3780517578125e-05,1,-0.92926025390625,1201
-0.9326171875,35.24820491100684,-9.4024658203125e-05,1,-0.9320068359375,1202
-0.93505859375,35.2726189109452,-9.423828125e-05,1,-0.9344482421875,1203
-0.9375,35.29703291088356,-9.454345703125001e-05,1,-0.9368896484375,1204
-0.93994140625,35.32144691082192,-9.4757080078125e-05,1,-0.9393310546875,1205
-0.9423828125,35.34586091076028,-9.503173828125001e-05,1,-0.94146728515625,1206
-0.94482421875,35.37027491069864,-9.5245361328125e-05,1,-0.9442138671875,1207
-0.947265625,35.394688910637,-9.552001953125001e-05,1,-0.9466552734375,1208
-0.94970703125,35.41910291057536,-9.5733642578125e-05,1,-0.94879150390625,1209
-0.9521484375,35.44351691051372,-9.600830078125001e-05,1,-0.9515380859375,1210
-0.95458984375,35.46793091045208,-9.625244140625001e-05,1,-0.9539794921875,1211
-0.95703125,35.49234491039044,-9.6466064453125e-05,1,-0.9564208984375,1212
-0.95947265625,35.516758910328804,-9.674072265625001e-05,1,-0.9588623046875,1213
-0.9619140625,35.541172910267164,-9.6954345703125e-05,1,-0.96099853515625,1214
-0.96435546875,35.565586910205525,-9.722900390625e-05,1,-0.96343994140625,1215
-0.966796875,35.590000910143885,-9.7442626953125e-05,1,-0.96588134765625,1216
-0.96923828125,35.614414910082246,-9.774780273437501e-05,1,-0.96832275390625,1217
-0.9716796875,35.63882891002061,-9.796142578125e-05,1,-0.9710693359375,1218
-0.97412109375,35.66324290995897,-9.823608398437501e-05,1,-0.97320556640625,1219
-0.9765625,35.68765690989733,-9.844970703125e-05,1,-0.9759521484375,1220
-0.97900390625,35.71207090983569,-9.872436523437501e-05,1,-0.9783935546875,1221
-0.9814453125,35.73648490977405,-9.893798828125e-05,1,-0.9808349609375,1222
-0.98388671875,35.76089890971241,-9.921264648437501e-05,1,-0.9832763671875,1223
-0.986328125,35.78531290965077,-9.945678710937501e-05,1,-0.9857177734375,1224
-0.98876953125,35.80972690958913,-9.970092773437501e-05,1,-0.9881591796875,1225
-0.9912109375,35.83414090952749,-9.994506835937501e-05,1,-0.9906005859375,1226
-0.99365234375,35.85855490946585,-0.00010018920898437501,1,-0.9930419921875,1227
-0.99609375,35.88296890940421,-0.00010043334960937501,1,-0.99609375,1228
-0.99853515625,35.90738290934257,-0.00010067749023437501,1,-0.99822998046875,1229
-1.0009765625,35.93179690928093,-0.000100921630859375,1,-1.0003662109375,1230
-0.99853515625,35.956210909219294,-0.00010064697265625,1,-0.99761962890625,1231
-0.99609375,35.980624909157655,-0.00010043334960937501,1,-0.99517822265625,1232
-0.99365234375,36.005038909096015,-0.00010015869140625,1,-0.9930419921875,1233
-0.9912109375,36.029452909034376,-9.994506835937501e-05,1,-0.99029541015625,1234
-0.98876953125,36.053866908972736,-9.967041015625e-05,1,-0.98846435546875,1235
-0.986328125,36.0782809089111,-9.945678710937501e-05,1,-0.9857177734375,1236
-0.98388671875,36.10269490884946,-9.918212890625e-05,1,-0.98297119140625,1237
-0.9814453125,36.12710890878782,-9.896850585937501e-05,1,-0.9808349609375,1238
-0.97900390625,36.15152290872618,-9.869384765625e-05,1,-0.9783935546875,1239
-0.9765625,36.17593690866454,-9.844970703125e-05,1,-0.9759521484375,1240
-0.97412109375,36.2003509086029,-9.820556640625e-05,1,-0.97320556640625,1241
-0.9716796875,36.22476490854126,-9.796142578125e-05,1,-0.97076416015625,1242
-0.96923828125,36.24917890847962,-9.774780273437501e-05,1,-0.9686279296875,1243
-0.966796875,36.27359290841798,-9.7442626953125e-05,1,-0.9661865234375,1244
-0.96435546875,36.29800690835634,-9.722900390625e-05,1,-0.96343994140625,1245
-0.9619140625,36.3224209082947,-9.6954345703125e-05,1,-0.9613037109375,1246
-0.95947265625,36.34683490823306,-9.674072265625001e-05,1,-0.95855712890625,1247
-0.95703125,36.371248908171424,-9.6466064453125e-05,1,-0.9564208984375,1248
-0.95458984375,36.395662908109784,-9.625244140625001e-05,1,-0.95367431640625,1249
-0.9521484375,36.420076908048145,-9.5977783203125e-05,1,-0.95184326171875,1250
-0.94970703125,36.444490907986506,-9.576416015625001e-05,1,-0.94940185546875,1251
-0.947265625,36.468904907924866,-9.5489501953125e-05,1,-0.94635009765625,1252
-0.94482421875,36.49331890786323,-9.5245361328125e-05,1,-0.94451904296875,1253
-0.9423828125,36.51773290780159,-9.5001220703125e-05,1,-0.94146728515625,1254
-0.93994140625,36.54214690773995,-9.4757080078125e-05,1,-0.9393310546875,1255
-0.9375,36.56656090767831,-9.4512939453125e-05,1,-0.9368896484375,1256
-0.93505859375,36.59097490761667,-9.423828125e-05,1,-0.9344482421875,1257
-0.9326171875,36.61538890755503,-9.4024658203125e-05,1,-0.93231201171875,1258
-0.93017578125,36.63980290749339,-9.3780517578125e-05,1,-0.92926025390625,1259
-0.927734375,36.66421690743175,-9.3536376953125e-05,1,-0.92742919921875,1260
-0.92529296875,36.68863090737011,-9.326171875e-05,1,-0.9246826171875,1261
-0.9228515625,36.71304490730847,-9.3048095703125e-05,1,-0.92254638671875,1262
-0.92041015625,36.73745890724683,-9.27734375e-05,1,-0.9197998046875,1263
-0.91796875,36.76187290718519,-9.255981445312501e-05,1,-0.9173583984375,1264
-0.91552734375,36.786286907123554,-9.228515625e-05,1,-0.91522216796875,1265
-0.9130859375,36.810700907061914,-9.207153320312501e-05,1,-0.9124755859375,1266
-0.91064453125,36.835114907000275,-9.1796875e-05,1,-0.9100341796875,1267
-0.908203125,36.859528906938635,-9.1552734375e-05,1,-0.9075927734375,1268
-0.90576171875,36.883942906876996,-9.130859375e-05,1,-0.9051513671875,1269
-0.9033203125,36.90835690681536,-9.1064453125e-05,1,-0.90240478515625,1270
-0.90087890625,36.93277090675372,-9.08203125e-05,1,-0.89996337890625,1271
-0.8984375,36.95718490669208,-9.0576171875e-05,1,-0.8978271484375,1272
-0.89599609375,36.98159890663044,-9.033203125e-05,1,-0.8953857421875,1273
-0.8935546875,37.0060129065688,-9.0057373046875e-05,1,-0.8929443359375,1274
-0.89111328125,37.03042690650716,-8.984375e-05,1,-0.8905029296875,1275
-0.888671875,37.05484090644552,-8.9569091796875e-05,1,-0.88775634765625,1276
-0.88623046875,37.07925490638388,-8.935546875e-05,1,-0.88531494140625,1277
-0.8837890625,37.10366890632224,-8.9080810546875e-05,1,-0.8831787109375,1278
-0.88134765625,37.1280829062606,-8.88671875e-05,1,-0.88043212890625,1279
-0.87890625,37.15249690619896,-8.8592529296875e-05,1,-0.87799072265625,1280
-0.87646484375,37.17691090613732,-8.8348388671875e-05,1,-0.8758544921875,1281
-0.8740234375,37.20132490607568,-8.8104248046875e-05,1,-0.8740234375,1282
-0.87158203125,37.225738906014044,-8.7860107421875e-05,1,-0.8709716796875,1283
-0.869140625,37.250152905952405,-8.7615966796875e-05,1,-0.86822509765625,1284
-0.86669921875,37.274566905890765,-8.7371826171875e-05,1,-0.865478515625,1285
-0.8642578125,37.298980905829126,-8.7127685546875e-05,1,-0.86334228515625,1286
-0.86181640625,37.323394905767486,-8.685302734375e-05,1,-0.86090087890625,1287
-0.859375,37.34780890570585,-8.6639404296875e-05,1,-0.8587646484375,1288
-0.85693359375,37.37222290564421,-8.636474609375e-05,1,-0.8563232421875,1289
-0.8544921875,37.39663690558257,-8.6151123046875e-05,1,-0.8538818359375,1290
-0.85205078125,37.42105090552093,-8.587646484375e-05,1,-0.85113525390625,1291
-0.849609375,37.44546490545929,-8.5662841796875e-05,1,-0.84930419921875,1292
-0.84716796875,37.46987890539765,-8.538818359375e-05,1,-0.84625244140625,1293
-0.8447265625,37.49429290533601,-8.5174560546875e-05,1,-0.84442138671875,1294
-0.84228515625,37.51870690527437,-8.489990234375e-05,1,-0.8416748046875,1295
-0.83984375,37.54312090521273,-8.465576171875e-05,1,-0.83953857421875,1296
-0.83740234375,37.56753490515109,-8.441162109375e-05,1,-0.8367919921875,1297
-0.8349609375,37.59194890508945,-8.416748046875e-05,1,-0.8343505859375,1298
-0.83251953125,37.61636290502781,-8.392333984375e-05,1,-0.8319091796875,1299
-0.830078125,37.640776904966174,-8.367919921875e-05,1,-0.8294677734375,1300
-0.82763671875,37.665190904904534,-8.343505859375e-05,1,-0.8270263671875,1301
-0.8251953125,37.689604904842895,-8.3160400390625e-05,1,-0.8245849609375,1302
-0.82275390625,37.714018904781256,-8.294677734375e-05,1,-0.82244873046875,1303
-0.8203125,37.738432904719616,-8.2672119140625e-05,1,-0.8197021484375,1304
-0.81787109375,37.76284690465798,-8.245849609375e-05,1,-0.8172607421875,1305
-0.8154296875,37.78726090459634,-8.2183837890625e-05,1,-0.8148193359375,1306
-0.81298828125,37.8116749045347,-8.197021484375e-05,1,-0.8123779296875,1307
-0.810546875,37.83608890447306,-8.1695556640625e-05,1,-0.80963134765625,1308
-0.80810546875,37.86050290441142,-8.1451416015625e-05,1,-0.80718994140625,1309
-0.8056640625,37.88491690434978,-8.1207275390625e-05,1,-0.80474853515625,1310
-0.80322265625,37.90933090428814,-8.0963134765625e-05,1,-0.8026123046875,1311
-0.80078125,37.9337449042265,-8.0718994140625e-05,1,-0.8001708984375,1312
-0.79833984375,37.95815890416486,-8.0474853515625e-05,1,-0.79803466796875,1313
-0.7958984375,37.98257290410322,-8.0230712890625e-05,1,-0.7952880859375,1314
-0.79345703125,38.00698690404158,-7.99560546875e-05,1,-0.792236328125,1315
-0.791015625,38.03140090397994,-7.9742431640625e-05,1,-0.7904052734375,1316
-0.78857421875,38.055814903918304,-7.94677734375e-05,1,-0.7879638671875,1317
-0.7861328125,38.080228903856664,-7.9254150390625e-05,1,-0.78582763671875,1318
-0.78369140625,38.104642903795025,-7.89794921875e-05,1,-0.7830810546875,1319
-0.78125,38.129056903733385,-7.8765869140625e-05,1,-0.78094482421875,1320
-0.77880859375,38.153470903671746,-7.84912109375e-05,1,-0.77850341796875,1321
-0.7763671875,38.17788490361011,-7.8277587890625e-05,1,-0.7757568359375,1322
-0.77392578125,38.20229890354847,-7.80029296875e-05,1,-0.77392578125,1323
-0.771484375,38.22671290348683,-7.7789306640625e-05,1,-0.77117919921875,1324
-0.76904296875,38.25112690342519,-7.75146484375e-05,1,-0.76873779296875,1325
-0.7666015625,38.27554090336355,-7.72705078125e-05,1,-0.76629638671875,1326
-0.76416015625,38.29995490330191,-7.7056884765625e-05,1,-0.7635498046875,1327
-0.76171875,38.32436890324027,-7.67822265625e-05,1,-0.7611083984375,1328
-0.75927734375,38.34878290317863,-7.656860351562501e-05,1,-0.75836181640625,1329
-0.7568359375,38.37319690311699,-7.62939453125e-05,1,-0.7562255859375,1330
-0.75439453125,38.39761090305535,-7.60498046875e-05,1,-0.75408935546875,1331
-0.751953125,38.42202490299371,-7.5775146484375e-05,1,-0.75164794921875,1332
-0.74951171875,38.44643890293207,-7.55615234375e-05,1,-0.74847412109375,1333
-0.7470703125,38.47085290287043,-7.5286865234375e-05,1,-0.746063232421875,1334
-0.74462890625,38.495266902808794,-7.50732421875e-05,1,-0.743621826171875,1335
-0.7421875,38.519680902747155,-7.4798583984375e-05,1,-0.741180419921875,1336
-0.73974609375,38.544094902685515,-7.45849609375e-05,1,-0.73876953125,1337
-0.7373046875,38.568508902623876,-7.43408203125e-05,1,-0.73626708984375,1338
-0.73486328125,38.592922902562236,-7.4066162109375e-05,1,-0.73388671875,1339
-0.732421875,38.6173369025006,-7.3822021484375e-05,1,-0.731414794921875,1340
-0.72998046875,38.64175090243896,-7.3577880859375e-05,1,-0.72900390625,1341
-0.7275390625,38.66616490237732,-7.3333740234375e-05,1,-0.726531982421875,1342
-0.72509765625,38.69057890231568,-7.3089599609375e-05,1,-0.724090576171875,1343
-0.72265625,38.71499290225404,-7.2845458984375e-05,1,-0.7216796875,1344
-0.72021484375,38.7394069021924,-7.257080078125e-05,1,-0.719207763671875,1345
-0.7177734375,38.76382090213076,-7.2357177734375e-05,1,-0.716827392578125,1346
-0.71533203125,38.78823490206912,-7.208251953125e-05,1,-0.71429443359375,1347
-0.712890625,38.81264890200748,-7.1868896484375e-05,1,-0.711883544921875,1348
-0.71044921875,38.83706290194584,-7.159423828125e-05,1,-0.70947265625,1349
-0.7080078125,38.8614769018842,-7.1380615234375e-05,1,-0.70703125,1350
-0.70556640625,38.88589090182256,-7.110595703125e-05,1,-0.704559326171875,1351
-0.703125,38.910304901760924,-7.0892333984375e-05,1,-0.7021484375,1352
-0.70068359375,38.934718901699284,-7.061767578125e-05,1,-0.69976806640625,1353
-0.6982421875,38.959132901637645,-7.037353515625e-05,1,-0.697265625,1354
-0.69580078125,38.983546901576005,-7.012939453125e-05,1,-0.694854736328125,1355
-0.693359375,39.007960901514366,-6.988525390625e-05,1,-0.69244384765625,1356
-0.69091796875,39.03237490145273,-6.9671630859375e-05,1,-0.689971923828125,1357
-0.6884765625,39.05678890139109,-6.939697265625e-05,1,-0.68756103515625,1358
-0.68603515625,39.08120290132945,-6.9183349609375e-05,1,-0.685150146484375,1359
-0.68359375,39.10561690126781,-6.8878173828125e-05,1,-0.6826171875,1360
-0.68115234375,39.13003090120617,-6.866455078125e-05,1,-0.680206298828125,1361
-0.6787109375,39.15444490114453,-6.8389892578125e-05,1,-0.677764892578125,1362
-0.67626953125,39.17885890108289,-6.817626953125e-05,1,-0.675323486328125,1363
-0.673828125,39.20327290102125,-6.7901611328125e-05,1,-0.672943115234375,1364
-0.67138671875,39.22768690095961,-6.768798828125e-05,1,-0.670501708984375,1365
-0.6689453125,39.25210090089797,-6.7413330078125e-05,1,-0.66796875,1366
-0.66650390625,39.27651490083633,-6.719970703125e-05,1,-0.66558837890625,1367
-0.6640625,39.30092890077469,-6.6925048828125e-05,1,-0.663177490234375,1368
-0.66162109375,39.32534290071305,-6.6680908203125e-05,1,-0.660736083984375,1369
-0.6591796875,39.349756900651414,-6.646728515625e-05,1,-0.65826416015625,1370
-0.65673828125,39.374170900589775,-6.6192626953125e-05,1,-0.65582275390625,1371
-0.654296875,39.398584900528135,-6.5948486328125e-05,1,-0.653411865234375,1372
-0.65185546875,39.422998900466496,-6.5673828125e-05,1,-0.6510009765625,1373
-0.6494140625,39.447412900404856,-6.5460205078125e-05,1,-0.64849853515625,1374
-0.64697265625,39.47182690034322,-6.5185546875e-05,1,-0.6461181640625,1375
-0.64453125,39.49624090028158,-6.4971923828125e-05,1,-0.643646240234375,1376
-0.64208984375,39.52065490021994,-6.4697265625e-05,1,-0.641265869140625,1377
-0.6396484375,39.5450689001583,-6.4483642578125e-05,1,-0.6387939453125,1378
-0.63720703125,39.56948290009666,-6.4208984375e-05,1,-0.636322021484375,1379
-0.634765625,39.59389690003502,-6.3995361328125e-05,1,-0.633941650390625,1380
-0.63232421875,39.61831089997338,-6.3720703125e-05,1,-0.631500244140625,1381
-0.6298828125,39.64272489991174,-6.34765625e-05,1,-0.629058837890625,1382
-0.62744140625,39.6671388998501,-6.3232421875e-05,1,-0.6265869140625,1383
-0.625,39.69155289978846,-6.298828125e-05,1,-0.6241455078125,1384
-0.62255859375,39.71596689972682,-6.2744140625e-05,1,-0.621734619140625,1385
-0.6201171875,39.74038089966518,-6.25e-05,1,-0.619293212890625,1386
-0.61767578125,39.764794899603544,-6.2286376953125e-05,1,-0.616790771484375,1387
-0.615234375,39.789208899541904,-6.201171875e-05,1,-0.614410400390625,1388
-0.61279296875,39.813622899480265,-6.1798095703125e-05,1,-0.611968994140625,1389
-0.6103515625,39.838036899418626,-6.1492919921875e-05,1,-0.60955810546875,1390
-0.60791015625,39.862450899356986,-6.1279296875e-05,1,-0.607086181640625,1391
-0.60546875,39.88686489929535,-6.103515625e-05,1,-0.60467529296875,1392
-0.60302734375,39.91127889923371,-6.0791015625e-05,1,-0.60223388671875,1393
-0.6005859375,39.93569289917207,-6.0516357421875e-05,1,-0.5997314453125,1394
-0.59814453125,39.96010689911043,-6.0302734375000006e-05,1,-0.59735107421875,1395
-0.595703125,39.98452089904879,-6.0028076171875e-05,1,-0.5948486328125,1396
-0.59326171875,40.00893489898715,-5.9783935546875e-05,1,-0.592498779296875,1397
-0.5908203125,40.03334889892551,-5.9570312500000005e-05,1,-0.589935302734375,1398
-0.58837890625,40.05776289886387,-5.9295654296875e-05,1,-0.587554931640625,1399
-0.5859375,40.08217689880223,-5.9082031250000005e-05,1,-0.58514404296875,1400
-0.58349609375,40.10659089874059,-5.8807373046875e-05,1,-0.582763671875,1401
-0.5810546875,40.13100489867895,-5.8563232421875e-05,1,-0.580230712890625,1402
-0.57861328125,40.15541889861731,-5.8288574218750004e-05,1,-0.57781982421875,1403
-0.576171875,40.179832898555674,-5.8074951171875e-05,1,-0.57537841796875,1404
-0.57373046875,40.204246898494034,-5.7800292968750004e-05,1,-0.572967529296875,1405
-0.5712890625,40.228660898432395,-5.7586669921875e-05,1,-0.57049560546875,1406
-0.56884765625,40.253074898370755,-5.7312011718750003e-05,1,-0.56805419921875,1407
-0.56640625,40.277488898309116,-5.7098388671875e-05,1,-0.56561279296875,1408
-0.56396484375,40.30190289824748,-5.682373046875e-05,1,-0.563232421875,1409
-0.5615234375,40.32631689818584,-5.657958984375e-05,1,-0.560791015625,1410
-0.55908203125,40.3507308981242,-5.633544921875e-05,1,-0.55828857421875,1411
-0.556640625,40.37514489806256,-5.609130859375e-05,1,-0.555908203125,1412
-0.55419921875,40.39955889800092,-5.584716796875e-05,1,-0.553466796875,1413
-0.5517578125,40.42397289793928,-5.560302734375e-05,1,-0.55096435546875,1414
-0.54931640625,40.44838689787764,-5.535888671875e-05,1,-0.54864501953125,1415
-0.546875,40.472800897816,-5.5084228515625005e-05,1,-0.546142578125,1416
-0.54443359375,40.49721489775436,-5.487060546875e-05,1,-0.543701171875,1417
-0.5419921875,40.52162889769272,-5.4595947265625004e-05,1,-0.541290283203125,1418
-0.53955078125,40.54604289763108,-5.438232421875e-05,1,-0.538818359375,1419
-0.537109375,40.57045689756944,-5.4107666015625004e-05,1,-0.536376953125,1420
-0.53466796875,40.5948708975078,-5.389404296875e-05,1,-0.533935546875,1421
-0.5322265625,40.619284897446164,-5.3619384765625004e-05,1,-0.531494140625,1422
-0.52978515625,40.643698897384525,-5.340576171875e-05,1,-0.529052734375,1423
-0.52734375,40.668112897322885,-5.3131103515625e-05,1,-0.52667236328125,1424
-0.52490234375,40.692526897261246,-5.2886962890625e-05,1,-0.524200439453125,1425
-0.5224609375,40.716940897199606,-5.2642822265625e-05,1,-0.521759033203125,1426
-0.52001953125,40.74135489713797,-5.2398681640625e-05,1,-0.519287109375,1427
-0.517578125,40.76576889707633,-5.2154541015625e-05,1,-0.51690673828125,1428
-0.51513671875,40.79018289701469,-5.1910400390625e-05,1,-0.51446533203125,1429
-0.5126953125,40.81459689695305,-5.1696777343750005e-05,1,-0.511993408203125,1430
-0.51025390625,40.83901089689141,-5.1391601562500005e-05,1,-0.50958251953125,1431
-0.5078125,40.86342489682977,-5.1177978515625e-05,1,-0.507110595703125,1432
-0.50537109375,40.88783889676813,-5.0903320312500005e-05,1,-0.504638671875,1433
-0.5029296875,40.91225289670649,-5.0689697265625e-05,1,-0.50225830078125,1434
-0.50048828125,40.93666689664485,-5.0415039062500004e-05,1,-0.499847412109375,1435
-0.498046875,40.96108089658321,-5.0201416015625e-05,1,-0.497406005859375,1436
-0.49560546875,40.98549489652157,-4.9926757812500004e-05,1,-0.4949951171875,1437
-0.4931640625,41.00990889645993,-4.9740600585937504e-05,1,-0.49249267578125,1438
-0.49072265625,41.034322896398294,-4.9490356445312504e-05,1,-0.49005126953125,1439
-0.48828125,41.058736896336654,-4.9243164062500004e-05,1,-0.48760986328125,1440
-0.48583984375,41.083150896275015,-4.9005126953125004e-05,1,-0.485198974609375,1441
-0.4833984375,41.107564896213376,-4.8742675781250005e-05,1,-0.48272705078125,1442
-0.48095703125,41.131978896151736,-4.8516845703125e-05,1,-0.48028564453125,1443
-0.478515625,41.1563928960901,-4.8248291015625006e-05,1,-0.477813720703125,1444
-0.47607421875,41.18080689602846,-4.8028564453125e-05,1,-0.475433349609375,1445
-0.4736328125,41.20522089596682,-4.77508544921875e-05,1,-0.4730224609375,1446
-0.47119140625,41.22963489590518,-4.75372314453125e-05,1,-0.470550537109375,1447
-0.46875,41.25404889584354,-4.72625732421875e-05,1,-0.468109130859375,1448
-0.46630859375,41.2784628957819,-4.7039794921875e-05,1,-0.4656982421875,1449
-0.4638671875,41.30287689572026,-4.6774291992187505e-05,1,-0.4632568359375,1450
-0.46142578125,41.32729089565862,-4.6542358398437504e-05,1,-0.4608154296875,1451
-0.458984375,41.35170489559698,-4.6286010742187505e-05,1,-0.4583740234375,1452
-0.45654296875,41.37611889553534,-4.6044921875000004e-05,1,-0.4559326171875,1453
-0.4541015625,41.4005328954737,-4.5800781250000004e-05,1,-0.4534912109375,1454
-0.45166015625,41.42494689541206,-4.5544433593750005e-05,1,-0.451019287109375,1455
-0.44921875,41.449360895350424,-4.53155517578125e-05,1,-0.4486083984375,1456
-0.44677734375,41.473774895288784,-4.50469970703125e-05,1,-0.446197509765625,1457
-0.4443359375,41.498188895227145,-4.482421875e-05,1,-0.4437255859375,1458
-0.44189453125,41.522602895165505,-4.4549560546875e-05,1,-0.4412841796875,1459
-0.439453125,41.547016895103866,-4.43359375e-05,1,-0.4388427734375,1460
-0.43701171875,41.571430895042226,-4.40582275390625e-05,1,-0.436492919921875,1461
-0.4345703125,41.59584489498059,-4.3841552734375e-05,1,-0.4339599609375,1462
-0.43212890625,41.62025889491895,-4.35699462890625e-05,1,-0.4315185546875,1463
-0.4296875,41.64467289485731,-4.334716796875e-05,1,-0.42913818359375,1464
-0.42724609375,41.66908689479567,-4.3081665039062505e-05,1,-0.4266357421875,1465
-0.4248046875,41.69350089473403,-4.2846679687500004e-05,1,-0.4241943359375,1466
-0.42236328125,41.71791489467239,-4.2593383789062505e-05,1,-0.42181396484375,1467
-0.419921875,41.74232889461075,-4.2346191406250005e-05,1,-0.419281005859375,1468
-0.41748046875,41.76674289454911,-4.2111206054687504e-05,1,-0.416961669921875,1469
-0.4150390625,41.79115689448747,-4.18487548828125e-05,1,-0.41448974609375,1470
-0.41259765625,41.81557089442583,-4.1622924804687503e-05,1,-0.41204833984375,1471
-0.41015625,41.83998489436419,-4.13543701171875e-05,1,-0.409576416015625,1472
-0.40771484375,41.86439889430255,-4.1131591796875e-05,1,-0.40716552734375,1473
-0.4052734375,41.888812894240914,-4.085693359375e-05,1,-0.404754638671875,1474
-0.40283203125,41.913226894179274,-4.06402587890625e-05,1,-0.40228271484375,1475
-0.400390625,41.937640894117635,-4.03656005859375e-05,1,-0.39990234375,1476
-0.39794921875,41.962054894055996,-4.0145874023437503e-05,1,-0.397430419921875,1477
-0.3955078125,41.986468893994356,-3.98773193359375e-05,1,-0.39495849609375,1478
-0.39306640625,42.01088289393272,-3.9651489257812504e-05,1,-0.392547607421875,1479
-0.390625,42.03529689387108,-3.93890380859375e-05,1,-0.390106201171875,1480
-0.38818359375,42.05971089380944,-3.9151000976562505e-05,1,-0.387664794921875,1481
-0.3857421875,42.0841248937478,-3.8903808593750005e-05,1,-0.38525390625,1482
-0.38330078125,42.10853889368616,-3.86505126953125e-05,1,-0.38275146484375,1483
-0.380859375,42.13295289362452,-3.8418579101562504e-05,1,-0.380340576171875,1484
-0.37841796875,42.15736689356288,-3.8153076171875e-05,1,-0.37786865234375,1485
-0.3759765625,42.18178089350124,-3.7930297851562504e-05,1,-0.375457763671875,1486
-0.37353515625,42.2061948934396,-3.76556396484375e-05,1,-0.373016357421875,1487
-0.37109375,42.23060889337796,-3.7438964843750003e-05,1,-0.370574951171875,1488
-0.36865234375,42.25502289331632,-3.71612548828125e-05,1,-0.368194580078125,1489
-0.3662109375,42.27943689325468,-3.6944580078125004e-05,1,-0.36566162109375,1490
-0.36376953125,42.303850893193044,-3.6669921875e-05,1,-0.363250732421875,1491
-0.361328125,42.328264893131404,-3.6450195312500004e-05,1,-0.360870361328125,1492
-0.35888671875,42.352678893069765,-3.6181640625e-05,1,-0.3583984375,1493
-0.3564453125,42.377092893008125,-3.5952758789062504e-05,1,-0.355926513671875,1494
-0.35400390625,42.401506892946486,-3.56964111328125e-05,1,-0.353485107421875,1495
-0.3515625,42.42592089288485,-3.5455322265625005e-05,1,-0.351043701171875,1496
-0.34912109375,42.45033489282321,-3.5211181640625005e-05,1,-0.348663330078125,1497
-0.3466796875,42.47474889276157,-3.4954833984375e-05,1,-0.346160888671875,1498
-0.34423828125,42.49916289269993,-3.4722900390625004e-05,1,-0.343780517578125,1499
-0.341796875,42.52357689263829,-3.44573974609375e-05,1,-0.34136962890625,1500
-0.33935546875,42.54799089257665,-3.4237670898437504e-05,1,-0.338836669921875,1501
-0.3369140625,42.57240489251501,-3.39599609375e-05,1,-0.33642578125,1502
-0.33447265625,42.59681889245337,-3.3746337890625004e-05,1,-0.333953857421875,1503
-0.33203125,42.62123289239173,-3.34686279296875e-05,1,-0.33154296875,1504
-0.32958984375,42.64564689233009,-3.3251953125000004e-05,1,-0.329071044921875,1505
-0.3271484375,42.67006089226845,-3.2977294921875e-05,1,-0.32672119140625,1506
-0.32470703125,42.69447489220681,-3.2754516601562504e-05,1,-0.32427978515625,1507
-0.322265625,42.71888889214517,-3.24920654296875e-05,1,-0.321807861328125,1508
-0.31982421875,42.743302892083534,-3.2257080078125005e-05,1,-0.3193359375,1509
-0.3173828125,42.767716892021895,-3.20068359375e-05,1,-0.3170166015625,1510
-0.31494140625,42.792130891960255,-3.1756591796875e-05,1,-0.314453125,1511
-0.3125,42.816544891898616,-3.15185546875e-05,1,-0.312042236328125,1512
-0.31005859375,42.840958891836976,-3.1256103515625e-05,1,-0.30963134765625,1513
-0.3076171875,42.86537289177534,-3.1030273437500005e-05,1,-0.30718994140625,1514
-0.30517578125,42.8897868917137,-3.07586669921875e-05,1,-0.3046875,1515
-0.302734375,42.91420089165206,-3.0538940429687504e-05,1,-0.30230712890625,1516
-0.30029296875,42.93861489159042,-3.02642822265625e-05,1,-0.29986572265625,1517
-0.2978515625,42.96302889152878,-3.0047607421875e-05,1,-0.297332763671875,1518
-0.29541015625,42.98744289146714,-2.977294921875e-05,1,-0.29498291015625,1519
-0.29296875,43.0118568914055,-2.955322265625e-05,1,-0.29254150390625,1520
-0.29052734375,43.03627089134386,-2.928466796875e-05,1,-0.2900390625,1521
-0.2880859375,43.06068489128222,-2.9055786132812502e-05,1,-0.28759765625,1522
-0.28564453125,43.08509889122058,-2.879638671875e-05,1,-0.285186767578125,1523
-0.283203125,43.10951289115894,-2.8558349609375002e-05,1,-0.28277587890625,1524
-0.28076171875,43.1339268910973,-2.8311157226562502e-05,1,-0.28033447265625,1525
-0.2783203125,43.158340891035664,-2.8057861328125e-05,1,-0.277862548828125,1526
-0.27587890625,43.182754890974024,-2.7825927734375e-05,1,-0.275421142578125,1527
-0.2734375,43.207168890912385,-2.75604248046875e-05,1,-0.2730712890625,1528
-0.27099609375,43.231582890850746,-2.7337646484375e-05,1,-0.27056884765625,1529
-0.2685546875,43.255996890789106,-2.706298828125e-05,1,-0.26812744140625,1530
-0.26611328125,43.28041089072747,-2.68463134765625e-05,1,-0.265625,1531
-0.263671875,43.30482489066583,-2.6568603515625e-05,1,-0.26324462890625,1532
-0.26123046875,43.32923889060419,-2.635498046875e-05,1,-0.260833740234375,1533
-0.2587890625,43.35365289054255,-2.6080322265625e-05,1,-0.25836181640625,1534
-0.25634765625,43.37806689048091,-2.58575439453125e-05,1,-0.255950927734375,1535
-0.25390625,43.40248089041927,-2.5592041015625e-05,1,-0.2535400390625,1536
-0.25146484375,43.42689489035763,-2.5360107421875002e-05,1,-0.25103759765625,1537
-0.2490234375,43.45130889029599,-2.51068115234375e-05,1,-0.2486572265625,1538
-0.24658203125,43.47572289023435,-2.4859619140625e-05,1,-0.24615478515625,1539
-0.244140625,43.50013689017271,-2.4621582031250002e-05,1,-0.2437744140625,1540
-0.24169921875,43.52455089011107,-2.4359130859375e-05,1,-0.241302490234375,1541
-0.2392578125,43.54896489004943,-2.4133300781250002e-05,1,-0.238861083984375,1542
-0.23681640625,43.573378889987794,-2.386474609375e-05,1,-0.236419677734375,1543
-0.234375,43.597792889926154,-2.364501953125e-05,1,-0.233978271484375,1544
-0.23193359375,43.622206889864515,-2.33673095703125e-05,1,-0.231597900390625,1545
-0.2294921875,43.646620889802875,-2.31536865234375e-05,1,-0.2291259765625,1546
-0.22705078125,43.671034889741236,-2.28759765625e-05,1,-0.226654052734375,1547
-0.224609375,43.6954488896796,-2.26593017578125e-05,1,-0.22418212890625,1548
-0.22216796875,43.71986288961796,-2.23876953125e-05,1,-0.221832275390625,1549
-0.2197265625,43.74427688955632,-2.2161865234375002e-05,1,-0.21929931640625,1550
-0.21728515625,43.76869088949468,-2.18994140625e-05,1,-0.216888427734375,1551
-0.21484375,43.79310488943304,-2.1661376953125e-05,1,-0.21441650390625,1552
-0.21240234375,43.8175188893714,-2.14141845703125e-05,1,-0.2120361328125,1553
-0.2099609375,43.84193288930976,-2.11639404296875e-05,1,-0.209564208984375,1554
-0.20751953125,43.86634688924812,-2.0928955078125002e-05,1,-0.2071533203125,1555
-0.205078125,43.89076088918648,-2.06634521484375e-05,1,-0.20477294921875,1556
-0.20263671875,43.91517488912484,-2.0440673828125002e-05,1,-0.202301025390625,1557
-0.2001953125,43.9395888890632,-2.01690673828125e-05,1,-0.1998291015625,1558
-0.19775390625,43.96400288900156,-1.9952392578125e-05,1,-0.197479248046875,1559
-0.1953125,43.98841688893992,-1.96746826171875e-05,1,-0.194976806640625,1560
-0.19287109375,44.012830888878284,-1.9458007812500002e-05,1,-0.1925048828125,1561
-0.1904296875,44.037244888816645,-1.9183349609375e-05,1,-0.190093994140625,1562
-0.18798828125,44.061658888755005,-1.8960571289062502e-05,1,-0.18768310546875,1563
-0.185546875,44.086072888693366,-1.8695068359375e-05,1,-0.185272216796875,1564
-0.18310546875,44.110486888631726,-1.8466186523437503e-05,1,-0.18280029296875,1565
-0.1806640625,44.13490088857009,-1.8206787109375e-05,1,-0.18035888671875,1566
-0.17822265625,44.15931488850845,-1.79656982421875e-05,1,-0.177886962890625,1567
-0.17578125,44.18372888844681,-1.77215576171875e-05,1,-0.175506591796875,1568
-0.17333984375,44.20814288838517,-1.74652099609375e-05,1,-0.173004150390625,1569
-0.1708984375,44.23255688832353,-1.7236328125000002e-05,1,-0.17059326171875,1570
-0.16845703125,44.25697088826189,-1.69708251953125e-05,1,-0.16815185546875,1571
-0.166015625,44.28138488820025,-1.6748046875000002e-05,1,-0.165771484375,1572
-0.16357421875,44.30579888813861,-1.6473388671875002e-05,1,-0.163299560546875,1573
-0.1611328125,44.33021288807697,-1.6259765625e-05,1,-0.160797119140625,1574
-0.15869140625,44.35462688801533,-1.5979003906250002e-05,1,-0.15838623046875,1575
-0.15625,44.37904088795369,-1.5765380859375002e-05,1,-0.15594482421875,1576
-0.15380859375,44.40345488789205,-1.549072265625e-05,1,-0.153472900390625,1577
-0.1513671875,44.427868887830414,-1.5267944335937502e-05,1,-0.151092529296875,1578
-0.14892578125,44.452282887768774,-1.5002441406250001e-05,1,-0.148651123046875,1579
-0.146484375,44.476696887707135,-1.4770507812500001e-05,1,-0.14617919921875,1580
-0.14404296875,44.501110887645495,-1.45172119140625e-05,1,-0.143768310546875,1581
-0.1416015625,44.525524887583856,-1.427001953125e-05,1,-0.141326904296875,1582
-0.13916015625,44.54993888752222,-1.4031982421875001e-05,1,-0.138946533203125,1583
-0.13671875,44.57435288746058,-1.3772583007812501e-05,1,-0.136474609375,1584
-0.13427734375,44.59876688739894,-1.3543701171875001e-05,1,-0.134002685546875,1585
-0.1318359375,44.6231808873373,-1.3275146484375e-05,1,-0.13153076171875,1586
-0.12939453125,44.64759488727566,-1.3055419921875e-05,1,-0.129150390625,1587
-0.126953125,44.67200888721402,-1.27777099609375e-05,1,-0.126678466796875,1588
-0.12451171875,44.69642288715238,-1.25640869140625e-05,1,-0.124267578125,1589
-0.1220703125,44.72083688709074,-1.2286376953125e-05,1,-0.121826171875,1590
-0.11962890625,44.7452508870291,-1.20697021484375e-05,1,-0.11944580078125,1591
-0.1171875,44.76966488696746,-1.1798095703125e-05,1,-0.116973876953125,1592
-0.11474609375,44.79407888690582,-1.1572265625000001e-05,1,-0.114501953125,1593
-0.1123046875,44.81849288684418,-1.1309814453125001e-05,1,-0.112060546875,1594
-0.10986328125,44.84290688678254,-1.107177734375e-05,1,-0.109619140625,1595
-0.107421875,44.867320886720904,-1.08245849609375e-05,1,-0.107177734375,1596
-0.10498046875,44.891734886659265,-1.0574340820312501e-05,1,-0.104766845703125,1597
-0.1025390625,44.916148886597625,-1.033935546875e-05,1,-0.102264404296875,1598
-0.10009765625,44.940562886535986,-1.00738525390625e-05,1,-0.09991455078125,1599
-0.09765625,44.964976886474346,-9.851074218750001e-06,1,-0.097503662109375,1600
-0.09521484375,44.98939088641271,-9.5794677734375e-06,1,-0.09503173828125,1601
-0.0927734375,45.01380488635107,-9.36279296875e-06,1,-0.092559814453125,1602
-0.09033203125,45.03821888628943,-9.0850830078125e-06,1,-0.09014892578125,1603
-0.087890625,45.06263288622779,-8.868408203125e-06,1,-0.087677001953125,1604
-0.08544921875,45.08704688616615,-8.5968017578125e-06,1,-0.08514404296875,1605
-0.0830078125,45.11146088610451,-8.374023437500001e-06,1,-0.082733154296875,1606
-0.08056640625,45.13587488604287,-8.108520507812501e-06,1,-0.080291748046875,1607
-0.078125,45.16028888598123,-7.8765869140625e-06,1,-0.077850341796875,1608
-0.07568359375,45.18470288591959,-7.623291015625001e-06,1,-0.075408935546875,1609
-0.0732421875,45.20911688585795,-7.3791503906250005e-06,1,-0.07305908203125,1610
-0.07080078125,45.23353088579631,-7.135009765625e-06,1,-0.070648193359375,1611
-0.068359375,45.25794488573467,-6.8786621093750005e-06,1,-0.068084716796875,1612
-0.06591796875,45.282358885673034,-6.6497802734375e-06,1,-0.065704345703125,1613
-0.0634765625,45.306772885611394,-6.3812255859375e-06,1,-0.063201904296875,1614
-0.06103515625,45.331186885549755,-6.161499023437501e-06,1,-0.060791015625,1615
-0.05859375,45.355600885488116,-5.8868408203125005e-06,1,-0.058380126953125,1616
-0.05615234375,45.380014885426476,-5.670166015625001e-06,1,-0.055999755859375,1617
-0.0537109375,45.40442888536484,-5.392456054687501e-06,1,-0.053497314453125,1618
-0.05126953125,45.4288428853032,-5.17578125e-06,1,-0.051055908203125,1619
-0.048828125,45.45325688524156,-4.908752441406251e-06,1,-0.04862670898437499,1620
-0.04638671875,45.47767088517992,-4.68475341796875e-06,1,-0.046166992187500006,1621
-0.0439453125,45.50208488511828,-4.42138671875e-06,1,-0.04372863769531249,1622
-0.04150390625,45.52649888505664,-4.1860961914062504e-06,1,-0.04130859375000001,1623
-0.0390625,45.550912884995,-3.935546875000001e-06,1,-0.03886108398437499,1624
-0.03662109375,45.57532688493336,-3.68743896484375e-06,1,-0.03643798828125,1625
-0.0341796875,45.59974088487172,-3.4497070312500005e-06,1,-0.03398437500000001,1626
-0.03173828125,45.62415488481008,-3.1875610351562505e-06,1,-0.03152160644531249,1627
-0.029296875,45.64856888474844,-2.9626464843750004e-06,1,-0.029122924804687506,1628
-0.02685546875,45.6729828846868,-2.6919555664062503e-06,1,-0.02667541503906251,1629
-0.0244140625,45.697396884625164,-2.47283935546875e-06,1,-0.024227905273437503,1630
-0.02197265625,45.721810884563524,-2.1960449218750003e-06,1,-0.021780395507812494,1631
-0.01953125,45.746224884501885,-1.98272705078125e-06,1,-0.019351196289062497,1632
-0.01708984375,45.770638884440245,-1.7059326171875002e-06,1,-0.016915893554687506,1633
-0.0146484375,45.795052884378606,-1.4868164062500002e-06,1,-0.014474487304687506,1634
-0.01220703125,45.81946688431697,-1.2170410156250002e-06,1,-0.01202392578125,1635
-0.009765625,45.84388088425533,-9.899902343750001e-07,1,-0.0095977783203125,1636
-0.00732421875,45.86829488419369,-7.308959960937501e-07,1,-0.007144165039062497,1637
-0.0048828125,45.89270888413205,-4.913330078125e-07,1,-0.004730224609375,1638
-0.00244140625,45.91712288407041,-2.452392578125e-07,1,-0.0022827148437500056,1639
0.0,45.94153688400877,7.904052734375028e-09,1,0.00016479492187500278,1640
0.00244140625,45.96595088394713,2.3950195312499997e-07,2,0.0026031494140625056,1641
0.0048828125,45.99036488388549,5.059814453124999e-07,2,0.0050262451171874944,1642
0.00732421875,46.01477888382385,7.28759765625e-07,2,0.007464599609374997,1643
0.009765625,46.03919288376221,1.00128173828125e-06,2,0.009906005859374997,1644
0.01220703125,46.06360688370057,1.21795654296875e-06,2,0.012350463867187494,1645
0.0146484375,46.08802088363893,1.4959716796875e-06,2,0.014779663085937506,1646
0.01708984375,46.11243488357729,1.7117309570312498e-06,2,0.017218017578124994,1647
0.01953125,46.136848883515654,1.98516845703125e-06,2,0.019631958007812506,1648
0.02197265625,46.161262883454015,2.20703125e-06,2,0.0220794677734375,1649
0.0244140625,46.185676883392375,2.47344970703125e-06,2,0.024523925781249997,1650
0.02685546875,46.210090883330736,2.7056884765625e-06,2,0.02695312500000001,1651
0.029296875,46.234504883269096,2.9598999023437498e-06,2,0.02939453125000001,1652
0.03173828125,46.25891888320746,3.204345703125e-06,2,0.031838989257812506,1653
0.0341796875,46.28333288314582,3.446044921875e-06,2,0.0342987060546875,1654
0.03662109375,46.30774688308418,3.7048339843750002e-06,2,0.0367401123046875,1655
0.0390625,46.33216088302254,3.931884765625e-06,2,0.039163208007812506,1656
0.04150390625,46.3565748829609,4.2013549804687504e-06,2,0.041604614257812506,1657
0.0439453125,46.38098888289926,4.4216918945312506e-06,2,0.0440673828125,1658
0.04638671875,46.40540288283762,4.69757080078125e-06,2,0.046496582031250004,1659
0.048828125,46.42981688277598,4.9114990234375e-06,2,0.0489471435546875,1660
0.05126953125,46.45423088271434,5.1910400390625e-06,2,0.0511474609375,1661
0.0537109375,46.4786448826527,5.407714843750001e-06,2,0.0535888671875,1662
0.05615234375,46.50305888259106,5.6793212890625005e-06,2,0.0560302734375,1663
0.05859375,46.52747288252942,5.9051513671875e-06,2,0.058380126953125,1664
0.06103515625,46.551886882467784,6.167602539062501e-06,2,0.06085205078125,1665
0.0634765625,46.576300882406144,6.4025878906250004e-06,2,0.06329345703125,1666
0.06591796875,46.600714882344505,6.652832031250001e-06,2,0.065765380859375,1667
0.068359375,46.625128882282866,6.900024414062501e-06,2,0.068145751953125,1668
0.07080078125,46.649542882221226,7.135009765625e-06,2,0.070556640625,1669
0.0732421875,46.67395688215959,7.400512695312501e-06,2,0.073028564453125,1670
0.07568359375,46.69837088209795,7.6263427734375e-06,2,0.0755615234375,1671
0.078125,46.72278488203631,7.894897460937501e-06,2,0.07794189453125,1672
0.08056640625,46.74719888197467,8.1146240234375e-06,2,0.080352783203125,1673
0.0830078125,46.77161288191303,8.392333984375e-06,2,0.082763671875,1674
0.08544921875,46.79602688185139,8.605957031250001e-06,2,0.08526611328125,1675
0.087890625,46.82044088178975,8.880615234375001e-06,2,0.087677001953125,1676
0.09033203125,46.84485488172811,9.1033935546875e-06,2,0.090087890625,1677
0.0927734375,46.86926888166647,9.371948242187501e-06,2,0.092559814453125,1678
0.09521484375,46.89368288160483,9.600830078125001e-06,2,0.09490966796875,1679
0.09765625,46.91809688154319,9.857177734375e-06,2,0.097381591796875,1680
0.10009765625,46.94251088148155,1.00982666015625e-05,2,0.099884033203125,1681
0.1025390625,46.966924881419914,1.0342407226562501e-05,2,0.102294921875,1682
0.10498046875,46.991338881358274,1.0598754882812502e-05,2,0.104766845703125,1683
0.107421875,47.015752881296635,1.0830688476562501e-05,2,0.107147216796875,1684
0.10986328125,47.040166881234995,1.1096191406250001e-05,2,0.109619140625,1685
0.1123046875,47.064580881173356,1.13189697265625e-05,2,0.112030029296875,1686
0.11474609375,47.08899488111172,1.15936279296875e-05,2,0.114501953125,1687
0.1171875,47.11340888105008,1.18072509765625e-05,2,0.11688232421875,1688
0.11962890625,47.13782288098844,1.20849609375e-05,2,0.119354248046875,1689
0.1220703125,47.1622368809268,1.23016357421875e-05,2,0.12176513671875,1690
0.12451171875,47.18665088086516,1.25762939453125e-05,2,0.124176025390625,1691
0.126953125,47.21106488080352,1.2799072265625002e-05,2,0.12664794921875,1692
0.12939453125,47.23547888074188,1.3061523437500001e-05,2,0.129058837890625,1693
0.1318359375,47.25989288068024,1.3296508789062501e-05,2,0.131500244140625,1694
0.13427734375,47.2843068806186,1.3549804687500002e-05,2,0.134002685546875,1695
0.13671875,47.30872088055696,1.3796997070312502e-05,2,0.1363525390625,1696
0.13916015625,47.33313488049532,1.4035034179687501e-05,2,0.138824462890625,1697
0.1416015625,47.35754888043368,1.4294433593750001e-05,2,0.141265869140625,1698
0.14404296875,47.38196288037204,1.4520263671875002e-05,2,0.1436767578125,1699
0.146484375,47.406376880310404,1.47918701171875e-05,2,0.146087646484375,1700
0.14892578125,47.430790880248765,1.5008544921875e-05,2,0.1485595703125,1701
0.1513671875,47.455204880187125,1.52862548828125e-05,2,0.150970458984375,1702
0.15380859375,47.479618880125486,1.54998779296875e-05,2,0.1534423828125,1703
0.15625,47.504032880063846,1.5777587890625e-05,2,0.155853271484375,1704
0.15869140625,47.52844688000221,1.59942626953125e-05,2,0.158294677734375,1705
0.1611328125,47.55286087994057,1.62689208984375e-05,2,0.16070556640625,1706
0.16357421875,47.57727487987893,1.6494750976562503e-05,2,0.16314697265625,1707
0.166015625,47.60168887981729,1.6754150390625e-05,2,0.165618896484375,1708
0.16845703125,47.62610287975565,1.6992187500000002e-05,2,0.1680908203125,1709
0.1708984375,47.65051687969401,1.7239379882812502e-05,2,0.17047119140625,1710
0.17333984375,47.67493087963237,1.749267578125e-05,2,0.1728515625,1711
0.17578125,47.69934487957073,1.7724609375000003e-05,2,0.17529296875,1712
0.17822265625,47.72375887950909,1.79901123046875e-05,2,0.177734375,1713
0.1806640625,47.74817287944745,1.8212890625e-05,2,0.180206298828125,1714
0.18310546875,47.77258687938581,1.8487548828125e-05,2,0.1826171875,1715
0.185546875,47.79700087932417,1.8701171875e-05,2,0.18505859375,1716
0.18798828125,47.821414879262534,1.89788818359375e-05,2,0.1875,1717
0.1904296875,47.845828879200894,1.9195556640625e-05,2,0.189971923828125,1718
0.19287109375,47.870242879139255,1.947021484375e-05,2,0.192352294921875,1719
0.1953125,47.894656879077615,1.9689941406250003e-05,2,0.19476318359375,1720
0.19775390625,47.919070879015976,1.995849609375e-05,2,0.197235107421875,1721
0.2001953125,47.94348487895434,2.0190429687500002e-05,2,0.199676513671875,1722
0.20263671875,47.9678988788927,2.04437255859375e-05,2,0.20208740234375,1723
0.205078125,47.99231287883106,2.0687866210937502e-05,2,0.20452880859375,1724
0.20751953125,48.01672687876942,2.0932006835937502e-05,2,0.206939697265625,1725
0.2099609375,48.04114087870778,2.11883544921875e-05,2,0.2093505859375,1726
0.21240234375,48.06555487864614,2.1417236328125003e-05,2,0.2117919921875,1727
0.21484375,48.0899688785845,2.1685791015625e-05,2,0.214202880859375,1728
0.21728515625,48.11438287852286,2.1905517578125003e-05,2,0.2166748046875,1729
0.2197265625,48.13879687846122,2.2180175781250003e-05,2,0.2191162109375,1730
0.22216796875,48.16321087839958,2.2396850585937503e-05,2,0.221527099609375,1731
0.224609375,48.18762487833794,2.2671508789062504e-05,2,0.224029541015625,1732
0.22705078125,48.2120388782763,2.2891235351562503e-05,2,0.2264404296875,1733
0.2294921875,48.23645287821466,2.3162841796875e-05,2,0.2288818359375,1734
0.23193359375,48.260866878153024,2.3385620117187503e-05,2,0.231292724609375,1735
0.234375,48.285280878091385,2.36480712890625e-05,2,0.23370361328125,1736
0.23681640625,48.309694878029745,2.3886108398437502e-05,2,0.236114501953125,1737
0.2392578125,48.334108877968106,2.41363525390625e-05,2,0.238555908203125,1738
0.24169921875,48.358522877906466,2.4383544921875e-05,2,0.240997314453125,1739
0.244140625,48.38293687784483,2.4621582031250002e-05,2,0.243408203125,1740
0.24658203125,48.40735087778319,2.4884033203125e-05,2,0.245819091796875,1741
0.2490234375,48.43176487772155,2.5109863281250003e-05,2,0.248291015625,1742
0.25146484375,48.45617887765991,2.5381469726562503e-05,2,0.250701904296875,1743
0.25390625,48.48059287759827,2.5598144531250003e-05,2,0.253143310546875,1744
0.25634765625,48.50500687753663,2.5875854492187503e-05,2,0.25555419921875,1745
0.2587890625,48.52942087747499,2.6089477539062503e-05,2,0.257965087890625,1746
0.26123046875,48.55383487741335,2.6367187500000003e-05,2,0.26043701171875,1747
0.263671875,48.57824887735171,2.6583862304687503e-05,2,0.26287841796875,1748
0.26611328125,48.60266287729007,2.6855468750000004e-05,2,0.265350341796875,1749
0.2685546875,48.62707687722843,2.7084350585937502e-05,2,0.2677001953125,1750
0.27099609375,48.65149087716679,2.73406982421875e-05,2,0.27020263671875,1751
0.2734375,48.675904877105154,2.7581787109375e-05,2,0.2725830078125,1752
0.27587890625,48.700318877043514,2.78289794921875e-05,2,0.275054931640625,1753
0.2783203125,48.724732876981875,2.8082275390625004e-05,2,0.277496337890625,1754
0.28076171875,48.749146876920236,2.8314208984375002e-05,2,0.2799072265625,1755
0.283203125,48.773560876858596,2.8579711914062503e-05,2,0.28228759765625,1756
0.28564453125,48.79797487679696,2.8802490234375003e-05,2,0.284759521484375,1757
0.2880859375,48.82238887673532,2.9074096679687503e-05,2,0.287200927734375,1758
0.29052734375,48.84680287667368,2.9290771484375003e-05,2,0.289642333984375,1759
0.29296875,48.87121687661204,2.9568481445312503e-05,2,0.29205322265625,1760
0.29541015625,48.8956308765504,2.9785156250000003e-05,2,0.294464111328125,1761
0.2978515625,48.92004487648876,3.0056762695312503e-05,2,0.296875,1762
0.30029296875,48.94445887642712,3.0291748046875e-05,2,0.2999267578125,1763
0.302734375,48.96887287636548,3.055419921875e-05,2,0.3023681640625,1764
0.30517578125,48.99328687630384,3.0789184570312504e-05,2,0.30487060546875,1765
0.3076171875,49.0177008762422,3.104248046875e-05,2,0.30731201171875,1766
0.31005859375,49.04211487618056,3.1286621093750003e-05,2,0.309722900390625,1767
0.3125,49.06652887611892,3.1530761718750004e-05,2,0.3121337890625,1768
0.31494140625,49.090942876057284,3.17901611328125e-05,2,0.314605712890625,1769
0.3173828125,49.115356875995644,3.2015991210937504e-05,2,0.317047119140625,1770
0.31982421875,49.139770875934005,3.228759765625e-05,2,0.319488525390625,1771
0.322265625,49.164184875872365,3.2507324218750004e-05,2,0.321990966796875,1772
0.32470703125,49.188598875810726,3.2781982421875e-05,2,0.324432373046875,1773
0.3271484375,49.21301287574909,3.2998657226562505e-05,2,0.32684326171875,1774
0.32958984375,49.23742687568745,3.32733154296875e-05,2,0.329315185546875,1775
0.33203125,49.26184087562581,3.3493041992187504e-05,2,0.331695556640625,1776
0.33447265625,49.28625487556417,3.37615966796875e-05,2,0.33416748046875,1777
0.3369140625,49.31066887550253,3.3990478515625004e-05,2,0.336578369140625,1778
0.33935546875,49.33508287544089,3.42498779296875e-05,2,0.339019775390625,1779
0.341796875,49.35949687537925,3.44879150390625e-05,2,0.341461181640625,1780
0.34423828125,49.38391087531761,3.47381591796875e-05,2,0.343902587890625,1781
0.3466796875,49.40832487525597,3.49884033203125e-05,2,0.3463134765625,1782
0.34912109375,49.43273887519433,3.5220336914062504e-05,2,0.3487548828125,1783
0.3515625,49.45715287513269,3.548583984375e-05,2,0.3511962890625,1784
0.35400390625,49.48156687507105,3.5711669921875004e-05,2,0.35357666015625,1785
0.3564453125,49.50598087500941,3.59832763671875e-05,2,0.356048583984375,1786
0.35888671875,49.530394874947774,3.6199951171875004e-05,2,0.358551025390625,1787
0.361328125,49.554808874886135,3.64776611328125e-05,2,0.360992431640625,1788
0.36376953125,49.579222874824495,3.6694335937500004e-05,2,0.363372802734375,1789
0.3662109375,49.603636874762856,3.69659423828125e-05,2,0.365875244140625,1790
0.36865234375,49.628050874701216,3.7188720703125004e-05,2,0.368316650390625,1791
0.37109375,49.65246487463958,3.74542236328125e-05,2,0.370697021484375,1792
0.37353515625,49.67687887457794,3.76861572265625e-05,2,0.373077392578125,1793
0.3759765625,49.7012928745163,3.79425048828125e-05,2,0.3756103515625,1794
0.37841796875,49.72570687445466,3.81866455078125e-05,2,0.3780517578125,1795
0.380859375,49.75012087439302,3.8427734375e-05,2,0.380462646484375,1796
0.38330078125,49.77453487433138,3.86871337890625e-05,2,0.382904052734375,1797
0.3857421875,49.79894887426974,3.8916015625000003e-05,2,0.38531494140625,1798
0.38818359375,49.8233628742081,3.91815185546875e-05,2,0.387786865234375,1799
0.390625,49.84777687414646,3.9404296875000004e-05,2,0.39019775390625,1800
0.39306640625,49.87219087408482,3.9678955078125e-05,2,0.39263916015625,1801
0.3955078125,49.89660487402318,3.9892578125000004e-05,2,0.395111083984375,1802
0.39794921875,49.92101887396154,4.017333984375e-05,2,0.39752197265625,1803
0.400390625,49.945432873899904,4.0390014648437504e-05,2,0.399993896484375,1804
0.40283203125,49.969846873838264,4.066162109375e-05,2,0.402435302734375,1805
0.4052734375,49.994260873776625,4.0884399414062503e-05,2,0.404876708984375,1806
0.40771484375,50.018674873714986,4.114990234375e-05,2,0.40728759765625,1807
0.41015625,50.043088873653346,4.13848876953125e-05,2,0.409698486328125,1808
0.41259765625,50.06750287359171,4.16351318359375e-05,2,0.412139892578125,1809
0.4150390625,50.09191687353007,4.188232421875e-05,2,0.414581298828125,1810
0.41748046875,50.11633087346843,4.2120361328125e-05,2,0.4169921875,1811
0.419921875,50.14074487340679,4.23797607421875e-05,2,0.41949462890625,1812
0.42236328125,50.16515887334515,4.2608642578125e-05,2,0.421905517578125,1813
0.4248046875,50.18957287328351,4.2877197265625e-05,2,0.42437744140625,1814
0.42724609375,50.21398687322187,4.3096923828125004e-05,2,0.426849365234375,1815
0.4296875,50.23840087316023,4.33746337890625e-05,2,0.429229736328125,1816
0.43212890625,50.26281487309859,4.3588256835937504e-05,2,0.431640625,1817
0.4345703125,50.28722887303695,4.38629150390625e-05,2,0.434112548828125,1818
0.43701171875,50.31164287297531,4.4082641601562504e-05,2,0.4365234375,1819
0.439453125,50.33605687291367,4.4354248046875e-05,2,0.438934326171875,1820
0.44189453125,50.360470872852034,4.4580078125e-05,2,0.44140625,1821
0.4443359375,50.384884872790394,4.48394775390625e-05,2,0.44384765625,1822
0.44677734375,50.409298872728755,4.508056640625e-05,2,0.4462890625,1823
0.44921875,50.433712872667115,4.532470703125e-05,2,0.44873046875,1824
0.45166015625,50.458126872605476,4.55810546875e-05,2,0.451141357421875,1825
0.4541015625,50.48254087254384,4.581298828125e-05,2,0.453582763671875,1826
0.45654296875,50.5069548724822,4.60784912109375e-05,2,0.4560546875,1827
0.458984375,50.53136887242056,4.6298217773437504e-05,2,0.45849609375,1828
0.46142578125,50.55578287235892,4.65728759765625e-05,2,0.4609375,1829
0.4638671875,50.58019687229728,4.6789550781250004e-05,2,0.463348388671875,1830
0.46630859375,50.60461087223564,4.70672607421875e-05,2,0.46575927734375,1831
0.46875,50.629024872174,4.7283935546875e-05,2,0.468231201171875,1832
0.47119140625,50.65343887211236,4.75555419921875e-05,2,0.470672607421875,1833
0.4736328125,50.67785287205072,4.77783203125e-05,2,0.473114013671875,1834
0.47607421875,50.70226687198908,4.8046875e-05,2,0.4755859375,1835
0.478515625,50.72668087192744,4.827880859375e-05,2,0.478057861328125,1836
0.48095703125,50.7510948718658,4.85321044921875e-05,2,0.480438232421875,1837
0.4833984375,50.77550887180416,4.87762451171875e-05,2,0.482879638671875,1838
0.48583984375,50.799922871742524,4.9017333984375e-05,2,0.485260009765625,1839
0.48828125,50.824336871680885,4.92767333984375e-05,2,0.487701416015625,1840
0.49072265625,50.848750871619245,4.95025634765625e-05,2,0.490234375,1841
0.4931640625,50.873164871557606,4.9774169921875e-05,2,0.492645263671875,1842
0.49560546875,50.897578871495966,4.9987792968750004e-05,2,0.49505615234375,1843
0.498046875,50.92199287143433,5.0262451171875e-05,2,0.497467041015625,1844
0.50048828125,50.94640687137269,5.0476074218750004e-05,2,0.49993896484375,1845
0.5029296875,50.97082087131105,5.0781250000000004e-05,2,0.502410888671875,1846
0.50537109375,50.99523487124941,5.0994873046875e-05,2,0.5047607421875,1847
0.5078125,51.01964887118777,5.1269531250000005e-05,2,0.5072021484375,1848
0.51025390625,51.04406287112613,5.1483154296875e-05,2,0.5096435546875,1849
0.5126953125,51.06847687106449,5.1757812500000005e-05,2,0.5120849609375,1850
0.51513671875,51.09289087100285,5.1971435546875e-05,2,0.514617919921875,1851
0.517578125,51.11730487094121,5.2246093750000006e-05,2,0.5169677734375,1852
0.52001953125,51.14171887087957,5.2490234375e-05,2,0.5194091796875,1853
0.5224609375,51.16613287081793,5.2703857421875e-05,2,0.521820068359375,1854
0.52490234375,51.19054687075629,5.2978515625e-05,2,0.524322509765625,1855
0.52734375,51.214960870694654,5.322265625e-05,2,0.526702880859375,1856
0.52978515625,51.239374870633014,5.3466796875e-05,2,0.529205322265625,1857
0.5322265625,51.263788870571375,5.3680419921875004e-05,2,0.5316162109375,1858
0.53466796875,51.288202870509735,5.3985595703125004e-05,2,0.5340576171875,1859
0.537109375,51.312616870448096,5.419921875e-05,2,0.536468505859375,1860
0.53955078125,51.33703087038646,5.4473876953125004e-05,2,0.5389404296875,1861
0.5419921875,51.36144487032482,5.46875e-05,2,0.5413818359375,1862
0.54443359375,51.38585887026318,5.4962158203125005e-05,2,0.5438232421875,1863
0.546875,51.41027287020154,5.517578125e-05,2,0.5462646484375,1864
0.54931640625,51.4346868701399,5.5419921875e-05,2,0.54864501953125,1865
0.5517578125,51.45910087007826,5.56640625e-05,2,0.5511474609375,1866
0.55419921875,51.48351487001662,5.5908203125e-05,2,0.553619384765625,1867
0.556640625,51.50792886995498,5.6182861328125006e-05,2,0.55596923828125,1868
0.55908203125,51.53234286989334,5.6396484375e-05,2,0.558441162109375,1869
0.5615234375,51.5567568698317,5.6671142578125e-05,2,0.56085205078125,1870
0.56396484375,51.58117086977006,5.6915283203125e-05,2,0.563323974609375,1871
0.56640625,51.60558486970842,5.7159423828125e-05,2,0.56573486328125,1872
0.56884765625,51.62999886964678,5.7373046875000004e-05,2,0.568206787109375,1873
0.5712890625,51.654412869585144,5.7647705078125e-05,2,0.57061767578125,1874
0.57373046875,51.678826869523505,5.7891845703125e-05,2,0.573089599609375,1875
0.576171875,51.703240869461865,5.8166503906250004e-05,2,0.575531005859375,1876
0.57861328125,51.727654869400226,5.8380126953125e-05,2,0.57794189453125,1877
0.5810546875,51.752068869338586,5.8654785156250005e-05,2,0.58038330078125,1878
0.58349609375,51.77648286927695,5.8868408203125e-05,2,0.582763671875,1879
0.5859375,51.80089686921531,5.9143066406250005e-05,2,0.585205078125,1880
0.58837890625,51.82531086915367,5.9387207031250005e-05,2,0.58770751953125,1881
0.5908203125,51.84972486909203,5.9631347656250006e-05,2,0.590087890625,1882
0.59326171875,51.87413886903039,5.9875488281250006e-05,2,0.59259033203125,1883
0.595703125,51.89855286896875,6.0119628906250006e-05,2,0.595001220703125,1884
0.59814453125,51.92296686890711,6.0363769531250006e-05,2,0.59747314453125,1885
0.6005859375,51.94738086884547,6.060791015625e-05,2,0.599853515625,1886
0.60302734375,51.97179486878383,6.0882568359375e-05,2,0.602325439453125,1887
0.60546875,51.99620886872219,6.109619140625001e-05,2,0.604736328125,1888
0.60791015625,52.02062286866055,6.1370849609375e-05,2,0.60723876953125,1889
0.6103515625,52.04503686859891,6.158447265625001e-05,2,0.60968017578125,1890
0.61279296875,52.069450868537274,6.1859130859375e-05,2,0.612060546875,1891
0.615234375,52.093864868475634,6.207275390625001e-05,2,0.614501953125,1892
0.61767578125,52.118278868413995,6.2347412109375e-05,2,0.616943359375,1893
0.6201171875,52.142692868352356,6.256103515625001e-05,2,0.619354248046875,1894
0.62255859375,52.167106868290716,6.280517578125001e-05,2,0.621826171875,1895
0.625,52.19152086822908,6.3079833984375e-05,2,0.624298095703125,1896
0.62744140625,52.21593486816744,6.329345703125001e-05,2,0.626708984375,1897
0.6298828125,52.2403488681058,6.3568115234375e-05,2,0.629180908203125,1898
0.63232421875,52.26476286804416,6.378173828125001e-05,2,0.631591796875,1899
0.634765625,52.28917686798252,6.4056396484375e-05,2,0.634063720703125,1900
0.63720703125,52.31359086792088,6.427001953125001e-05,2,0.636474609375,1901
0.6396484375,52.33800486785924,6.4544677734375e-05,2,0.638916015625,1902
0.64208984375,52.3624188677976,6.475830078125e-05,2,0.641387939453125,1903
0.64453125,52.38683286773596,6.503295898437501e-05,2,0.643768310546875,1904
0.64697265625,52.41124686767432,6.527709960937501e-05,2,0.646209716796875,1905
0.6494140625,52.43566086761268,6.552124023437501e-05,2,0.648651123046875,1906
0.65185546875,52.46007486755104,6.576538085937501e-05,2,0.651092529296875,1907
0.654296875,52.484488867489404,6.600952148437501e-05,2,0.65350341796875,1908
0.65673828125,52.508902867427764,6.625366210937501e-05,2,0.655975341796875,1909
0.6591796875,52.533316867366125,6.649780273437501e-05,2,0.658447265625,1910
0.66162109375,52.557730867304485,6.67724609375e-05,2,0.660858154296875,1911
0.6640625,52.582144867242846,6.698608398437501e-05,2,0.663299560546875,1912
0.66650390625,52.60655886718121,6.72607421875e-05,2,0.665740966796875,1913
0.6689453125,52.63097286711957,6.747436523437501e-05,2,0.668182373046875,1914
0.67138671875,52.65538686705793,6.77490234375e-05,2,0.670623779296875,1915
0.673828125,52.67980086699629,6.796264648437501e-05,2,0.673065185546875,1916
0.67626953125,52.70421486693465,6.8267822265625e-05,2,0.675506591796875,1917
0.6787109375,52.72862886687301,6.84814453125e-05,2,0.67791748046875,1918
0.68115234375,52.75304286681137,6.8756103515625e-05,2,0.68035888671875,1919
0.68359375,52.77745686674973,6.896972656250001e-05,2,0.68280029296875,1920
0.68603515625,52.80187086668809,6.9244384765625e-05,2,0.685211181640625,1921
0.6884765625,52.82628486662645,6.945800781250001e-05,2,0.687713623046875,1922
0.69091796875,52.85069886656481,6.9732666015625e-05,2,0.69012451171875,1923
0.693359375,52.87511286650317,6.9976806640625e-05,2,0.6925048828125,1924
0.69580078125,52.89952686644153,7.019042968750001e-05,2,0.69500732421875,1925
0.6982421875,52.923940866379894,7.0465087890625e-05,2,0.6973876953125,1926
0.70068359375,52.948354866318255,7.067871093750001e-05,2,0.69989013671875,1927
0.703125,52.972768866256615,7.0953369140625e-05,2,0.702362060546875,1928
0.70556640625,52.997182866194976,7.116699218750001e-05,2,0.704742431640625,1929
0.7080078125,53.021596866133336,7.1441650390625e-05,2,0.707183837890625,1930
0.71044921875,53.0460108660717,7.165527343750001e-05,2,0.70965576171875,1931
0.712890625,53.07042486601006,7.1929931640625e-05,2,0.712127685546875,1932
0.71533203125,53.09483886594842,7.2174072265625e-05,2,0.714508056640625,1933
0.7177734375,53.11925286588678,7.244873046875e-05,2,0.71697998046875,1934
0.72021484375,53.14366686582514,7.266235351562501e-05,2,0.719390869140625,1935
0.72265625,53.1680808657635,7.293701171875e-05,2,0.7218017578125,1936
0.72509765625,53.19249486570186,7.315063476562501e-05,2,0.72430419921875,1937
0.7275390625,53.21690886564022,7.339477539062501e-05,2,0.726715087890625,1938
0.72998046875,53.24132286557858,7.366943359375e-05,2,0.729156494140625,1939
0.732421875,53.26573686551694,7.388305664062501e-05,2,0.731536865234375,1940
0.73486328125,53.2901508654553,7.415771484375e-05,2,0.73406982421875,1941
0.7373046875,53.31456486539366,7.440185546875e-05,2,0.7364501953125,1942
0.73974609375,53.338978865332024,7.464599609375e-05,2,0.738922119140625,1943
0.7421875,53.363392865270384,7.489013671875e-05,2,0.741302490234375,1944
0.74462890625,53.387806865208745,7.5164794921875e-05,2,0.743804931640625,1945
0.7470703125,53.412220865147106,7.537841796875e-05,2,0.746185302734375,1946
0.74951171875,53.436634865085466,7.5653076171875e-05,2,0.7486572265625,1947
0.751953125,53.46104886502383,7.586669921875e-05,2,0.75103759765625,1948
0.75439453125,53.48546286496219,7.6141357421875e-05,2,0.753173828125,1949
0.7568359375,53.50987686490055,7.635498046875001e-05,2,0.75592041015625,1950
0.75927734375,53.53429086483891,7.6629638671875e-05,2,0.758056640625,1951
0.76171875,53.55870486477727,7.6873779296875e-05,2,0.760498046875,1952
0.76416015625,53.58311886471563,7.7117919921875e-05,2,0.762939453125,1953
0.7666015625,53.60753286465399,7.7362060546875e-05,2,0.76568603515625,1954
0.76904296875,53.63194686459235,7.757568359375001e-05,2,0.76751708984375,1955
0.771484375,53.65636086453071,7.7850341796875e-05,2,0.770263671875,1956
0.77392578125,53.68077486446907,7.806396484375001e-05,2,0.77301025390625,1957
0.7763671875,53.70518886440743,7.8338623046875e-05,2,0.77545166015625,1958
0.77880859375,53.72960286434579,7.855224609375001e-05,2,0.7781982421875,1959
0.78125,53.754016864284154,7.8826904296875e-05,2,0.78033447265625,1960
0.78369140625,53.778430864222514,7.904052734375001e-05,2,0.782470703125,1961
0.7861328125,53.802844864160875,7.9315185546875e-05,2,0.78460693359375,1962
0.78857421875,53.827258864099235,7.9559326171875e-05,2,0.7867431640625,1963
0.791015625,53.851672864037596,7.9803466796875e-05,2,0.7891845703125,1964
0.79345703125,53.87608686397596,8.0047607421875e-05,2,0.79193115234375,1965
0.7958984375,53.90050086391432,8.029174804687501e-05,2,0.7940673828125,1966
0.79833984375,53.92491486385268,8.053588867187501e-05,2,0.7965087890625,1967
0.80078125,53.94932886379104,8.078002929687501e-05,2,0.799560546875,1968
0.80322265625,53.9737428637294,8.10546875e-05,2,0.802001953125,1969
0.8056640625,53.99815686366776,8.126831054687501e-05,2,0.80413818359375,1970
0.80810546875,54.02257086360612,8.154296875e-05,2,0.806884765625,1971
0.810546875,54.04698486354448,8.175659179687501e-05,2,0.809326171875,1972
0.81298828125,54.07139886348284,8.203125e-05,2,0.8111572265625,1973
0.8154296875,54.0958128634212,8.224487304687501e-05,2,0.814208984375,1974
0.81787109375,54.12022686335956,8.2550048828125e-05,2,0.8160400390625,1975
0.8203125,54.14464086329792,8.2763671875e-05,2,0.819091796875,1976
0.82275390625,54.16905486323628,8.3038330078125e-05,2,0.82183837890625,1977
0.8251953125,54.193468863174644,8.3251953125e-05,2,0.82427978515625,1978
0.82763671875,54.217882863113005,8.3526611328125e-05,2,0.82611083984375,1979
0.830078125,54.242296863051365,8.3740234375e-05,2,0.82916259765625,1980
0.83251953125,54.266710862989726,8.4014892578125e-05,2,0.831298828125,1981
0.8349609375,54.291124862928086,8.4259033203125e-05,2,0.83343505859375,1982
0.83740234375,54.31553886286645,8.447265625000001e-05,2,0.83587646484375,1983
0.83984375,54.33995286280481,8.4747314453125e-05,2,0.838623046875,1984
0.84228515625,54.36436686274317,8.496093750000001e-05,2,0.8404541015625,1985
0.8447265625,54.38878086268153,8.5235595703125e-05,2,0.8428955078125,1986
0.84716796875,54.41319486261989,8.544921875000001e-05,2,0.84564208984375,1987
0.849609375,54.43760886255825,8.5723876953125e-05,2,0.84869384765625,1988
0.85205078125,54.46202286249661,8.5968017578125e-05,2,0.850830078125,1989
0.8544921875,54.48643686243497,8.6212158203125e-05,2,0.85357666015625,1990
0.85693359375,54.51085086237333,8.6456298828125e-05,2,0.85540771484375,1991
0.859375,54.53526486231169,8.6700439453125e-05,2,0.858154296875,1992
0.86181640625,54.55967886225005,8.6944580078125e-05,2,0.8599853515625,1993
0.8642578125,54.58409286218841,8.7188720703125e-05,2,0.8624267578125,1994
0.86669921875,54.608506862126774,8.7432861328125e-05,2,0.86517333984375,1995
0.869140625,54.632920862065134,8.7677001953125e-05,2,0.867919921875,1996
0.87158203125,54.657334862003495,8.795166015625e-05,2,0.870361328125,1997
0.8740234375,54.681748861941855,8.816528320312501e-05,2,0.872802734375,1998
0.87646484375,54.706162861880216,8.843994140625e-05,2,0.875244140625,1999
0.87890625,54.73057686181858,8.865356445312501e-05,2,0.8770751953125,2000
0.88134765625,54.75499086175694,8.892822265625e-05,2,0.880126953125,2001
0.8837890625,54.7794048616953,8.914184570312501e-05,2,0.882568359375,2002
0.88623046875,54.80381886163366,8.941650390625e-05,2,0.885009765625,2003
0.888671875,54.82823286157202,8.966064453125e-05,2,0.88714599609375,2004
0.89111328125,54.85264686151038,8.9935302734375e-05,2,0.889892578125,2005
0.8935546875,54.87706086144874,9.014892578125e-05,2,0.892333984375,2006
0.89599609375,54.9014748613871,9.0423583984375e-05,2,0.89447021484375,2007
0.8984375,54.92588886132546,9.063720703125e-05,2,0.897216796875,2008
0.90087890625,54.95030286126382,9.0911865234375e-05,2,0.89935302734375,2009
0.9033203125,54.97471686120218,9.1156005859375e-05,2,0.90179443359375,2010
0.90576171875,54.99913086114054,9.136962890625e-05,2,0.90423583984375,2011
0.908203125,55.0235448610789,9.1644287109375e-05,2,0.90667724609375,2012
0.91064453125,55.047958861017264,9.185791015625001e-05,2,0.909423828125,2013
0.9130859375,55.072372860955625,9.2132568359375e-05,2,0.91156005859375,2014
0.91552734375,55.096786860893985,9.2376708984375e-05,2,0.91461181640625,2015
0.91796875,55.121200860832346,9.26513671875e-05,2,0.91644287109375,2016
0.92041015625,55.145614860770706,9.2864990234375e-05,2,0.91888427734375,2017
0.9228515625,55.17002886070907,9.31396484375e-05,2,0.92193603515625,2018
0.92529296875,55.19444286064743,9.3353271484375e-05,2,0.92376708984375,2019
0.927734375,55.21885686058579,9.3597412109375e-05,2,0.926513671875,2020
0.93017578125,55.24327086052415,9.3841552734375e-05,2,0.9283447265625,2021
0.9326171875,55.26768486046251,9.4085693359375e-05,2,0.93109130859375,2022
0.93505859375,55.29209886040087,9.4329833984375e-05,2,0.93353271484375,2023
0.9375,55.31651286033923,9.4573974609375e-05,2,0.9356689453125,2024
0.93994140625,55.34092686027759,9.48486328125e-05,2,0.9381103515625,2025
0.9423828125,55.36534086021595,9.5062255859375e-05,2,0.94085693359375,2026
0.94482421875,55.38975486015431,9.53369140625e-05,2,0.943603515625,2027
0.947265625,55.41416886009267,9.555053710937501e-05,2,0.94573974609375,2028
0.94970703125,55.43858286003103,9.58251953125e-05,2,0.94818115234375,2029
0.9521484375,55.462996859969394,9.603881835937501e-05,2,0.95062255859375,2030
0.95458984375,55.487410859907754,9.6343994140625e-05,2,0.953369140625,2031
0.95703125,55.511824859846115,9.65576171875e-05,2,0.9552001953125,2032
0.95947265625,55.536238859784476,9.6832275390625e-05,2,0.95794677734375,2033
0.9619140625,55.560652859722836,9.70458984375e-05,2,0.960693359375,2034
0.96435546875,55.5850668596612,9.7320556640625e-05,2,0.96282958984375,2035
0.966796875,55.60948085959956,9.75341796875e-05,2,0.965576171875,2036
0.96923828125,55.63389485953792,9.7808837890625e-05,2,0.9674072265625,2037
0.9716796875,55.65830885947628,9.8052978515625e-05,2,0.970458984375,2038
0.97412109375,55.68272285941464,9.8297119140625e-05,2,0.97259521484375,2039
0.9765625,55.707136859353,9.8541259765625e-05,2,0.97503662109375,2040
0.97900390625,55.73155085929136,9.8785400390625e-05,2,0.977783203125,2041
0.9814453125,55.75596485922972,9.9029541015625e-05,2,0.980224609375,2042
0.98388671875,55.78037885916808,9.9273681640625e-05,2,0.9820556640625,2043
0.986328125,55.80479285910644,9.9517822265625e-05,2,0.98480224609375,2044
0.98876953125,55.8292068590448,9.9761962890625e-05,2,0.98724365234375,2045
0.9912109375,55.85362085898316,0.00010003662109375,2,0.989990234375,2046
0.99365234375,55.878034858921524,0.000100250244140625,2,0.99212646484375,2047
0.99609375,55.902448858859884,0.00010052490234375,2,0.994873046875,2048
0.99853515625,55.926862858798245,0.000100738525390625,2,0.997314453125,2049
1.0009765625,55.951276858736605,0.00010101318359375,2,0.999755859375,2050
0.99853515625,55.975690858674966,0.000100738525390625,2,0.99700927734375,2051
0.99609375,56.00010485861333,0.000100494384765625,2,0.9942626953125,2052
0.99365234375,56.02451885855169,0.00010028076171875,2,0.9918212890625,2053
0.9912109375,56.04893285849005,0.000100006103515625,2,0.989990234375,2054
0.98876953125,56.07334685842841,9.979248046875e-05,2,0.98724365234375,2055
0.986328125,56.09776085836677,9.9517822265625e-05,2,0.985107421875,2056
0.98388671875,56.12217485830513,9.9273681640625e-05,2,0.98236083984375,2057
0.9814453125,56.14658885824349,9.89990234375e-05,2,0.9796142578125,2058
0.97900390625,56.17100285818185,9.8785400390625e-05,2,0.97747802734375,2059
0.9765625,56.19541685812021,9.85107421875e-05,2,0.975341796875,2060
0.97412109375,56.21983085805857,9.8297119140625e-05,2,0.9722900390625,2061
0.9716796875,56.24424485799693,9.80224609375e-05,2,0.970458984375,2062
0.96923828125,56.26865885793529,9.7808837890625e-05,2,0.968017578125,2063
0.966796875,56.29307285787365,9.75341796875e-05,2,0.965576171875,2064
0.96435546875,56.317486857812014,9.72900390625e-05,2,0.963134765625,2065
0.9619140625,56.341900857750375,9.70458984375e-05,2,0.960693359375,2066
0.95947265625,56.366314857688735,9.68017578125e-05,2,0.9576416015625,2067
0.95703125,56.390728857627096,9.65576171875e-05,2,0.95611572265625,2068
0.95458984375,56.415142857565456,9.63134765625e-05,2,0.95306396484375,2069
0.9521484375,56.43955685750382,9.60693359375e-05,2,0.9503173828125,2070
0.94970703125,56.46397085744218,9.579467773437501e-05,2,0.9478759765625,2071
0.947265625,56.48838485738054,9.55810546875e-05,2,0.946044921875,2072
0.94482421875,56.5127988573189,9.5306396484375e-05,2,0.943603515625,2073
0.9423828125,56.53721285725726,9.50927734375e-05,2,0.94085693359375,2074
0.93994140625,56.56162685719562,9.4818115234375e-05,2,0.93902587890625,2075
0.9375,56.58604085713398,9.46044921875e-05,2,0.93658447265625,2076
0.93505859375,56.61045485707234,9.4329833984375e-05,2,0.933837890625,2077
0.9326171875,56.6348688570107,9.4085693359375e-05,2,0.931396484375,2078
0.93017578125,56.65928285694906,9.3841552734375e-05,2,0.92864990234375,2079
0.927734375,56.68369685688742,9.3597412109375e-05,2,0.92620849609375,2080
0.92529296875,56.70811085682578,9.3353271484375e-05,2,0.92376708984375,2081
0.9228515625,56.732524856764144,9.3109130859375e-05,2,0.92193603515625,2082
0.92041015625,56.756938856702504,9.2864990234375e-05,2,0.91888427734375,2083
0.91796875,56.781352856640865,9.2620849609375e-05,2,0.91644287109375,2084
0.91552734375,56.805766856579226,9.2376708984375e-05,2,0.91400146484375,2085
0.9130859375,56.830180856517586,9.210205078125001e-05,2,0.911865234375,2086
0.91064453125,56.85459485645595,9.1888427734375e-05,2,0.90972900390625,2087
0.908203125,56.87900885639431,9.161376953125001e-05,2,0.90667724609375,2088
0.90576171875,56.90342285633267,9.1400146484375e-05,2,0.90423583984375,2089
0.9033203125,56.92783685627103,9.112548828125e-05,2,0.90179443359375,2090
0.90087890625,56.95225085620939,9.0911865234375e-05,2,0.89935302734375,2091
0.8984375,56.97666485614775,9.063720703125e-05,2,0.897216796875,2092
0.89599609375,57.00107885608611,9.0423583984375e-05,2,0.894775390625,2093
0.8935546875,57.02549285602447,9.014892578125e-05,2,0.89202880859375,2094
0.89111328125,57.04990685596283,8.990478515625e-05,2,0.88958740234375,2095
0.888671875,57.07432085590119,8.966064453125e-05,2,0.88714599609375,2096
0.88623046875,57.09873485583955,8.941650390625e-05,2,0.885009765625,2097
0.8837890625,57.12314885577791,8.917236328125e-05,2,0.88226318359375,2098
0.88134765625,57.147562855716274,8.889770507812501e-05,2,0.87982177734375,2099
0.87890625,57.171976855654634,8.868408203125e-05,2,0.87738037109375,2100
0.87646484375,57.196390855592995,8.840942382812501e-05,2,0.875244140625,2101
0.8740234375,57.220804855531355,8.819580078125e-05,2,0.87249755859375,2102
0.87158203125,57.245218855469716,8.792114257812501e-05,2,0.87005615234375,2103
0.869140625,57.26963285540808,8.770751953125e-05,2,0.86761474609375,2104
0.86669921875,57.29404685534644,8.7432861328125e-05,2,0.86517333984375,2105
0.8642578125,57.3184608552848,8.721923828125e-05,2,0.863037109375,2106
0.86181640625,57.34287485522316,8.6944580078125e-05,2,0.86029052734375,2107
0.859375,57.36728885516152,8.6700439453125e-05,2,0.8575439453125,2108
0.85693359375,57.39170285509988,8.6456298828125e-05,2,0.85601806640625,2109
0.8544921875,57.41611685503824,8.6212158203125e-05,2,0.853271484375,2110
0.85205078125,57.4405308549766,8.5968017578125e-05,2,0.850830078125,2111
0.849609375,57.46494485491496,8.5723876953125e-05,2,0.84808349609375,2112
0.84716796875,57.48935885485332,8.5479736328125e-05,2,0.8453369140625,2113
0.8447265625,57.51377285479168,8.520507812500001e-05,2,0.84381103515625,2114
0.84228515625,57.53818685473004,8.4991455078125e-05,2,0.84075927734375,2115
0.83984375,57.5626008546684,8.471679687500001e-05,2,0.83831787109375,2116
0.83740234375,57.587014854606764,8.4503173828125e-05,2,0.83587646484375,2117
0.8349609375,57.611428854545125,8.422851562500001e-05,2,0.83343505859375,2118
0.83251953125,57.635842854483485,8.4014892578125e-05,2,0.83160400390625,2119
0.830078125,57.660256854421846,8.3740234375e-05,2,0.82855224609375,2120
0.82763671875,57.684670854360206,8.3526611328125e-05,2,0.82611083984375,2121
0.8251953125,57.70908485429857,8.3251953125e-05,2,0.823974609375,2122
0.82275390625,57.73349885423693,8.30078125e-05,2,0.82122802734375,2123
0.8203125,57.75791285417529,8.2763671875e-05,2,0.819091796875,2124
0.81787109375,57.78232685411365,8.251953125e-05,2,0.81634521484375,2125
0.8154296875,57.80674085405201,8.2275390625e-05,2,0.81390380859375,2126
0.81298828125,57.83115485399037,8.200073242187501e-05,2,0.81146240234375,2127
0.810546875,57.85556885392873,8.1787109375e-05,2,0.809326171875,2128
0.80810546875,57.87998285386709,8.151245117187501e-05,2,0.806884765625,2129
0.8056640625,57.90439685380545,8.1298828125e-05,2,0.80413818359375,2130
0.80322265625,57.92881085374381,8.102416992187501e-05,2,0.8026123046875,2131
0.80078125,57.95322485368217,8.0810546875e-05,2,0.79925537109375,2132
0.79833984375,57.97763885362053,8.053588867187501e-05,2,0.79681396484375,2133
0.7958984375,58.002052853558894,8.0322265625e-05,2,0.7952880859375,2134
0.79345703125,58.026466853497254,8.0047607421875e-05,2,0.79193115234375,2135
0.791015625,58.050880853435615,7.9803466796875e-05,2,0.789794921875,2136
0.78857421875,58.075294853373975,7.9559326171875e-05,2,0.7867431640625,2137
0.7861328125,58.099708853312336,7.9315185546875e-05,2,0.78460693359375,2138
0.78369140625,58.1241228532507,7.9071044921875e-05,2,0.78216552734375,2139
0.78125,58.14853685318906,7.8826904296875e-05,2,0.77972412109375,2140
0.77880859375,58.17295085312742,7.8582763671875e-05,2,0.77789306640625,2141
0.7763671875,58.19736485306578,7.830810546875001e-05,2,0.77484130859375,2142
0.77392578125,58.22177885300414,7.8094482421875e-05,2,0.772705078125,2143
0.771484375,58.2461928529425,7.781982421875001e-05,2,0.770263671875,2144
0.76904296875,58.27060685288086,7.7606201171875e-05,2,0.76812744140625,2145
0.7666015625,58.29502085281922,7.733154296875001e-05,2,0.765380859375,2146
0.76416015625,58.31943485275758,7.7117919921875e-05,2,0.76263427734375,2147
0.76171875,58.34384885269594,7.684326171875001e-05,2,0.760498046875,2148
0.75927734375,58.3682628526343,7.6629638671875e-05,2,0.75836181640625,2149
0.7568359375,58.39267685257266,7.635498046875001e-05,2,0.75531005859375,2150
0.75439453125,58.41709085251102,7.611083984375e-05,2,0.753173828125,2151
0.751953125,58.441504852449384,7.586669921875e-05,2,0.75103759765625,2152
0.74951171875,58.465918852387745,7.562255859375e-05,2,0.7486572265625,2153
0.7470703125,58.490332852326105,7.5408935546875e-05,2,0.746185302734375,2154
0.74462890625,58.514746852264466,7.513427734375e-05,2,0.743804931640625,2155
0.7421875,58.539160852202826,7.489013671875e-05,2,0.7413330078125,2156
0.73974609375,58.56357485214119,7.464599609375e-05,2,0.738922119140625,2157
0.7373046875,58.58798885207955,7.440185546875e-05,2,0.7364501953125,2158
0.73486328125,58.61240285201791,7.412719726562501e-05,2,0.734039306640625,2159
0.732421875,58.63681685195627,7.391357421875e-05,2,0.731536865234375,2160
0.72998046875,58.66123085189463,7.363891601562501e-05,2,0.729156494140625,2161
0.7275390625,58.68564485183299,7.342529296875e-05,2,0.726715087890625,2162
0.72509765625,58.71005885177135,7.315063476562501e-05,2,0.7242431640625,2163
0.72265625,58.73447285170971,7.293701171875e-05,2,0.7218017578125,2164
0.72021484375,58.75888685164807,7.266235351562501e-05,2,0.719390869140625,2165
0.7177734375,58.78330085158643,7.2418212890625e-05,2,0.716949462890625,2166
0.71533203125,58.80771485152479,7.2174072265625e-05,2,0.714508056640625,2167
0.712890625,58.83212885146315,7.1929931640625e-05,2,0.712066650390625,2168
0.71044921875,58.856542851401514,7.1685791015625e-05,2,0.709625244140625,2169
0.7080078125,58.880956851339874,7.1441650390625e-05,2,0.70721435546875,2170
0.70556640625,58.905370851278235,7.1197509765625e-05,2,0.704742431640625,2171
0.703125,58.929784851216596,7.092285156250001e-05,2,0.702362060546875,2172
0.70068359375,58.954198851154956,7.0709228515625e-05,2,0.69989013671875,2173
0.6982421875,58.97861285109332,7.043457031250001e-05,2,0.697479248046875,2174
0.69580078125,59.00302685103168,7.0220947265625e-05,2,0.69500732421875,2175
0.693359375,59.02744085097004,6.994628906250001e-05,2,0.692535400390625,2176
0.69091796875,59.0518548509084,6.9732666015625e-05,2,0.690155029296875,2177
0.6884765625,59.07626885084676,6.945800781250001e-05,2,0.687713623046875,2178
0.68603515625,59.10068285078512,6.9244384765625e-05,2,0.68524169921875,2179
0.68359375,59.12509685072348,6.896972656250001e-05,2,0.68280029296875,2180
0.68115234375,59.14951085066184,6.872558593750001e-05,2,0.68035888671875,2181
0.6787109375,59.1739248506002,6.8511962890625e-05,2,0.677947998046875,2182
0.67626953125,59.19833885053856,6.82373046875e-05,2,0.675537109375,2183
0.673828125,59.22275285047692,6.79931640625e-05,2,0.673126220703125,2184
0.67138671875,59.24716685041528,6.771850585937501e-05,2,0.670623779296875,2185
0.6689453125,59.271580850353644,6.75048828125e-05,2,0.668182373046875,2186
0.66650390625,59.295994850292004,6.723022460937501e-05,2,0.66571044921875,2187
0.6640625,59.320408850230365,6.70166015625e-05,2,0.663330078125,2188
0.66162109375,59.344822850168725,6.674194335937501e-05,2,0.660888671875,2189
0.6591796875,59.369236850107086,6.65283203125e-05,2,0.658447265625,2190
0.65673828125,59.39365085004545,6.625366210937501e-05,2,0.656005859375,2191
0.654296875,59.41806484998381,6.60400390625e-05,2,0.653564453125,2192
0.65185546875,59.44247884992217,6.576538085937501e-05,2,0.65118408203125,2193
0.6494140625,59.46689284986053,6.552124023437501e-05,2,0.648712158203125,2194
0.64697265625,59.49130684979889,6.527709960937501e-05,2,0.646270751953125,2195
0.64453125,59.51572084973725,6.503295898437501e-05,2,0.643768310546875,2196
0.64208984375,59.54013484967561,6.4788818359375e-05,2,0.641357421875,2197
0.6396484375,59.56454884961397,6.4544677734375e-05,2,0.638946533203125,2198
0.63720703125,59.58896284955233,6.4300537109375e-05,2,0.636505126953125,2199
0.634765625,59.61337684949069,6.402587890625001e-05,2,0.634033203125,2200
0.63232421875,59.63779084942905,6.3812255859375e-05,2,0.631622314453125,2201
0.6298828125,59.66220484936741,6.353759765625001e-05,2,0.629180908203125,2202
0.62744140625,59.68661884930577,6.3323974609375e-05,2,0.626739501953125,2203
0.625,59.711032849244134,6.304931640625001e-05,2,0.624298095703125,2204
0.62255859375,59.735446849182495,6.2835693359375e-05,2,0.621826171875,2205
0.6201171875,59.759860849120855,6.256103515625001e-05,2,0.619415283203125,2206
0.61767578125,59.784274849059216,6.2347412109375e-05,2,0.616973876953125,2207
0.615234375,59.808688848997576,6.207275390625001e-05,2,0.61456298828125,2208
0.61279296875,59.83310284893594,6.182861328125001e-05,2,0.612091064453125,2209
0.6103515625,59.8575168488743,6.158447265625001e-05,2,0.60968017578125,2210
0.60791015625,59.88193084881266,6.134033203125001e-05,2,0.607177734375,2211
0.60546875,59.90634484875102,6.1126708984375e-05,2,0.604827880859375,2212
0.60302734375,59.93075884868938,6.085205078125e-05,2,0.602325439453125,2213
0.6005859375,59.95517284862774,6.0638427734375e-05,2,0.599884033203125,2214
0.59814453125,59.9795868485661,6.0363769531250006e-05,2,0.59747314453125,2215
0.595703125,60.00400084850446,6.0119628906250006e-05,2,0.594970703125,2216
0.59326171875,60.02841484844282,5.9844970703125e-05,2,0.592620849609375,2217
0.5908203125,60.05282884838118,5.9631347656250006e-05,2,0.59014892578125,2218
0.58837890625,60.07724284831954,5.9356689453125e-05,2,0.58770751953125,2219
0.5859375,60.1016568482579,5.9143066406250005e-05,2,0.585235595703125,2220
0.58349609375,60.126070848196264,5.8868408203125e-05,2,0.58282470703125,2221
0.5810546875,60.150484848134624,5.8654785156250005e-05,2,0.58038330078125,2222
0.57861328125,60.174898848072985,5.8380126953125e-05,2,0.577972412109375,2223
0.576171875,60.199312848011346,5.8135986328125e-05,2,0.575531005859375,2224
0.57373046875,60.223726847949706,5.7891845703125e-05,2,0.57305908203125,2225
0.5712890625,60.24814084788807,5.7647705078125e-05,2,0.57061767578125,2226
0.56884765625,60.27255484782643,5.7403564453125e-05,2,0.568206787109375,2227
0.56640625,60.29696884776479,5.7159423828125e-05,2,0.565826416015625,2228
0.56396484375,60.32138284770315,5.6915283203125e-05,2,0.563262939453125,2229
0.5615234375,60.34579684764151,5.6640625e-05,2,0.56085205078125,2230
0.55908203125,60.37021084757987,5.6427001953125006e-05,2,0.558441162109375,2231
0.556640625,60.39462484751823,5.615234375e-05,2,0.5560302734375,2232
0.55419921875,60.41903884745659,5.5938720703125006e-05,2,0.553558349609375,2233
0.5517578125,60.44345284739495,5.56640625e-05,2,0.551116943359375,2234
0.54931640625,60.46786684733331,5.5450439453125005e-05,2,0.5487060546875,2235
0.546875,60.49228084727167,5.517578125e-05,2,0.5462646484375,2236
0.54443359375,60.51669484721003,5.4931640625e-05,2,0.54376220703125,2237
0.5419921875,60.541108847148394,5.46875e-05,2,0.54132080078125,2238
0.53955078125,60.565522847086754,5.4443359375e-05,2,0.5389404296875,2239
0.537109375,60.589936847025115,5.4229736328125004e-05,2,0.536529541015625,2240
0.53466796875,60.614350846963475,5.3955078125e-05,2,0.5340576171875,2241
0.5322265625,60.638764846901836,5.3741455078125004e-05,2,0.531646728515625,2242
0.52978515625,60.6631788468402,5.3466796875e-05,2,0.5291748046875,2243
0.52734375,60.68759284677856,5.322265625e-05,2,0.526702880859375,2244
0.52490234375,60.71200684671692,5.2947998046875e-05,2,0.52435302734375,2245
0.5224609375,60.73642084665528,5.2734375e-05,2,0.5218505859375,2246
0.52001953125,60.76083484659364,5.2459716796875e-05,2,0.519439697265625,2247
0.517578125,60.785248846532,5.2246093750000006e-05,2,0.5169677734375,2248
0.51513671875,60.80966284647036,5.1971435546875e-05,2,0.514495849609375,2249
0.5126953125,60.83407684640872,5.1757812500000005e-05,2,0.5120849609375,2250
0.51025390625,60.85849084634708,5.1483154296875e-05,2,0.509674072265625,2251
0.5078125,60.88290484628544,5.1239013671875e-05,2,0.5072021484375,2252
0.50537109375,60.9073188462238,5.0994873046875e-05,2,0.504852294921875,2253
0.5029296875,60.93173284616216,5.0750732421875e-05,2,0.502349853515625,2254
0.50048828125,60.95614684610052,5.0506591796875e-05,2,0.499908447265625,2255
0.498046875,60.980560846038884,5.0231933593750004e-05,2,0.497467041015625,2256
0.49560546875,61.004974845977245,5.0018310546875e-05,2,0.49505615234375,2257
0.4931640625,61.029388845915605,4.97467041015625e-05,2,0.49261474609375,2258
0.49072265625,61.053802845853966,4.9530029296875e-05,2,0.490203857421875,2259
0.48828125,61.078216845792326,4.9252319335937503e-05,2,0.48773193359375,2260
0.48583984375,61.10263084573069,4.903564453125e-05,2,0.48529052734375,2261
0.4833984375,61.12704484566905,4.87640380859375e-05,2,0.482879638671875,2262
0.48095703125,61.15145884560741,4.8541259765625e-05,2,0.480438232421875,2263
0.478515625,61.17587284554577,4.827880859375e-05,2,0.47796630859375,2264
0.47607421875,61.20028684548413,4.8040771484375e-05,2,0.47552490234375,2265
0.4736328125,61.22470084542249,4.779052734375e-05,2,0.47308349609375,2266
0.47119140625,61.24911484536085,4.75433349609375e-05,2,0.470672607421875,2267
0.46875,61.27352884529921,4.73052978515625e-05,2,0.468231201171875,2268
0.46630859375,61.29794284523757,4.70428466796875e-05,2,0.4658203125,2269
0.4638671875,61.32235684517593,4.68170166015625e-05,2,0.463409423828125,2270
0.46142578125,61.34677084511429,4.65484619140625e-05,2,0.460906982421875,2271
0.458984375,61.37118484505265,4.63287353515625e-05,2,0.45849609375,2272
0.45654296875,61.395598844991014,4.6051025390625004e-05,2,0.45599365234375,2273
0.4541015625,61.420012844929374,4.583740234375e-05,2,0.45361328125,2274
0.45166015625,61.444426844867735,4.5559692382812504e-05,2,0.451171875,2275
0.44921875,61.468840844806095,4.53399658203125e-05,2,0.448699951171875,2276
0.44677734375,61.493254844744456,4.5074462890625e-05,2,0.4462890625,2277
0.4443359375,61.51766884468282,4.48455810546875e-05,2,0.443878173828125,2278
0.44189453125,61.54208284462118,4.4586181640625e-05,2,0.44140625,2279
0.439453125,61.56649684455954,4.43450927734375e-05,2,0.43896484375,2280
0.43701171875,61.5909108444979,4.41009521484375e-05,2,0.4365234375,2281
0.4345703125,61.61532484443626,4.38446044921875e-05,2,0.43408203125,2282
0.43212890625,61.63973884437462,4.361572265625e-05,2,0.431671142578125,2283
0.4296875,61.66415284431298,4.334716796875e-05,2,0.42926025390625,2284
0.42724609375,61.68856684425134,4.31243896484375e-05,2,0.426788330078125,2285
0.4248046875,61.7129808441897,4.2852783203125004e-05,2,0.42437744140625,2286
0.42236328125,61.73739484412806,4.26361083984375e-05,2,0.421875,2287
0.419921875,61.76180884406642,4.2358398437500004e-05,2,0.419525146484375,2288
0.41748046875,61.78622284400478,4.2144775390625e-05,2,0.417083740234375,2289
0.4150390625,61.81063684394314,4.18701171875e-05,2,0.41461181640625,2290
0.41259765625,61.835050843881504,4.16473388671875e-05,2,0.412200927734375,2291
0.41015625,61.859464843819865,4.13787841796875e-05,2,0.409698486328125,2292
0.40771484375,61.883878843758225,4.114990234375e-05,2,0.4072265625,2293
0.4052734375,61.908292843696586,4.08935546875e-05,2,0.404876708984375,2294
0.40283203125,61.932706843634946,4.06494140625e-05,2,0.4024658203125,2295
0.400390625,61.95712084357331,4.04083251953125e-05,2,0.399932861328125,2296
0.39794921875,61.98153484351167,4.014892578125e-05,2,0.397552490234375,2297
0.3955078125,62.00594884345003,3.99200439453125e-05,2,0.3951416015625,2298
0.39306640625,62.03036284338839,3.9651489257812504e-05,2,0.39263916015625,2299
0.390625,62.05477684332675,3.94287109375e-05,2,0.390167236328125,2300
0.38818359375,62.07919084326511,3.9154052734375004e-05,2,0.387786865234375,2301
0.3857421875,62.10360484320347,3.89404296875e-05,2,0.38531494140625,2302
0.38330078125,62.12801884314183,3.8662719726562504e-05,2,0.382904052734375,2303
0.380859375,62.15243284308019,3.8446044921875e-05,2,0.38043212890625,2304
0.37841796875,62.17684684301855,3.8174438476562504e-05,2,0.37799072265625,2305
0.3759765625,62.20126084295691,3.79486083984375e-05,2,0.375579833984375,2306
0.37353515625,62.22567484289527,3.76861572265625e-05,2,0.3731689453125,2307
0.37109375,62.250088842833634,3.7451171875e-05,2,0.37066650390625,2308
0.36865234375,62.274502842771994,3.7200927734375e-05,2,0.368255615234375,2309
0.3662109375,62.298916842710355,3.695068359375e-05,2,0.365814208984375,2310
0.36376953125,62.323330842648716,3.67156982421875e-05,2,0.3634033203125,2311
0.361328125,62.347744842587076,3.6453247070312504e-05,2,0.3609619140625,2312
0.35888671875,62.37215884252544,3.62274169921875e-05,2,0.3585205078125,2313
0.3564453125,62.3965728424638,3.5955810546875004e-05,2,0.356109619140625,2314
0.35400390625,62.42098684240216,3.57391357421875e-05,2,0.35357666015625,2315
0.3515625,62.44540084234052,3.5461425781250004e-05,2,0.3511962890625,2316
0.34912109375,62.46981484227888,3.52447509765625e-05,2,0.3487548828125,2317
0.3466796875,62.49422884221724,3.4970092773437504e-05,2,0.346343994140625,2318
0.34423828125,62.5186428421556,3.47503662109375e-05,2,0.3438720703125,2319
0.341796875,62.54305684209396,3.4481811523437504e-05,2,0.34149169921875,2320
0.33935546875,62.56747084203232,3.42529296875e-05,2,0.33905029296875,2321
0.3369140625,62.59188484197068,3.3993530273437503e-05,2,0.336578369140625,2322
0.33447265625,62.61629884190904,3.375244140625e-05,2,0.33416748046875,2323
0.33203125,62.6407128418474,3.350830078125e-05,2,0.331634521484375,2324
0.32958984375,62.665126841785764,3.3255004882812503e-05,2,0.3292236328125,2325
0.3271484375,62.689540841724124,3.30230712890625e-05,2,0.32684326171875,2326
0.32470703125,62.713954841662485,3.2757568359375004e-05,2,0.32440185546875,2327
0.322265625,62.738368841600845,3.25347900390625e-05,2,0.321929931640625,2328
0.31982421875,62.762782841539206,3.2260131835937505e-05,2,0.31951904296875,2329
0.3173828125,62.78719684147757,3.204345703125e-05,2,0.3170166015625,2330
0.31494140625,62.81161084141593,3.1765747070312505e-05,2,0.31463623046875,2331
0.3125,62.83602484135429,3.1549072265625e-05,2,0.312225341796875,2332
0.31005859375,62.86043884129265,3.12713623046875e-05,2,0.309722900390625,2333
0.3076171875,62.88485284123101,3.10516357421875e-05,2,0.307281494140625,2334
0.30517578125,62.90926684116937,3.0783081054687505e-05,2,0.3048095703125,2335
0.302734375,62.93368084110773,3.05511474609375e-05,2,0.30242919921875,2336
0.30029296875,62.95809484104609,3.03009033203125e-05,2,0.299957275390625,2337
0.2978515625,62.98250884098445,3.00537109375e-05,2,0.297576904296875,2338
0.29541015625,63.00692284092281,2.9812622070312503e-05,2,0.29510498046875,2339
0.29296875,63.03133684086117,2.955322265625e-05,2,0.2926025390625,2340
0.29052734375,63.05575084079953,2.9327392578125002e-05,2,0.290191650390625,2341
0.2880859375,63.08016484073789,2.9058837890625e-05,2,0.28778076171875,2342
0.28564453125,63.104578840676254,2.8839111328125002e-05,2,0.28533935546875,2343
0.283203125,63.128992840614615,2.8561401367187502e-05,2,0.282867431640625,2344
0.28076171875,63.153406840552975,2.8347778320312502e-05,2,0.280426025390625,2345
0.2783203125,63.177820840491336,2.8070068359375002e-05,2,0.277984619140625,2346
0.27587890625,63.202234840429696,2.7853393554687502e-05,2,0.27557373046875,2347
0.2734375,63.22664884036806,2.7578735351562502e-05,2,0.273193359375,2348
0.27099609375,63.25106284030642,2.7355957031250003e-05,2,0.270721435546875,2349
0.2685546875,63.27547684024478,2.7093505859375e-05,2,0.26824951171875,2350
0.26611328125,63.29989084018314,2.685546875e-05,2,0.265838623046875,2351
0.263671875,63.3243048401215,2.6605224609375e-05,2,0.263397216796875,2352
0.26123046875,63.34871884005986,2.63580322265625e-05,2,0.26092529296875,2353
0.2587890625,63.37313283999822,2.6123046875000003e-05,2,0.258544921875,2354
0.25634765625,63.39754683993658,2.5860595703125e-05,2,0.256134033203125,2355
0.25390625,63.42196083987494,2.5634765625000002e-05,2,0.253662109375,2356
0.25146484375,63.4463748398133,2.5363159179687502e-05,2,0.251190185546875,2357
0.2490234375,63.47078883975166,2.5143432617187502e-05,2,0.248779296875,2358
0.24658203125,63.49520283969002,2.4865722656250002e-05,2,0.246307373046875,2359
0.244140625,63.519616839628384,2.4652099609375002e-05,2,0.243896484375,2360
0.24169921875,63.544030839566744,2.4377441406250002e-05,2,0.241455078125,2361
0.2392578125,63.568444839505105,2.4157714843750002e-05,2,0.239013671875,2362
0.23681640625,63.592858839443466,2.3886108398437502e-05,2,0.236541748046875,2363
0.234375,63.617272839381826,2.36572265625e-05,2,0.234130859375,2364
0.23193359375,63.64168683932019,2.340087890625e-05,2,0.231689453125,2365
0.2294921875,63.66610083925855,2.31597900390625e-05,2,0.229248046875,2366
0.22705078125,63.69051483919691,2.291259765625e-05,2,0.226806640625,2367
0.224609375,63.71492883913527,2.26593017578125e-05,2,0.224395751953125,2368
0.22216796875,63.73934283907363,2.24273681640625e-05,2,0.221923828125,2369
0.2197265625,63.76375683901199,2.2161865234375002e-05,2,0.219482421875,2370
0.21728515625,63.78817083895035,2.19390869140625e-05,2,0.217041015625,2371
0.21484375,63.81258483888871,2.1664428710937503e-05,2,0.214599609375,2372
0.21240234375,63.83699883882707,2.144775390625e-05,2,0.212188720703125,2373
0.2099609375,63.86141283876543,2.1173095703125003e-05,2,0.209747314453125,2374
0.20751953125,63.88582683870379,2.0956420898437503e-05,2,0.207305908203125,2375
0.205078125,63.91024083864215,2.0681762695312502e-05,2,0.204864501953125,2376
0.20263671875,63.934654838580514,2.0458984375e-05,2,0.2025146484375,2377
0.2001953125,63.959068838518874,2.0193481445312502e-05,2,0.199951171875,2378
0.19775390625,63.983482838457235,1.99615478515625e-05,2,0.197479248046875,2379
0.1953125,64.0078968383956,1.97052001953125e-05,2,0.19512939453125,2380
0.19287109375,64.03231083833396,1.9464111328125e-05,2,0.192657470703125,2381
0.1904296875,64.05672483827232,1.92230224609375e-05,2,0.190216064453125,2382
0.18798828125,64.08113883821068,1.8963623046875002e-05,2,0.187774658203125,2383
0.185546875,64.10555283814904,1.87347412109375e-05,2,0.18536376953125,2384
0.18310546875,64.1299668380874,1.8466186523437503e-05,2,0.182952880859375,2385
0.1806640625,64.15438083802576,1.82464599609375e-05,2,0.1805419921875,2386
0.17822265625,64.17879483796412,1.79718017578125e-05,2,0.178009033203125,2387
0.17578125,64.20320883790248,1.7755126953125e-05,2,0.17559814453125,2388
0.17333984375,64.22762283784084,1.74774169921875e-05,2,0.17315673828125,2389
0.1708984375,64.2520368377792,1.72607421875e-05,2,0.170745849609375,2390
0.16845703125,64.27645083771756,1.69891357421875e-05,2,0.168304443359375,2391
0.166015625,64.30086483765592,1.67633056640625e-05,2,0.165802001953125,2392
0.16357421875,64.32527883759428,1.6500854492187502e-05,2,0.16339111328125,2393
0.1611328125,64.34969283753264,1.6265869140625e-05,2,0.16094970703125,2394
0.15869140625,64.374106837471,1.6015625e-05,2,0.1585693359375,2395
0.15625,64.39852083740936,1.5765380859375002e-05,2,0.156097412109375,2396
0.15380859375,64.42293483734773,1.55303955078125e-05,2,0.153656005859375,2397
0.1513671875,64.44734883728609,1.5267944335937502e-05,2,0.151214599609375,2398
0.14892578125,64.47176283722445,1.50421142578125e-05,2,0.14874267578125,2399
0.146484375,64.4961768371628,1.4770507812500001e-05,2,0.146270751953125,2400
0.14404296875,64.52059083710117,1.4553833007812501e-05,2,0.143951416015625,2401
0.1416015625,64.54500483703953,1.4276123046875001e-05,2,0.141510009765625,2402
0.13916015625,64.56941883697789,1.40594482421875e-05,2,0.139007568359375,2403
0.13671875,64.59383283691625,1.3784790039062501e-05,2,0.1365966796875,2404
0.13427734375,64.61824683685461,1.35650634765625e-05,2,0.1341552734375,2405
0.1318359375,64.64266083679297,1.3296508789062501e-05,2,0.1317138671875,2406
0.12939453125,64.66707483673133,1.3067626953125e-05,2,0.129302978515625,2407
0.126953125,64.69148883666969,1.28082275390625e-05,2,0.1268310546875,2408
0.12451171875,64.71590283660805,1.2570190429687501e-05,2,0.1243896484375,2409
0.1220703125,64.74031683654641,1.2322998046875e-05,2,0.1219482421875,2410
0.11962890625,64.76473083648477,1.20697021484375e-05,2,0.11956787109375,2411
0.1171875,64.78914483642313,1.1834716796875001e-05,2,0.117156982421875,2412
0.11474609375,64.8135588363615,1.1572265625000001e-05,2,0.11468505859375,2413
0.1123046875,64.83797283629985,1.13494873046875e-05,2,0.11212158203125,2414
0.10986328125,64.86238683623822,1.10748291015625e-05,2,0.1097412109375,2415
0.107421875,64.88680083617658,1.08612060546875e-05,2,0.10736083984375,2416
0.10498046875,64.91121483611494,1.058349609375e-05,2,0.1048583984375,2417
0.1025390625,64.9356288360533,1.03668212890625e-05,2,0.10247802734375,2418
0.10009765625,64.96004283599166,1.00921630859375e-05,2,0.100006103515625,2419
0.09765625,64.98445683593002,9.869384765625e-06,2,0.0975341796875,2420
0.09521484375,65.00887083586838,9.603881835937501e-06,2,0.0950927734375,2421
0.0927734375,65.03328483580674,9.371948242187501e-06,2,0.09271240234375,2422
0.09033203125,65.0576988357451,9.11865234375e-06,2,0.090240478515625,2423
0.087890625,65.08211283568346,8.8714599609375e-06,2,0.087799072265625,2424
0.08544921875,65.10652683562182,8.6273193359375e-06,2,0.085205078125,2425
0.0830078125,65.13094083556018,8.367919921875e-06,2,0.08282470703125,2426
0.08056640625,65.15535483549854,8.139038085937501e-06,2,0.080322265625,2427
0.078125,65.1797688354369,7.8704833984375e-06,2,0.077911376953125,2428
0.07568359375,65.20418283537526,7.650756835937501e-06,2,0.07550048828125,2429
0.0732421875,65.22859683531362,7.376098632812501e-06,2,0.07305908203125,2430
0.07080078125,65.25301083525198,7.159423828125001e-06,2,0.07061767578125,2431
0.068359375,65.27742483519035,6.884765625000001e-06,2,0.06817626953125,2432
0.06591796875,65.3018388351287,6.6650390625e-06,2,0.06573486328125,2433
0.0634765625,65.32625283506707,6.393432617187501e-06,2,0.063262939453125,2434
0.06103515625,65.35066683500543,6.1706542968750006e-06,2,0.060882568359375,2435
0.05859375,65.37508083494379,5.9051513671875e-06,2,0.05841064453125,2436
0.05615234375,65.39949483488215,5.670166015625001e-06,2,0.055938720703125,2437
0.0537109375,65.42390883482051,5.419921875e-06,2,0.053558349609375,2438
0.05126953125,65.44832283475887,5.1727294921875e-06,2,0.051116943359375,2439
0.048828125,65.47273683469723,4.9346923828125e-06,2,0.04892578125,2440
0.04638671875,65.49715083463559,4.672546386718751e-06,2,0.046502685546875006,2441
0.0439453125,65.52156483457395,4.4470214843750005e-06,2,0.044055175781250004,2442
0.04150390625,65.54597883451231,4.17633056640625e-06,2,0.0416168212890625,2443
0.0390625,65.57039283445067,3.9569091796875e-06,2,0.039172363281250004,2444
0.03662109375,65.59480683438903,3.6807250976562503e-06,2,0.0367462158203125,2445
0.0341796875,65.6192208343274,3.4661865234375004e-06,2,0.03428955078125,2446
0.03173828125,65.64363483426575,3.1900024414062504e-06,2,0.03186645507812501,2447
0.029296875,65.66804883420411,2.969970703125e-06,2,0.02942504882812501,2448
0.02685546875,65.69246283414248,2.7017211914062503e-06,2,0.026989746093750003,2449
0.0244140625,65.71687683408084,2.47314453125e-06,2,0.024545288085937506,2450
0.02197265625,65.7412908340192,2.21435546875e-06,2,0.022100830078124994,2451
0.01953125,65.76570483395756,1.973876953125e-06,2,0.019662475585937506,2452
0.01708984375,65.79011883389592,1.728515625e-06,2,0.017221069335937506,2453
0.0146484375,65.81453283383428,1.4749145507812501e-06,2,0.014791870117187494,2454
0.01220703125,65.83894683377264,1.24298095703125e-06,2,0.012341308593750003,2455
0.009765625,65.863360833711,9.762573242187501e-07,2,0.009912109375000006,2456
0.00732421875,65.88777483364936,7.543945312500001e-07,2,0.007476806640625,2457
0.0048828125,65.91218883358772,4.8095703125e-07,2,0.005023193359374997,2458
0.00244140625,65.93660283352608,2.644653320312501e-07,2,0.0025848388671874944,2459
0.0,65.96101683346444,-1.3641357421874946e-08,2,0.00016479492187500278,2460
-0.00244140625,65.9854308334028,-2.29949951171875e-07,2,-0.0022674560546875056,2461
-0.0048828125,66.00984483334116,-5.035400390625e-07,2,-0.0047210693359374944,2462
-0.00732421875,66.03425883327952,-7.2509765625e-07,2,-0.007159423828124997,2463
-0.009765625,66.05867283321788,-9.9151611328125e-07,2,-0.009606933593750006,2464
-0.01220703125,66.08308683315624,-1.2225341796875e-06,2,-0.012042236328124997,2465
-0.0146484375,66.1075008330946,-1.47705078125e-06,2,-0.014468383789062497,2466
-0.01708984375,66.13191483303297,-1.7214965820312498e-06,2,-0.016894531249999997,2467
-0.01953125,66.15632883297133,-1.9635009765625e-06,2,-0.019323730468749994,2468
-0.02197265625,66.18074283290969,-2.2210693359375e-06,2,-0.021746826171874997,2469
-0.0244140625,66.20515683284805,-2.44903564453125e-06,2,-0.024206542968749994,2470
-0.02685546875,66.22957083278641,-2.7175903320312497e-06,2,-0.02662353515624999,2471
-0.029296875,66.25398483272477,-2.93853759765625e-06,2,-0.02907104492187501,2472
-0.03173828125,66.27839883266313,-3.21319580078125e-06,2,-0.03149719238281251,2473
-0.0341796875,66.30281283260149,-3.4274291992187502e-06,2,-0.033987426757812494,2474
-0.03662109375,66.32722683253985,-3.7048339843750002e-06,2,-0.03643798828125,2475
-0.0390625,66.35164083247821,-3.92303466796875e-06,2,-0.038873291015625006,2476
-0.04150390625,66.37605483241657,-4.1937255859375004e-06,2,-0.04128723144531249,2477
-0.0439453125,66.40046883235493,-4.41864013671875e-06,2,-0.04373474121093751,2478
-0.04638671875,66.42488283229329,-4.681091308593751e-06,2,-0.04617614746093751,2479
-0.048828125,66.44929683223165,-4.9176025390625e-06,2,-0.048605346679687494,2480
-0.05126953125,66.47371083217001,-5.1635742187500005e-06,2,-0.051055908203125,2481
-0.0537109375,66.49812483210837,-5.4107666015625e-06,2,-0.05352783203125,2482
-0.05615234375,66.52253883204673,-5.6488037109375004e-06,2,-0.05596923828125,2483
-0.05859375,66.5469528319851,-5.9112548828125e-06,2,-0.05841064453125,2484
-0.06103515625,66.57136683192346,-6.137084960937501e-06,2,-0.06085205078125,2485
-0.0634765625,66.59578083186182,-6.405639648437501e-06,2,-0.063201904296875,2486
-0.06591796875,66.62019483180018,-6.6253662109375005e-06,2,-0.06573486328125,2487
-0.068359375,66.64460883173854,-6.903076171875e-06,2,-0.068145751953125,2488
-0.07080078125,66.6690228316769,-7.1166992187500006e-06,2,-0.070556640625,2489
-0.0732421875,66.69343683161526,-7.391357421875001e-06,2,-0.073028564453125,2490
-0.07568359375,66.71785083155362,-7.614135742187501e-06,2,-0.075408935546875,2491
-0.078125,66.74226483149198,-7.879638671875001e-06,2,-0.077850341796875,2492
-0.08056640625,66.76667883143034,-8.111572265625001e-06,2,-0.080291748046875,2493
-0.0830078125,66.7910928313687,-8.367919921875e-06,2,-0.082733154296875,2494
-0.08544921875,66.81550683130706,-8.6090087890625e-06,2,-0.08514404296875,2495
-0.087890625,66.83992083124542,-8.8531494140625e-06,2,-0.087615966796875,2496
-0.09033203125,66.86433483118378,-9.109497070312501e-06,2,-0.090057373046875,2497
-0.0927734375,66.88874883112214,-9.338378906250002e-06,2,-0.09246826171875,2498
-0.09521484375,66.9131628310605,-9.60693359375e-06,2,-0.094879150390625,2499
-0.09765625,66.93757683099886,-9.829711914062502e-06,2,-0.097320556640625,2500
-0.10009765625,66.96199083093722,-1.0101318359375e-05,2,-0.099822998046875,2501
-0.1025390625,66.98640483087559,-1.03179931640625e-05,2,-0.10223388671875,2502
-0.10498046875,67.01081883081395,-1.0595703125e-05,2,-0.1046142578125,2503
-0.107421875,67.0352328307523,-1.08123779296875e-05,2,-0.1070556640625,2504
-0.10986328125,67.05964683069067,-1.1083984375e-05,2,-0.109466552734375,2505
-0.1123046875,67.08406083062903,-1.1306762695312502e-05,2,-0.111907958984375,2506
-0.11474609375,67.10847483056739,-1.1572265625000001e-05,2,-0.1143798828125,2507
-0.1171875,67.13288883050575,-1.1804199218750001e-05,2,-0.116851806640625,2508
-0.11962890625,67.15730283044411,-1.20574951171875e-05,2,-0.1192626953125,2509
-0.1220703125,67.18171683038247,-1.2304687500000002e-05,2,-0.121673583984375,2510
-0.12451171875,67.20613083032083,-1.2542724609375001e-05,2,-0.12408447265625,2511
-0.126953125,67.23054483025919,-1.2802124023437501e-05,2,-0.126556396484375,2512
-0.12939453125,67.25495883019755,-1.3031005859375001e-05,2,-0.128997802734375,2513
-0.1318359375,67.27937283013591,-1.3299560546875e-05,2,-0.131439208984375,2514
-0.13427734375,67.30378683007427,-1.3519287109375002e-05,2,-0.133880615234375,2515
-0.13671875,67.32820083001263,-1.3796997070312502e-05,2,-0.136260986328125,2516
-0.13916015625,67.352614829951,-1.4010620117187502e-05,2,-0.138763427734375,2517
-0.1416015625,67.37702882988935,-1.4288330078125002e-05,2,-0.14111328125,2518
-0.14404296875,67.40144282982772,-1.4505004882812502e-05,2,-0.143524169921875,2519
-0.146484375,67.42585682976608,-1.4776611328125e-05,2,-0.146026611328125,2520
-0.14892578125,67.45027082970444,-1.5002441406250001e-05,2,-0.148406982421875,2521
-0.1513671875,67.4746848296428,-1.5264892578125003e-05,2,-0.150848388671875,2522
-0.15380859375,67.49909882958116,-1.55029296875e-05,2,-0.153289794921875,2523
-0.15625,67.52351282951952,-1.57501220703125e-05,2,-0.15576171875,2524
-0.15869140625,67.54792682945788,-1.60003662109375e-05,2,-0.158203125,2525
-0.1611328125,67.57234082939624,-1.62353515625e-05,2,-0.160614013671875,2526
-0.16357421875,67.5967548293346,-1.6497802734375002e-05,2,-0.163055419921875,2527
-0.166015625,67.62116882927296,-1.67236328125e-05,2,-0.16546630859375,2528
-0.16845703125,67.64558282921132,-1.6995239257812502e-05,2,-0.167938232421875,2529
-0.1708984375,67.66999682914968,-1.7211914062500002e-05,2,-0.170379638671875,2530
-0.17333984375,67.69441082908804,-1.74896240234375e-05,2,-0.172760009765625,2531
-0.17578125,67.7188248290264,-1.7703247070312502e-05,2,-0.17523193359375,2532
-0.17822265625,67.74323882896476,-1.7977905273437502e-05,2,-0.1776123046875,2533
-0.1806640625,67.76765282890312,-1.820068359375e-05,2,-0.180084228515625,2534
-0.18310546875,67.79206682884148,-1.8469238281250002e-05,2,-0.182525634765625,2535
-0.185546875,67.81648082877985,-1.86981201171875e-05,2,-0.184967041015625,2536
-0.18798828125,67.8408948287182,-1.8954467773437503e-05,2,-0.1873779296875,2537
-0.1904296875,67.86530882865657,-1.9195556640625e-05,2,-0.1898193359375,2538
-0.19287109375,67.88972282859493,-1.9439697265625e-05,2,-0.1922607421875,2539
-0.1953125,67.91413682853329,-1.9696044921875003e-05,2,-0.1947021484375,2540
-0.19775390625,67.93855082847165,-1.99249267578125e-05,2,-0.197113037109375,2541
-0.2001953125,67.96296482841001,-2.0193481445312502e-05,2,-0.19952392578125,2542
-0.20263671875,67.98737882834837,-2.04132080078125e-05,2,-0.202056884765625,2543
-0.205078125,68.01179282828673,-2.0687866210937502e-05,2,-0.204376220703125,2544
-0.20751953125,68.03620682822509,-2.0904541015625e-05,2,-0.206817626953125,2545
-0.2099609375,68.06062082816345,-2.11822509765625e-05,2,-0.20928955078125,2546
-0.21240234375,68.08503482810181,-2.139892578125e-05,2,-0.211669921875,2547
-0.21484375,68.10944882804017,-2.1670532226562502e-05,2,-0.214111328125,2548
-0.21728515625,68.13386282797853,-2.1893310546875e-05,2,-0.216583251953125,2549
-0.2197265625,68.1582768279169,-2.2158813476562502e-05,2,-0.219024658203125,2550
-0.22216796875,68.18269082785525,-2.2393798828125e-05,2,-0.221466064453125,2551
-0.224609375,68.20710482779361,-2.2644042968750003e-05,2,-0.223907470703125,2552
-0.22705078125,68.23151882773197,-2.2891235351562503e-05,2,-0.226287841796875,2553
-0.2294921875,68.25593282767034,-2.31292724609375e-05,2,-0.228729248046875,2554
-0.23193359375,68.2803468276087,-2.3391723632812502e-05,2,-0.23114013671875,2555
-0.234375,68.30476082754706,-2.36175537109375e-05,2,-0.23358154296875,2556
-0.23681640625,68.32917482748542,-2.388916015625e-05,2,-0.23602294921875,2557
-0.2392578125,68.35358882742378,-2.41058349609375e-05,2,-0.238433837890625,2558
-0.24169921875,68.37800282736214,-2.4383544921875e-05,2,-0.24090576171875,2559
-0.244140625,68.4024168273005,-2.459716796875e-05,2,-0.2432861328125,2560
-0.24658203125,68.42683082723886,-2.48748779296875e-05,2,-0.245758056640625,2561
-0.2490234375,68.45124482717722,-2.50946044921875e-05,2,-0.248199462890625,2562
-0.25146484375,68.47565882711558,-2.5363159179687502e-05,2,-0.2506103515625,2563
-0.25390625,68.50007282705394,-2.5592041015625004e-05,2,-0.253021240234375,2564
-0.25634765625,68.5244868269923,-2.5851440429687502e-05,2,-0.2554931640625,2565
-0.2587890625,68.54890082693066,-2.6089477539062503e-05,2,-0.257904052734375,2566
-0.26123046875,68.57331482686902,-2.6336669921875003e-05,2,-0.2603759765625,2567
-0.263671875,68.59772882680738,-2.6586914062500003e-05,2,-0.262786865234375,2568
-0.26611328125,68.62214282674574,-2.6821899414062504e-05,2,-0.265167236328125,2569
-0.2685546875,68.6465568266841,-2.7087402343750002e-05,2,-0.26763916015625,2570
-0.27099609375,68.67097082662247,-2.73101806640625e-05,2,-0.27008056640625,2571
-0.2734375,68.69538482656083,-2.7581787109375e-05,2,-0.272491455078125,2572
-0.27587890625,68.71979882649919,-2.77984619140625e-05,2,-0.274932861328125,2573
-0.2783203125,68.74421282643755,-2.8076171875e-05,2,-0.277374267578125,2574
-0.28076171875,68.76862682637591,-2.82928466796875e-05,2,-0.27984619140625,2575
-0.283203125,68.79304082631427,-2.85675048828125e-05,2,-0.28216552734375,2576
-0.28564453125,68.81745482625263,-2.87872314453125e-05,2,-0.28466796875,2577
-0.2880859375,68.84186882619099,-2.9055786132812502e-05,2,-0.287139892578125,2578
-0.29052734375,68.86628282612935,-2.9284667968750004e-05,2,-0.28955078125,2579
-0.29296875,68.89069682606771,-2.9541015625000003e-05,2,-0.291961669921875,2580
-0.29541015625,68.91511082600607,-2.9782104492187503e-05,2,-0.29443359375,2581
-0.2978515625,68.93952482594443,-3.0026245117187503e-05,2,-0.296844482421875,2582
-0.30029296875,68.96393882588279,-3.0285644531250002e-05,2,-0.299835205078125,2583
-0.302734375,68.98835282582115,-3.05145263671875e-05,2,-0.30230712890625,2584
-0.30517578125,69.01276682575951,-3.0783081054687505e-05,2,-0.3046875,2585
-0.3076171875,69.03718082569787,-3.1005859375e-05,2,-0.307098388671875,2586
-0.31005859375,69.06159482563623,-3.1280517578125004e-05,2,-0.30963134765625,2587
-0.3125,69.0860088255746,-3.1494140625e-05,2,-0.31201171875,2588
-0.31494140625,69.11042282551296,-3.1774902343750004e-05,2,-0.31451416015625,2589
-0.3173828125,69.13483682545132,-3.199462890625e-05,2,-0.31695556640625,2590
-0.31982421875,69.15925082538968,-3.2266235351562504e-05,2,-0.31939697265625,2591
-0.322265625,69.18366482532804,-3.24920654296875e-05,2,-0.3218994140625,2592
-0.32470703125,69.2080788252664,-3.2751464843750005e-05,2,-0.324310302734375,2593
-0.3271484375,69.23249282520476,-3.29864501953125e-05,2,-0.326751708984375,2594
-0.32958984375,69.25690682514312,-3.323974609375e-05,2,-0.329132080078125,2595
-0.33203125,69.28132082508148,-3.34869384765625e-05,2,-0.33154296875,2596
-0.33447265625,69.30573482501984,-3.37249755859375e-05,2,-0.333953857421875,2597
-0.3369140625,69.3301488249582,-3.3984375000000004e-05,2,-0.33642578125,2598
-0.33935546875,69.35456282489656,-3.42132568359375e-05,2,-0.338958740234375,2599
-0.341796875,69.37897682483492,-3.4481811523437504e-05,2,-0.341339111328125,2600
-0.34423828125,69.40339082477328,-3.47015380859375e-05,2,-0.34375,2601
-0.3466796875,69.42780482471164,-3.4979248046875e-05,2,-0.346160888671875,2602
-0.34912109375,69.45221882465,-3.519287109375e-05,2,-0.348602294921875,2603
-0.3515625,69.47663282458836,-3.54705810546875e-05,2,-0.35113525390625,2604
-0.35400390625,69.50104682452672,-3.5687255859375e-05,2,-0.353546142578125,2605
-0.3564453125,69.52546082446509,-3.5955810546875004e-05,2,-0.35595703125,2606
-0.35888671875,69.54987482440345,-3.61846923828125e-05,2,-0.358428955078125,2607
-0.361328125,69.5742888243418,-3.6444091796875005e-05,2,-0.360870361328125,2608
-0.36376953125,69.59870282428017,-3.6685180664062505e-05,2,-0.36328125,2609
-0.3662109375,69.62311682421853,-3.69293212890625e-05,2,-0.365692138671875,2610
-0.36865234375,69.64753082415689,-3.7182617187500005e-05,2,-0.36810302734375,2611
-0.37109375,69.67194482409525,-3.741455078125e-05,2,-0.370635986328125,2612
-0.37353515625,69.69635882403361,-3.7680053710937504e-05,2,-0.373016357421875,2613
-0.3759765625,69.72077282397197,-3.790283203125e-05,2,-0.37542724609375,2614
-0.37841796875,69.74518682391033,-3.8177490234375003e-05,2,-0.377899169921875,2615
-0.380859375,69.76960082384869,-3.83941650390625e-05,2,-0.380340576171875,2616
-0.38330078125,69.79401482378705,-3.8671875e-05,2,-0.38275146484375,2617
-0.3857421875,69.81842882372541,-3.88885498046875e-05,2,-0.38519287109375,2618
-0.38818359375,69.84284282366377,-3.9160156250000004e-05,2,-0.3876953125,2619
-0.390625,69.86725682360213,-3.93829345703125e-05,2,-0.390106201171875,2620
-0.39306640625,69.8916708235405,-3.9648437500000004e-05,2,-0.39251708984375,2621
-0.3955078125,69.91608482347885,-3.988037109375e-05,2,-0.39501953125,2622
-0.39794921875,69.94049882341722,-4.0136718750000004e-05,2,-0.397369384765625,2623
-0.400390625,69.96491282335558,-4.0380859375000005e-05,2,-0.3997802734375,2624
-0.40283203125,69.98932682329394,-4.0621948242187505e-05,2,-0.40228271484375,2625
-0.4052734375,70.0137408232323,-4.0881347656250004e-05,2,-0.404693603515625,2626
-0.40771484375,70.03815482317066,-4.1107177734375e-05,2,-0.407073974609375,2627
-0.41015625,70.06256882310902,-4.13787841796875e-05,2,-0.40966796875,2628
-0.41259765625,70.08698282304738,-4.1595458984375e-05,2,-0.41204833984375,2629
-0.4150390625,70.11139682298574,-4.18731689453125e-05,2,-0.41448974609375,2630
-0.41748046875,70.1358108229241,-4.20867919921875e-05,2,-0.4168701171875,2631
-0.419921875,70.16022482286246,-4.2364501953125e-05,2,-0.419342041015625,2632
-0.42236328125,70.18463882280082,-4.2584228515625e-05,2,-0.421722412109375,2633
-0.4248046875,70.20905282273918,-4.2852783203125004e-05,2,-0.4241943359375,2634
-0.42724609375,70.23346682267754,-4.3081665039062505e-05,2,-0.426605224609375,2635
-0.4296875,70.2578808226159,-4.3341064453125004e-05,2,-0.42913818359375,2636
-0.43212890625,70.28229482255426,-4.3579101562500005e-05,2,-0.4315185546875,2637
-0.4345703125,70.30670882249262,-4.3826293945312505e-05,2,-0.433990478515625,2638
-0.43701171875,70.33112282243098,-4.4076538085937504e-05,2,-0.43646240234375,2639
-0.439453125,70.35553682236934,-4.4311523437500005e-05,2,-0.438812255859375,2640
-0.44189453125,70.3799508223077,-4.4573974609375004e-05,2,-0.4412841796875,2641
-0.4443359375,70.40436482224607,-4.47998046875e-05,2,-0.44366455078125,2642
-0.44677734375,70.42877882218443,-4.50714111328125e-05,2,-0.446136474609375,2643
-0.44921875,70.45319282212279,-4.52911376953125e-05,2,-0.448577880859375,2644
-0.45166015625,70.47760682206115,-4.55657958984375e-05,2,-0.45098876953125,2645
-0.4541015625,70.50202082199951,-4.5782470703125e-05,2,-0.453460693359375,2646
-0.45654296875,70.52643482193787,-4.605712890625e-05,2,-0.455902099609375,2647
-0.458984375,70.55084882187623,-4.627685546875e-05,2,-0.458343505859375,2648
-0.46142578125,70.57526282181459,-4.6545410156250003e-05,2,-0.46075439453125,2649
-0.4638671875,70.59967682175295,-4.6777343750000005e-05,2,-0.4632568359375,2650
-0.46630859375,70.62409082169131,-4.7030639648437504e-05,2,-0.4656982421875,2651
-0.46875,70.64850482162967,-4.7274780273437504e-05,2,-0.468109130859375,2652
-0.47119140625,70.67291882156803,-4.7518920898437505e-05,2,-0.47052001953125,2653
-0.4736328125,70.6973328215064,-4.7772216796875004e-05,2,-0.4730224609375,2654
-0.47607421875,70.72174682144475,-4.8004150390625005e-05,2,-0.475433349609375,2655
-0.478515625,70.74616082138311,-4.8272705078125e-05,2,-0.47784423828125,2656
-0.48095703125,70.77057482132147,-4.8492431640625e-05,2,-0.480255126953125,2657
-0.4833984375,70.79498882125984,-4.876708984375e-05,2,-0.482696533203125,2658
-0.48583984375,70.8194028211982,-4.89837646484375e-05,2,-0.48516845703125,2659
-0.48828125,70.84381682113656,-4.9261474609375e-05,2,-0.487640380859375,2660
-0.49072265625,70.86823082107492,-4.947509765625e-05,2,-0.490081787109375,2661
-0.4931640625,70.89264482101328,-4.9749755859375e-05,2,-0.492523193359375,2662
-0.49560546875,70.91705882095164,-4.9972534179687505e-05,2,-0.49493408203125,2663
-0.498046875,70.94147282089,-5.0201416015625e-05,2,-0.49737548828125,2664
-0.50048828125,70.96588682082836,-5.0415039062500004e-05,2,-0.499847412109375,2665
-0.5029296875,70.99030082076672,-5.0689697265625e-05,2,-0.502166748046875,2666
-0.50537109375,71.01471482070508,-5.0933837890625e-05,2,-0.504669189453125,2667
-0.5078125,71.03912882064344,-5.1177978515625e-05,2,-0.507110595703125,2668
-0.51025390625,71.0635428205818,-5.1422119140625e-05,2,-0.509552001953125,2669
-0.5126953125,71.08795682052016,-5.1666259765625e-05,2,-0.511962890625,2670
-0.51513671875,71.11237082045852,-5.1940917968750005e-05,2,-0.514434814453125,2671
-0.517578125,71.13678482039688,-5.2154541015625e-05,2,-0.516815185546875,2672
-0.52001953125,71.16119882033524,-5.242919921875e-05,2,-0.519287109375,2673
-0.5224609375,71.1856128202736,-5.2642822265625e-05,2,-0.521759033203125,2674
-0.52490234375,71.21002682021197,-5.291748046875e-05,2,-0.524169921875,2675
-0.52734375,71.23444082015033,-5.3131103515625e-05,2,-0.526580810546875,2676
-0.52978515625,71.25885482008869,-5.340576171875e-05,2,-0.529022216796875,2677
-0.5322265625,71.28326882002705,-5.3619384765625004e-05,2,-0.531463623046875,2678
-0.53466796875,71.30768281996541,-5.389404296875e-05,2,-0.533966064453125,2679
-0.537109375,71.33209681990377,-5.413818359375e-05,2,-0.536407470703125,2680
-0.53955078125,71.35651081984213,-5.438232421875e-05,2,-0.538787841796875,2681
-0.5419921875,71.38092481978049,-5.462646484375e-05,2,-0.541229248046875,2682
-0.54443359375,71.40533881971885,-5.487060546875e-05,2,-0.543701171875,2683
-0.546875,71.42975281965721,-5.511474609375e-05,2,-0.546112060546875,2684
-0.54931640625,71.45416681959557,-5.535888671875e-05,2,-0.54852294921875,2685
-0.5517578125,71.47858081953393,-5.560302734375e-05,2,-0.551055908203125,2686
-0.55419921875,71.50299481947229,-5.584716796875e-05,2,-0.553466796875,2687
-0.556640625,71.52740881941065,-5.6121826171875006e-05,2,-0.555908203125,2688
-0.55908203125,71.55182281934901,-5.633544921875e-05,2,-0.55828857421875,2689
-0.5615234375,71.57623681928737,-5.6610107421875e-05,2,-0.560760498046875,2690
-0.56396484375,71.60065081922573,-5.682373046875e-05,2,-0.56317138671875,2691
-0.56640625,71.6250648191641,-5.7098388671875e-05,2,-0.565643310546875,2692
-0.56884765625,71.64947881910246,-5.7312011718750003e-05,2,-0.56805419921875,2693
-0.5712890625,71.67389281904082,-5.7586669921875e-05,2,-0.570556640625,2694
-0.57373046875,71.69830681897918,-5.7830810546875e-05,2,-0.57293701171875,2695
-0.576171875,71.72272081891754,-5.8074951171875e-05,2,-0.57537841796875,2696
-0.57861328125,71.7471348188559,-5.8319091796875e-05,2,-0.57781982421875,2697
-0.5810546875,71.77154881879426,-5.8563232421875e-05,2,-0.580230712890625,2698
-0.58349609375,71.79596281873262,-5.8837890625000005e-05,2,-0.58270263671875,2699
-0.5859375,71.82037681867098,-5.9051513671875e-05,2,-0.585113525390625,2700
-0.58837890625,71.84479081860934,-5.9326171875000005e-05,2,-0.5875244140625,2701
-0.5908203125,71.8692048185477,-5.9539794921875e-05,2,-0.5899658203125,2702
-0.59326171875,71.89361881848606,-5.9814453125000006e-05,2,-0.59246826171875,2703
-0.595703125,71.91803281842442,-6.0028076171875e-05,2,-0.594879150390625,2704
-0.59814453125,71.94244681836278,-6.0302734375000006e-05,2,-0.597320556640625,2705
-0.6005859375,71.96686081830114,-6.0516357421875e-05,2,-0.5997314453125,2706
-0.60302734375,71.9912748182395,-6.0791015625e-05,2,-0.602203369140625,2707
-0.60546875,72.01568881817786,-6.103515625e-05,2,-0.60467529296875,2708
-0.60791015625,72.04010281811622,-6.1279296875e-05,2,-0.607086181640625,2709
-0.6103515625,72.06451681805459,-6.15234375e-05,2,-0.6094970703125,2710
-0.61279296875,72.08893081799295,-6.1767578125e-05,2,-0.611968994140625,2711
-0.615234375,72.1133448179313,-6.201171875e-05,2,-0.614410400390625,2712
-0.61767578125,72.13775881786967,-6.2255859375e-05,2,-0.61688232421875,2713
-0.6201171875,72.16217281780803,-6.2530517578125e-05,2,-0.619232177734375,2714
-0.62255859375,72.18658681774639,-6.2744140625e-05,2,-0.621734619140625,2715
-0.625,72.21100081768475,-6.3018798828125e-05,2,-0.6241455078125,2716
-0.62744140625,72.23541481762311,-6.3232421875e-05,2,-0.626556396484375,2717
-0.6298828125,72.25982881756147,-6.3507080078125e-05,2,-0.62908935546875,2718
-0.63232421875,72.28424281749983,-6.3720703125e-05,2,-0.631439208984375,2719
-0.634765625,72.30865681743819,-6.3995361328125e-05,2,-0.6339111328125,2720
-0.63720703125,72.33307081737655,-6.4208984375e-05,2,-0.63641357421875,2721
-0.6396484375,72.35748481731491,-6.4483642578125e-05,2,-0.638763427734375,2722
-0.64208984375,72.38189881725327,-6.4727783203125e-05,2,-0.641204833984375,2723
-0.64453125,72.40631281719163,-6.4971923828125e-05,2,-0.6436767578125,2724
-0.64697265625,72.43072681713,-6.5216064453125e-05,2,-0.646087646484375,2725
-0.6494140625,72.45514081706835,-6.5460205078125e-05,2,-0.6485595703125,2726
-0.65185546875,72.47955481700671,-6.5704345703125e-05,2,-0.651031494140625,2727
-0.654296875,72.50396881694508,-6.5948486328125e-05,2,-0.65338134765625,2728
-0.65673828125,72.52838281688344,-6.6192626953125e-05,2,-0.655853271484375,2729
-0.6591796875,72.5527968168218,-6.6436767578125e-05,2,-0.658294677734375,2730
-0.66162109375,72.57721081676016,-6.671142578125e-05,2,-0.660736083984375,2731
-0.6640625,72.60162481669852,-6.6925048828125e-05,2,-0.6632080078125,2732
-0.66650390625,72.62603881663688,-6.719970703125e-05,2,-0.66558837890625,2733
-0.6689453125,72.65045281657524,-6.7413330078125e-05,2,-0.668060302734375,2734
-0.67138671875,72.6748668165136,-6.768798828125e-05,2,-0.67047119140625,2735
-0.673828125,72.69928081645196,-6.7901611328125e-05,2,-0.67291259765625,2736
-0.67626953125,72.72369481639032,-6.817626953125e-05,2,-0.675384521484375,2737
-0.6787109375,72.74810881632868,-6.842041015625e-05,2,-0.677825927734375,2738
-0.68115234375,72.77252281626704,-6.866455078125e-05,2,-0.680206298828125,2739
-0.68359375,72.7969368162054,-6.890869140625e-05,2,-0.68267822265625,2740
-0.68603515625,72.82135081614376,-6.915283203125e-05,2,-0.68511962890625,2741
-0.6884765625,72.84576481608212,-6.939697265625e-05,2,-0.687530517578125,2742
-0.69091796875,72.87017881602048,-6.964111328125e-05,2,-0.68994140625,2743
-0.693359375,72.89459281595884,-6.9915771484375e-05,2,-0.69244384765625,2744
-0.69580078125,72.9190068158972,-7.012939453125e-05,2,-0.694854736328125,2745
-0.6982421875,72.94342081583557,-7.0404052734375e-05,2,-0.69732666015625,2746
-0.70068359375,72.96783481577393,-7.061767578125e-05,2,-0.69976806640625,2747
-0.703125,72.99224881571229,-7.0892333984375e-05,2,-0.7021484375,2748
-0.70556640625,73.01666281565065,-7.110595703125e-05,2,-0.704620361328125,2749
-0.7080078125,73.04107681558901,-7.1380615234375e-05,2,-0.707061767578125,2750
-0.71044921875,73.06549081552737,-7.159423828125e-05,2,-0.709442138671875,2751
-0.712890625,73.08990481546573,-7.1868896484375e-05,2,-0.711944580078125,2752
-0.71533203125,73.11431881540409,-7.2113037109375e-05,2,-0.71435546875,2753
-0.7177734375,73.13873281534245,-7.2357177734375e-05,2,-0.716827392578125,2754
-0.72021484375,73.16314681528081,-7.2601318359375e-05,2,-0.71923828125,2755
-0.72265625,73.18756081521917,-7.2845458984375e-05,2,-0.721649169921875,2756
-0.72509765625,73.21197481515753,-7.3089599609375e-05,2,-0.72412109375,2757
-0.7275390625,73.23638881509589,-7.3333740234375e-05,2,-0.72650146484375,2758
-0.72998046875,73.26080281503425,-7.36083984375e-05,2,-0.72900390625,2759
-0.732421875,73.28521681497261,-7.3822021484375e-05,2,-0.7314453125,2760
-0.73486328125,73.30963081491097,-7.40966796875e-05,2,-0.73388671875,2761
-0.7373046875,73.33404481484934,-7.4310302734375e-05,2,-0.736297607421875,2762
-0.73974609375,73.3584588147877,-7.45849609375e-05,2,-0.73876953125,2763
-0.7421875,73.38287281472606,-7.48291015625e-05,2,-0.741180419921875,2764
-0.74462890625,73.40728681466442,-7.50732421875e-05,2,-0.743621826171875,2765
-0.7470703125,73.43170081460278,-7.53173828125e-05,2,-0.74603271484375,2766
-0.74951171875,73.45611481454114,-7.55615234375e-05,2,-0.74847412109375,2767
-0.751953125,73.4805288144795,-7.58056640625e-05,2,-0.7513427734375,2768
-0.75439453125,73.50494281441786,-7.60498046875e-05,2,-0.75408935546875,2769
-0.7568359375,73.52935681435622,-7.632446289062501e-05,2,-0.7568359375,2770
-0.75927734375,73.55377081429458,-7.65380859375e-05,2,-0.7586669921875,2771
-0.76171875,73.57818481423294,-7.6812744140625e-05,2,-0.76141357421875,2772
-0.76416015625,73.6025988141713,-7.70263671875e-05,2,-0.7635498046875,2773
-0.7666015625,73.62701281410966,-7.7301025390625e-05,2,-0.76629638671875,2774
-0.76904296875,73.65142681404802,-7.75146484375e-05,2,-0.76873779296875,2775
-0.771484375,73.67584081398638,-7.7789306640625e-05,2,-0.7708740234375,2776
-0.77392578125,73.70025481392474,-7.80029296875e-05,2,-0.7733154296875,2777
-0.7763671875,73.7246688138631,-7.8277587890625e-05,2,-0.7757568359375,2778
-0.77880859375,73.74908281380146,-7.84912109375e-05,2,-0.77850341796875,2779
-0.78125,73.77349681373983,-7.8765869140625e-05,2,-0.7806396484375,2780
-0.78369140625,73.79791081367819,-7.9010009765625e-05,2,-0.78277587890625,2781
-0.7861328125,73.82232481361655,-7.92236328125e-05,2,-0.7855224609375,2782
-0.78857421875,73.84673881355491,-7.9498291015625e-05,2,-0.78765869140625,2783
-0.791015625,73.87115281349327,-7.97119140625e-05,2,-0.79010009765625,2784
-0.79345703125,73.89556681343163,-7.9986572265625e-05,2,-0.79254150390625,2785
-0.7958984375,73.91998081336999,-8.0230712890625e-05,2,-0.794677734375,2786
-0.79833984375,73.94439481330835,-8.050537109375001e-05,2,-0.7977294921875,2787
-0.80078125,73.96880881324671,-8.0718994140625e-05,2,-0.80047607421875,2788
-0.80322265625,73.99322281318507,-8.099365234375e-05,2,-0.80291748046875,2789
-0.8056640625,74.01763681312343,-8.1207275390625e-05,2,-0.80535888671875,2790
-0.80810546875,74.04205081306179,-8.1451416015625e-05,2,-0.8074951171875,2791
-0.810546875,74.06646481300015,-8.1695556640625e-05,2,-0.8099365234375,2792
-0.81298828125,74.09087881293851,-8.197021484375e-05,2,-0.81207275390625,2793
-0.8154296875,74.11529281287687,-8.221435546875e-05,2,-0.8148193359375,2794
-0.81787109375,74.13970681281523,-8.245849609375e-05,2,-0.816650390625,2795
-0.8203125,74.1641208127536,-8.270263671875e-05,2,-0.81939697265625,2796
-0.82275390625,74.18853481269196,-8.2916259765625e-05,2,-0.8221435546875,2797
-0.8251953125,74.21294881263032,-8.319091796875e-05,2,-0.8245849609375,2798
-0.82763671875,74.23736281256868,-8.3404541015625e-05,2,-0.82672119140625,2799
-0.830078125,74.26177681250704,-8.370971679687501e-05,2,-0.82916259765625,2800
-0.83251953125,74.2861908124454,-8.392333984375e-05,2,-0.8319091796875,2801
-0.8349609375,74.31060481238376,-8.419799804687501e-05,2,-0.8343505859375,2802
-0.83740234375,74.33501881232212,-8.441162109375e-05,2,-0.83648681640625,2803
-0.83984375,74.35943281226048,-8.4686279296875e-05,2,-0.8392333984375,2804
-0.84228515625,74.38384681219884,-8.489990234375e-05,2,-0.84197998046875,2805
-0.8447265625,74.4082608121372,-8.5174560546875e-05,2,-0.8441162109375,2806
-0.84716796875,74.43267481207556,-8.538818359375e-05,2,-0.84716796875,2807
-0.849609375,74.45708881201392,-8.5662841796875e-05,2,-0.84869384765625,2808
-0.85205078125,74.48150281195228,-8.5906982421875e-05,2,-0.8514404296875,2809
-0.8544921875,74.50591681189064,-8.612060546875e-05,2,-0.85418701171875,2810
-0.85693359375,74.530330811829,-8.6395263671875e-05,2,-0.8563232421875,2811
-0.859375,74.55474481176736,-8.660888671875e-05,2,-0.8587646484375,2812
-0.86181640625,74.57915881170572,-8.6883544921875e-05,2,-0.8612060546875,2813
-0.8642578125,74.60357281164409,-8.709716796875e-05,2,-0.8636474609375,2814
-0.86669921875,74.62798681158245,-8.7371826171875e-05,2,-0.86578369140625,2815
-0.869140625,74.6524008115208,-8.7615966796875e-05,2,-0.86883544921875,2816
-0.87158203125,74.67681481145917,-8.789062500000001e-05,2,-0.87127685546875,2817
-0.8740234375,74.70122881139753,-8.8104248046875e-05,2,-0.8734130859375,2818
-0.87646484375,74.72564281133589,-8.837890625000001e-05,2,-0.8758544921875,2819
-0.87890625,74.75005681127425,-8.8592529296875e-05,2,-0.87860107421875,2820
-0.88134765625,74.77447081121261,-8.88671875e-05,2,-0.88043212890625,2821
-0.8837890625,74.79888481115097,-8.9080810546875e-05,2,-0.8831787109375,2822
-0.88623046875,74.82329881108933,-8.935546875e-05,2,-0.885009765625,2823
-0.888671875,74.84771281102769,-8.9599609375e-05,2,-0.88775634765625,2824
-0.89111328125,74.87212681096605,-8.9813232421875e-05,2,-0.8905029296875,2825
-0.8935546875,74.89654081090441,-9.0087890625e-05,2,-0.89263916015625,2826
-0.89599609375,74.92095481084277,-9.033203125e-05,2,-0.89508056640625,2827
-0.8984375,74.94536881078113,-9.060668945312501e-05,2,-0.89813232421875,2828
-0.90087890625,74.9697828107195,-9.08203125e-05,2,-0.9002685546875,2829
-0.9033203125,74.99419681065785,-9.109497070312501e-05,2,-0.9027099609375,2830
-0.90576171875,75.01861081059621,-9.130859375e-05,2,-0.90545654296875,2831
-0.908203125,75.04302481053458,-9.158325195312501e-05,2,-0.90789794921875,2832
-0.91064453125,75.06743881047294,-9.1796875e-05,2,-0.91033935546875,2833
-0.9130859375,75.0918528104113,-9.207153320312501e-05,2,-0.91278076171875,2834
-0.91552734375,75.11626681034966,-9.228515625e-05,2,-0.91522216796875,2835
-0.91796875,75.14068081028802,-9.255981445312501e-05,2,-0.9173583984375,2836
-0.92041015625,75.16509481022638,-9.2803955078125e-05,2,-0.9197998046875,2837
-0.9228515625,75.18950881016474,-9.3048095703125e-05,2,-0.9222412109375,2838
-0.92529296875,75.2139228101031,-9.3292236328125e-05,2,-0.9246826171875,2839
-0.927734375,75.23833681004146,-9.3536376953125e-05,2,-0.9271240234375,2840
-0.93017578125,75.26275080997982,-9.3780517578125e-05,2,-0.9295654296875,2841
-0.9326171875,75.28716480991818,-9.3994140625e-05,2,-0.9320068359375,2842
-0.93505859375,75.31157880985654,-9.429931640625001e-05,2,-0.9344482421875,2843
-0.9375,75.3359928097949,-9.4512939453125e-05,2,-0.93719482421875,2844
-0.93994140625,75.36040680973326,-9.478759765625001e-05,2,-0.9393310546875,2845
-0.9423828125,75.38482080967162,-9.5001220703125e-05,2,-0.9417724609375,2846
-0.94482421875,75.40923480960998,-9.527587890625001e-05,2,-0.94390869140625,2847
-0.947265625,75.43364880954834,-9.5489501953125e-05,2,-0.94696044921875,2848
-0.94970703125,75.4580628094867,-9.576416015625001e-05,2,-0.9490966796875,2849
-0.9521484375,75.48247680942507,-9.600830078125001e-05,2,-0.9515380859375,2850
-0.95458984375,75.50689080936343,-9.625244140625001e-05,2,-0.95367431640625,2851
-0.95703125,75.53130480930179,-9.649658203125001e-05,2,-0.95611572265625,2852
-0.95947265625,75.55571880924015,-9.674072265625001e-05,2,-0.95855712890625,2853
-0.9619140625,75.58013280917851,-9.698486328125e-05,2,-0.96099853515625,2854
-0.96435546875,75.60454680911687,-9.722900390625e-05,2,-0.96405029296875,2855
-0.966796875,75.62896080905523,-9.750366210937501e-05,2,-0.96588134765625,2856
-0.96923828125,75.65337480899359,-9.771728515625e-05,2,-0.96923828125,2857
-0.9716796875,75.67778880893195,-9.799194335937501e-05,2,-0.97076416015625,2858
-0.97412109375,75.70220280887031,-9.820556640625e-05,2,-0.97320556640625,2859
-0.9765625,75.72661680880867,-9.848022460937501e-05,2,-0.97625732421875,2860
-0.97900390625,75.75103080874703,-9.869384765625e-05,2,-0.9783935546875,2861
-0.9814453125,75.77544480868539,-9.896850585937501e-05,2,-0.98114013671875,2862
-0.98388671875,75.79985880862375,-9.918212890625e-05,2,-0.98388671875,2863
-0.986328125,75.82427280856211,-9.945678710937501e-05,2,-0.9857177734375,2864
-0.98876953125,75.84868680850047,-9.970092773437501e-05,2,-0.9881591796875,2865
-0.9912109375,75.87310080843883,-9.994506835937501e-05,2,-0.99090576171875,2866
-0.99365234375,75.8975148083772,-0.00010018920898437501,2,-0.99273681640625,2867
-0.99609375,75.92192880831556,-0.00010043334960937501,2,-0.99578857421875,2868
-0.99853515625,75.94634280825392,-0.00010067749023437501,2,-0.9979248046875,2869
-1.0009765625,75.97075680819228,-0.000100921630859375,2,-1.0003662109375,2870
-0.99853515625,75.99517080813064,-0.00010070800781250001,2,-0.9979248046875,2871
-0.99609375,76.019584808069,-0.00010040283203125,2,-0.994873046875,2872
-0.99365234375,76.04399880800736,-0.00010018920898437501,2,-0.99273681640625,2873
-0.9912109375,76.06841280794572,-9.991455078125e-05,2,-0.9906005859375,2874
-0.98876953125,76.09282680788408,-9.970092773437501e-05,2,-0.98876953125,2875
-0.986328125,76.11724080782244,-9.942626953125e-05,2,-0.98602294921875,2876
-0.98388671875,76.1416548077608,-9.921264648437501e-05,2,-0.98297119140625,2877
-0.9814453125,76.16606880769916,-9.893798828125e-05,2,-0.9808349609375,2878
-0.97900390625,76.19048280763752,-9.869384765625e-05,2,-0.9783935546875,2879
-0.9765625,76.21489680757588,-9.848022460937501e-05,2,-0.9759521484375,2880
-0.97412109375,76.23931080751424,-9.820556640625e-05,2,-0.97381591796875,2881
-0.9716796875,76.2637248074526,-9.799194335937501e-05,2,-0.9710693359375,2882
-0.96923828125,76.28813880739096,-9.771728515625e-05,2,-0.96832275390625,2883
-0.966796875,76.31255280732933,-9.747314453125e-05,2,-0.9661865234375,2884
-0.96435546875,76.33696680726769,-9.722900390625e-05,2,-0.96343994140625,2885
-0.9619140625,76.36138080720605,-9.698486328125e-05,2,-0.9613037109375,2886
-0.95947265625,76.3857948071444,-9.6710205078125e-05,2,-0.9588623046875,2887
-0.95703125,76.41020880708277,-9.649658203125001e-05,2,-0.95703125,2888
-0.95458984375,76.43462280702113,-9.6221923828125e-05,2,-0.9539794921875,2889
-0.9521484375,76.45903680695949,-9.600830078125001e-05,2,-0.9515380859375,2890
-0.94970703125,76.48345080689785,-9.5733642578125e-05,2,-0.9490966796875,2891
-0.947265625,76.50786480683621,-9.5489501953125e-05,2,-0.9466552734375,2892
-0.94482421875,76.53227880677457,-9.5245361328125e-05,2,-0.94482421875,2893
-0.9423828125,76.55669280671293,-9.5001220703125e-05,2,-0.94146728515625,2894
-0.93994140625,76.58110680665129,-9.4757080078125e-05,2,-0.93902587890625,2895
-0.9375,76.60552080658965,-9.4512939453125e-05,2,-0.9368896484375,2896
-0.93505859375,76.62993480652801,-9.4268798828125e-05,2,-0.9344482421875,2897
-0.9326171875,76.65434880646637,-9.3994140625e-05,2,-0.931396484375,2898
-0.93017578125,76.67876280640473,-9.381103515625001e-05,2,-0.92926025390625,2899
-0.927734375,76.7031768063431,-9.3505859375e-05,2,-0.92742919921875,2900
-0.92529296875,76.72759080628146,-9.3292236328125e-05,2,-0.9246826171875,2901
-0.9228515625,76.75200480621982,-9.3017578125e-05,2,-0.92193603515625,2902
-0.92041015625,76.77641880615818,-9.2803955078125e-05,2,-0.9197998046875,2903
-0.91796875,76.80083280609654,-9.2529296875e-05,2,-0.9173583984375,2904
-0.91552734375,76.8252468060349,-9.231567382812501e-05,2,-0.91461181640625,2905
-0.9130859375,76.84966080597326,-9.2041015625e-05,2,-0.9124755859375,2906
-0.91064453125,76.87407480591162,-9.182739257812501e-05,2,-0.9100341796875,2907
-0.908203125,76.89848880584998,-9.1552734375e-05,2,-0.9075927734375,2908
-0.90576171875,76.92290280578834,-9.130859375e-05,2,-0.9051513671875,2909
-0.9033203125,76.9473168057267,-9.109497070312501e-05,2,-0.90240478515625,2910
-0.90087890625,76.97173080566506,-9.08203125e-05,2,-0.89996337890625,2911
-0.8984375,76.99614480560342,-9.060668945312501e-05,2,-0.89813232421875,2912
-0.89599609375,77.02055880554178,-9.0301513671875e-05,2,-0.8953857421875,2913
-0.8935546875,77.04497280548014,-9.011840820312501e-05,2,-0.8929443359375,2914
-0.89111328125,77.0693868054185,-8.9813232421875e-05,2,-0.8905029296875,2915
-0.888671875,77.09380080535686,-8.9599609375e-05,2,-0.8880615234375,2916
-0.88623046875,77.11821480529522,-8.9324951171875e-05,2,-0.885009765625,2917
-0.8837890625,77.14262880523358,-8.9111328125e-05,2,-0.8831787109375,2918
-0.88134765625,77.16704280517195,-8.8836669921875e-05,2,-0.88104248046875,2919
-0.87890625,77.1914568051103,-8.862304687500001e-05,2,-0.8782958984375,2920
-0.87646484375,77.21587080504867,-8.8348388671875e-05,2,-0.875244140625,2921
-0.8740234375,77.24028480498703,-8.8104248046875e-05,2,-0.87310791015625,2922
-0.87158203125,77.26469880492539,-8.7860107421875e-05,2,-0.87066650390625,2923
-0.869140625,77.28911280486375,-8.7615966796875e-05,2,-0.86822509765625,2924
-0.86669921875,77.31352680480211,-8.7371826171875e-05,2,-0.8660888671875,2925
-0.8642578125,77.33794080474047,-8.709716796875e-05,2,-0.86334228515625,2926
-0.86181640625,77.36235480467883,-8.6883544921875e-05,2,-0.860595703125,2927
-0.859375,77.38676880461719,-8.660888671875e-05,2,-0.85845947265625,2928
-0.85693359375,77.41118280455555,-8.6395263671875e-05,2,-0.85601806640625,2929
-0.8544921875,77.43559680449391,-8.612060546875e-05,2,-0.85418701171875,2930
-0.85205078125,77.46001080443227,-8.5906982421875e-05,2,-0.8514404296875,2931
-0.849609375,77.48442480437063,-8.563232421875e-05,2,-0.8489990234375,2932
-0.84716796875,77.508838804309,-8.5418701171875e-05,2,-0.84686279296875,2933
-0.8447265625,77.53325280424735,-8.514404296875e-05,2,-0.8441162109375,2934
-0.84228515625,77.55766680418571,-8.489990234375e-05,2,-0.8416748046875,2935
-0.83984375,77.58208080412408,-8.465576171875e-05,2,-0.83953857421875,2936
-0.83740234375,77.60649480406244,-8.441162109375e-05,2,-0.83648681640625,2937
-0.8349609375,77.6309088040008,-8.419799804687501e-05,2,-0.8343505859375,2938
-0.83251953125,77.65532280393916,-8.392333984375e-05,2,-0.8319091796875,2939
-0.830078125,77.67973680387752,-8.367919921875e-05,2,-0.82977294921875,2940
-0.82763671875,77.70415080381588,-8.3404541015625e-05,2,-0.8270263671875,2941
-0.8251953125,77.72856480375424,-8.319091796875e-05,2,-0.82427978515625,2942
-0.82275390625,77.7529788036926,-8.2916259765625e-05,2,-0.82183837890625,2943
-0.8203125,77.77739280363096,-8.270263671875e-05,2,-0.8197021484375,2944
-0.81787109375,77.80180680356932,-8.2427978515625e-05,2,-0.8172607421875,2945
-0.8154296875,77.82622080350768,-8.221435546875e-05,2,-0.81512451171875,2946
-0.81298828125,77.85063480344604,-8.1939697265625e-05,2,-0.8123779296875,2947
-0.810546875,77.8750488033844,-8.1695556640625e-05,2,-0.81024169921875,2948
-0.80810546875,77.89946280332276,-8.1451416015625e-05,2,-0.8074951171875,2949
-0.8056640625,77.92387680326112,-8.1207275390625e-05,2,-0.80535888671875,2950
-0.80322265625,77.94829080319948,-8.0963134765625e-05,2,-0.8026123046875,2951
-0.80078125,77.97270480313784,-8.0718994140625e-05,2,-0.79986572265625,2952
-0.79833984375,77.9971188030762,-8.0474853515625e-05,2,-0.7977294921875,2953
-0.7958984375,78.02153280301457,-8.0230712890625e-05,2,-0.7958984375,2954
-0.79345703125,78.04594680295293,-7.9986572265625e-05,2,-0.7928466796875,2955
-0.791015625,78.07036080289129,-7.97119140625e-05,2,-0.7904052734375,2956
-0.78857421875,78.09477480282965,-7.9498291015625e-05,2,-0.78857421875,2957
-0.7861328125,78.11918880276801,-7.92236328125e-05,2,-0.78521728515625,2958
-0.78369140625,78.14360280270637,-7.9010009765625e-05,2,-0.78277587890625,2959
-0.78125,78.16801680264473,-7.87353515625e-05,2,-0.78094482421875,2960
-0.77880859375,78.19243080258309,-7.8521728515625e-05,2,-0.7781982421875,2961
-0.7763671875,78.21684480252145,-7.82470703125e-05,2,-0.7757568359375,2962
-0.77392578125,78.24125880245981,-7.8033447265625e-05,2,-0.7733154296875,2963
-0.771484375,78.26567280239817,-7.7789306640625e-05,2,-0.77117919921875,2964
-0.76904296875,78.29008680233653,-7.75146484375e-05,2,-0.76873779296875,2965
-0.7666015625,78.31450080227489,-7.7301025390625e-05,2,-0.76629638671875,2966
-0.76416015625,78.33891480221325,-7.70263671875e-05,2,-0.7635498046875,2967
-0.76171875,78.36332880215161,-7.6812744140625e-05,2,-0.76141357421875,2968
-0.75927734375,78.38774280208997,-7.65380859375e-05,2,-0.7586669921875,2969
-0.7568359375,78.41215680202833,-7.632446289062501e-05,2,-0.7568359375,2970
-0.75439453125,78.4365708019667,-7.60498046875e-05,2,-0.7537841796875,2971
-0.751953125,78.46098480190506,-7.583618164062501e-05,2,-0.751953125,2972
-0.74951171875,78.48539880184342,-7.5531005859375e-05,2,-0.74847412109375,2973
-0.7470703125,78.50981280178178,-7.53173828125e-05,2,-0.746063232421875,2974
-0.74462890625,78.53422680172014,-7.5042724609375e-05,2,-0.743621826171875,2975
-0.7421875,78.5586408016585,-7.48291015625e-05,2,-0.741180419921875,2976
-0.73974609375,78.58305480159686,-7.45849609375e-05,2,-0.73876953125,2977
-0.7373046875,78.60746880153522,-7.43408203125e-05,2,-0.73626708984375,2978
-0.73486328125,78.63188280147358,-7.4066162109375e-05,2,-0.73388671875,2979
-0.732421875,78.65629680141194,-7.3822021484375e-05,2,-0.731475830078125,2980
-0.72998046875,78.6807108013503,-7.36083984375e-05,2,-0.728973388671875,2981
-0.7275390625,78.70512480128866,-7.3333740234375e-05,2,-0.7265625,2982
-0.72509765625,78.72953880122702,-7.3089599609375e-05,2,-0.724090576171875,2983
-0.72265625,78.75395280116538,-7.2845458984375e-05,2,-0.721649169921875,2984
-0.72021484375,78.77836680110374,-7.26318359375e-05,2,-0.71923828125,2985
-0.7177734375,78.8027808010421,-7.232666015625e-05,2,-0.716796875,2986
-0.71533203125,78.82719480098046,-7.2113037109375e-05,2,-0.71435546875,2987
-0.712890625,78.85160880091883,-7.183837890625e-05,2,-0.7119140625,2988
-0.71044921875,78.87602280085719,-7.1624755859375e-05,2,-0.709503173828125,2989
-0.7080078125,78.90043680079555,-7.135009765625e-05,2,-0.707000732421875,2990
-0.70556640625,78.9248508007339,-7.1136474609375e-05,2,-0.704620361328125,2991
-0.703125,78.94926480067227,-7.086181640625e-05,2,-0.70220947265625,2992
-0.70068359375,78.97367880061063,-7.061767578125e-05,2,-0.699737548828125,2993
-0.6982421875,78.99809280054899,-7.0404052734375e-05,2,-0.697296142578125,2994
-0.69580078125,79.02250680048735,-7.012939453125e-05,2,-0.69482421875,2995
-0.693359375,79.04692080042571,-6.9915771484375e-05,2,-0.692474365234375,2996
-0.69091796875,79.07133480036407,-6.964111328125e-05,2,-0.68994140625,2997
-0.6884765625,79.09574880030243,-6.9427490234375e-05,2,-0.687530517578125,2998
-0.68603515625,79.12016280024079,-6.915283203125e-05,2,-0.685089111328125,2999
-0.68359375,79.14457680017915,-6.8939208984375e-05,2,-0.682647705078125,3000
-0.68115234375,79.16899080011751,-6.866455078125e-05,2,-0.68023681640625,3001
-0.6787109375,79.19340480005587,-6.842041015625e-05,2,-0.67779541015625,3002
-0.67626953125,79.21781879999423,-6.8145751953125e-05,2,-0.67535400390625,3003
-0.673828125,79.2422327999326,-6.793212890625e-05,2,-0.67291259765625,3004
-0.67138671875,79.26664679987095,-6.768798828125e-05,2,-0.670501708984375,3005
-0.6689453125,79.29106079980932,-6.744384765625e-05,2,-0.667999267578125,3006
-0.66650390625,79.31547479974768,-6.719970703125e-05,2,-0.665618896484375,3007
-0.6640625,79.33988879968604,-6.6925048828125e-05,2,-0.663177490234375,3008
-0.66162109375,79.3643027996244,-6.671142578125e-05,2,-0.660736083984375,3009
-0.6591796875,79.38871679956276,-6.6436767578125e-05,2,-0.65826416015625,3010
-0.65673828125,79.41313079950112,-6.622314453125e-05,2,-0.65582275390625,3011
-0.654296875,79.43754479943948,-6.5948486328125e-05,2,-0.6534423828125,3012
-0.65185546875,79.46195879937784,-6.5704345703125e-05,2,-0.651031494140625,3013
-0.6494140625,79.4863727993162,-6.54296875e-05,2,-0.648529052734375,3014
-0.64697265625,79.51078679925456,-6.5216064453125e-05,2,-0.646087646484375,3015
-0.64453125,79.53520079919292,-6.494140625e-05,2,-0.64361572265625,3016
-0.64208984375,79.55961479913128,-6.4727783203125e-05,2,-0.641204833984375,3017
-0.6396484375,79.58402879906964,-6.4453125e-05,2,-0.638763427734375,3018
-0.63720703125,79.608442799008,-6.4239501953125e-05,2,-0.6363525390625,3019
-0.634765625,79.63285679894636,-6.396484375e-05,2,-0.633941650390625,3020
-0.63232421875,79.65727079888472,-6.3720703125e-05,2,-0.631500244140625,3021
-0.6298828125,79.68168479882308,-6.34765625e-05,2,-0.629058837890625,3022
-0.62744140625,79.70609879876145,-6.3232421875e-05,2,-0.626556396484375,3023
-0.625,79.7305127986998,-6.3018798828125e-05,2,-0.62408447265625,3024
-0.62255859375,79.75492679863817,-6.2744140625e-05,2,-0.62176513671875,3025
-0.6201171875,79.77934079857653,-6.2530517578125e-05,2,-0.6192626953125,3026
-0.61767578125,79.80375479851489,-6.2255859375e-05,2,-0.616851806640625,3027
-0.615234375,79.82816879845325,-6.2042236328125e-05,2,-0.6143798828125,3028
-0.61279296875,79.85258279839161,-6.1767578125e-05,2,-0.6119384765625,3029
-0.6103515625,79.87699679832997,-6.1553955078125e-05,2,-0.609527587890625,3030
-0.60791015625,79.90141079826833,-6.1279296875e-05,2,-0.6070556640625,3031
-0.60546875,79.92582479820669,-6.103515625e-05,2,-0.6046142578125,3032
-0.60302734375,79.95023879814505,-6.0791015625e-05,2,-0.602203369140625,3033
-0.6005859375,79.97465279808341,-6.0546875e-05,2,-0.599761962890625,3034
-0.59814453125,79.99906679802177,-6.0302734375000006e-05,2,-0.59735107421875,3035
-0.595703125,80.02348079796013,-6.0028076171875e-05,2,-0.594879150390625,3036
-0.59326171875,80.0478947978985,-5.9814453125000006e-05,2,-0.59246826171875,3037
-0.5908203125,80.07230879783685,-5.9539794921875e-05,2,-0.59002685546875,3038
-0.58837890625,80.09672279777521,-5.9326171875000005e-05,2,-0.587646484375,3039
-0.5859375,80.12113679771358,-5.9051513671875e-05,2,-0.585174560546875,3040
-0.58349609375,80.14555079765194,-5.8837890625000005e-05,2,-0.58270263671875,3041
-0.5810546875,80.1699647975903,-5.8532714843750005e-05,2,-0.580291748046875,3042
-0.57861328125,80.19437879752866,-5.8319091796875e-05,2,-0.577850341796875,3043
-0.576171875,80.21879279746702,-5.8044433593750004e-05,2,-0.575347900390625,3044
-0.57373046875,80.24320679740538,-5.7830810546875e-05,2,-0.57293701171875,3045
-0.5712890625,80.26762079734374,-5.7556152343750004e-05,2,-0.570526123046875,3046
-0.56884765625,80.2920347972821,-5.7342529296875e-05,2,-0.568084716796875,3047
-0.56640625,80.31644879722046,-5.706787109375e-05,2,-0.56561279296875,3048
-0.56396484375,80.34086279715882,-5.6854248046875e-05,2,-0.563232421875,3049
-0.5615234375,80.36527679709718,-5.657958984375e-05,2,-0.560760498046875,3050
-0.55908203125,80.38969079703554,-5.633544921875e-05,2,-0.55828857421875,3051
-0.556640625,80.4141047969739,-5.6121826171875006e-05,2,-0.55584716796875,3052
-0.55419921875,80.43851879691226,-5.584716796875e-05,2,-0.553436279296875,3053
-0.5517578125,80.46293279685062,-5.5633544921875005e-05,2,-0.551025390625,3054
-0.54931640625,80.48734679678898,-5.535888671875e-05,2,-0.548553466796875,3055
-0.546875,80.51176079672734,-5.5145263671875005e-05,2,-0.546142578125,3056
-0.54443359375,80.5361747966657,-5.4840087890625005e-05,2,-0.543670654296875,3057
-0.5419921875,80.56058879660407,-5.462646484375e-05,2,-0.541290283203125,3058
-0.53955078125,80.58500279654243,-5.438232421875e-05,2,-0.538787841796875,3059
-0.537109375,80.60941679648079,-5.413818359375e-05,2,-0.536407470703125,3060
-0.53466796875,80.63383079641915,-5.389404296875e-05,2,-0.53387451171875,3061
-0.5322265625,80.65824479635751,-5.364990234375e-05,2,-0.531494140625,3062
-0.52978515625,80.68265879629587,-5.340576171875e-05,2,-0.529083251953125,3063
-0.52734375,80.70707279623423,-5.3131103515625e-05,2,-0.526611328125,3064
-0.52490234375,80.73148679617259,-5.291748046875e-05,2,-0.524169921875,3065
-0.5224609375,80.75590079611095,-5.2642822265625e-05,2,-0.52178955078125,3066
-0.52001953125,80.78031479604931,-5.242919921875e-05,2,-0.519256591796875,3067
-0.517578125,80.80472879598767,-5.2154541015625e-05,2,-0.516876220703125,3068
-0.51513671875,80.82914279592603,-5.1940917968750005e-05,2,-0.514434814453125,3069
-0.5126953125,80.85355679586439,-5.1666259765625e-05,2,-0.512054443359375,3070
-0.51025390625,80.87797079580275,-5.1452636718750005e-05,2,-0.509552001953125,3071
-0.5078125,80.90238479574111,-5.1177978515625e-05,2,-0.5072021484375,3072
-0.50537109375,80.92679879567947,-5.0933837890625e-05,2,-0.504669189453125,3073
-0.5029296875,80.95121279561783,-5.0659179687500004e-05,2,-0.50225830078125,3074
-0.50048828125,80.9756267955562,-5.0445556640625e-05,2,-0.499847412109375,3075
-0.498046875,81.00004079549456,-5.0170898437500004e-05,2,-0.497406005859375,3076
-0.49560546875,81.02445479543292,-4.9957275390625e-05,2,-0.49493408203125,3077
-0.4931640625,81.04886879537128,-4.9740600585937504e-05,2,-0.492523193359375,3078
-0.49072265625,81.07328279530964,-4.9487304687500005e-05,2,-0.490081787109375,3079
-0.48828125,81.097696795248,-4.925537109375e-05,2,-0.48760986328125,3080
-0.48583984375,81.12211079518636,-4.8989868164062505e-05,2,-0.4852294921875,3081
-0.4833984375,81.14652479512472,-4.876708984375e-05,2,-0.482757568359375,3082
-0.48095703125,81.17093879506308,-4.8492431640625e-05,2,-0.480316162109375,3083
-0.478515625,81.19535279500144,-4.827880859375e-05,2,-0.4779052734375,3084
-0.47607421875,81.2197667949398,-4.80010986328125e-05,2,-0.4754638671875,3085
-0.4736328125,81.24418079487816,-4.7784423828125e-05,2,-0.4730224609375,3086
-0.47119140625,81.26859479481652,-4.7509765625000006e-05,2,-0.4705810546875,3087
-0.46875,81.29300879475488,-4.72869873046875e-05,2,-0.46807861328125,3088
-0.46630859375,81.31742279469324,-4.7021484375000005e-05,2,-0.465728759765625,3089
-0.4638671875,81.3418367946316,-4.6789550781250004e-05,2,-0.463226318359375,3090
-0.46142578125,81.36625079456996,-4.6536254882812504e-05,2,-0.4608154296875,3091
-0.458984375,81.39066479450833,-4.6289062500000005e-05,2,-0.458404541015625,3092
-0.45654296875,81.41507879444669,-4.6051025390625004e-05,2,-0.45587158203125,3093
-0.4541015625,81.43949279438505,-4.5788574218750005e-05,2,-0.45343017578125,3094
-0.45166015625,81.4639067943234,-4.5562744140625e-05,2,-0.451080322265625,3095
-0.44921875,81.48832079426177,-4.5294189453125e-05,2,-0.448638916015625,3096
-0.44677734375,81.51273479420013,-4.5074462890625e-05,2,-0.446197509765625,3097
-0.4443359375,81.53714879413849,-4.47967529296875e-05,2,-0.4437255859375,3098
-0.44189453125,81.56156279407685,-4.45831298828125e-05,2,-0.441314697265625,3099
-0.439453125,81.58597679401521,-4.4305419921875e-05,2,-0.438812255859375,3100
-0.43701171875,81.61039079395357,-4.40887451171875e-05,2,-0.436431884765625,3101
-0.4345703125,81.63480479389193,-4.3817138671875e-05,2,-0.433990478515625,3102
-0.43212890625,81.65921879383029,-4.3591308593750003e-05,2,-0.431549072265625,3103
-0.4296875,81.68363279376865,-4.3328857421875005e-05,2,-0.42913818359375,3104
-0.42724609375,81.70804679370701,-4.3090820312500004e-05,2,-0.4266357421875,3105
-0.4248046875,81.73246079364537,-4.2843627929687505e-05,2,-0.424224853515625,3106
-0.42236328125,81.75687479358373,-4.2593383789062505e-05,2,-0.42181396484375,3107
-0.419921875,81.7812887935221,-4.2358398437500004e-05,2,-0.41937255859375,3108
-0.41748046875,81.80570279346045,-4.2095947265625e-05,2,-0.416900634765625,3109
-0.4150390625,81.83011679339882,-4.18701171875e-05,2,-0.41448974609375,3110
-0.41259765625,81.85453079333718,-4.15985107421875e-05,2,-0.41204833984375,3111
-0.41015625,81.87894479327554,-4.13818359375e-05,2,-0.40960693359375,3112
-0.40771484375,81.9033587932139,-4.11041259765625e-05,2,-0.407135009765625,3113
-0.4052734375,81.92777279315226,-4.0887451171875e-05,2,-0.404693603515625,3114
-0.40283203125,81.95218679309062,-4.061279296875e-05,2,-0.40228271484375,3115
-0.400390625,81.97660079302898,-4.039306640625e-05,2,-0.39984130859375,3116
-0.39794921875,82.00101479296734,-4.012451171875e-05,2,-0.39739990234375,3117
-0.3955078125,82.0254287929057,-3.9895629882812504e-05,2,-0.39495849609375,3118
-0.39306640625,82.04984279284406,-3.9639282226562505e-05,2,-0.392547607421875,3119
-0.390625,82.07425679278242,-3.9395141601562505e-05,2,-0.390106201171875,3120
-0.38818359375,82.09867079272078,-3.9151000976562505e-05,2,-0.387664794921875,3121
-0.3857421875,82.12308479265914,-3.88946533203125e-05,2,-0.38525390625,3122
-0.38330078125,82.1474987925975,-3.8665771484375004e-05,2,-0.38275146484375,3123
-0.380859375,82.17191279253586,-3.8397216796875e-05,2,-0.380340576171875,3124
-0.37841796875,82.19632679247422,-3.8177490234375003e-05,2,-0.37786865234375,3125
-0.3759765625,82.22074079241258,-3.790283203125e-05,2,-0.37548828125,3126
-0.37353515625,82.24515479235095,-3.76861572265625e-05,2,-0.373046875,3127
-0.37109375,82.2695687922893,-3.74114990234375e-05,2,-0.370574951171875,3128
-0.36865234375,82.29398279222767,-3.7191772460937504e-05,2,-0.368133544921875,3129
-0.3662109375,82.31839679216603,-3.6920166015625e-05,2,-0.365692138671875,3130
-0.36376953125,82.34281079210439,-3.6697387695312504e-05,2,-0.36328125,3131
-0.361328125,82.36722479204275,-3.6431884765625e-05,2,-0.36083984375,3132
-0.35888671875,82.39163879198111,-3.6196899414062505e-05,2,-0.358367919921875,3133
-0.3564453125,82.41605279191947,-3.59466552734375e-05,2,-0.35589599609375,3134
-0.35400390625,82.44046679185783,-3.5699462890625e-05,2,-0.353485107421875,3135
-0.3515625,82.46488079179619,-3.5461425781250004e-05,2,-0.351104736328125,3136
-0.34912109375,82.48929479173455,-3.5198974609375e-05,2,-0.3486328125,3137
-0.3466796875,82.51370879167291,-3.4973144531250004e-05,2,-0.34619140625,3138
-0.34423828125,82.53812279161127,-3.47015380859375e-05,2,-0.343780517578125,3139
-0.341796875,82.56253679154963,-3.4484863281250004e-05,2,-0.34136962890625,3140
-0.33935546875,82.586950791488,-3.42071533203125e-05,2,-0.3388671875,3141
-0.3369140625,82.61136479142635,-3.3993530273437503e-05,2,-0.33642578125,3142
-0.33447265625,82.63577879136471,-3.37158203125e-05,2,-0.333984375,3143
-0.33203125,82.66019279130307,-3.3499145507812504e-05,2,-0.331573486328125,3144
-0.32958984375,82.68460679124144,-3.32275390625e-05,2,-0.329132080078125,3145
-0.3271484375,82.7090207911798,-3.2998657226562505e-05,2,-0.32672119140625,3146
-0.32470703125,82.73343479111816,-3.27423095703125e-05,2,-0.32427978515625,3147
-0.322265625,82.75784879105652,-3.2504272460937505e-05,2,-0.32177734375,3148
-0.31982421875,82.78226279099488,-3.22540283203125e-05,2,-0.319366455078125,3149
-0.3173828125,82.80667679093324,-3.20037841796875e-05,2,-0.316986083984375,3150
-0.31494140625,82.8310907908716,-3.1768798828125004e-05,2,-0.31451416015625,3151
-0.3125,82.85550479080996,-3.15032958984375e-05,2,-0.312042236328125,3152
-0.31005859375,82.87991879074832,-3.1277465820312504e-05,2,-0.309600830078125,3153
-0.3076171875,82.90433279068668,-3.1005859375e-05,2,-0.30718994140625,3154
-0.30517578125,82.92874679062504,-3.0789184570312504e-05,2,-0.3046875,3155
-0.302734375,82.9531607905634,-3.0511474609375e-05,2,-0.302276611328125,3156
-0.30029296875,82.97757479050176,-3.02947998046875e-05,2,-0.2998046875,3157
-0.2978515625,83.00198879044012,-3.00201416015625e-05,2,-0.297393798828125,3158
-0.29541015625,83.02640279037848,-2.979736328125e-05,2,-0.29498291015625,3159
-0.29296875,83.05081679031684,-2.9534912109375e-05,2,-0.29254150390625,3160
-0.29052734375,83.0752307902552,-2.9302978515625e-05,2,-0.29010009765625,3161
-0.2880859375,83.09964479019357,-2.9046630859375003e-05,2,-0.287628173828125,3162
-0.28564453125,83.12405879013193,-2.8802490234375003e-05,2,-0.28521728515625,3163
-0.283203125,83.14847279007029,-2.8561401367187502e-05,2,-0.28277587890625,3164
-0.28076171875,83.17288679000865,-2.8302001953125e-05,2,-0.280364990234375,3165
-0.2783203125,83.19730078994701,-2.8076171875e-05,2,-0.27789306640625,3166
-0.27587890625,83.22171478988537,-2.78045654296875e-05,2,-0.27545166015625,3167
-0.2734375,83.24612878982373,-2.75848388671875e-05,2,-0.27301025390625,3168
-0.27099609375,83.27054278976209,-2.73101806640625e-05,2,-0.270599365234375,3169
-0.2685546875,83.29495678970045,-2.7093505859375e-05,2,-0.26812744140625,3170
-0.26611328125,83.31937078963881,-2.681884765625e-05,2,-0.265655517578125,3171
-0.263671875,83.34378478957717,-2.659912109375e-05,2,-0.2633056640625,3172
-0.26123046875,83.36819878951553,-2.63275146484375e-05,2,-0.260833740234375,3173
-0.2587890625,83.39261278945389,-2.6104736328125e-05,2,-0.25836181640625,3174
-0.25634765625,83.41702678939225,-2.584228515625e-05,2,-0.25592041015625,3175
-0.25390625,83.44144078933061,-2.5607299804687502e-05,2,-0.25360107421875,3176
-0.25146484375,83.46585478926897,-2.5354003906250003e-05,2,-0.2510986328125,3177
-0.2490234375,83.49026878920733,-2.51068115234375e-05,2,-0.2486572265625,3178
-0.24658203125,83.5146827891457,-2.4868774414062502e-05,2,-0.2462158203125,3179
-0.244140625,83.53909678908406,-2.46063232421875e-05,2,-0.24371337890625,3180
-0.24169921875,83.56351078902242,-2.43804931640625e-05,2,-0.24127197265625,3181
-0.2392578125,83.58792478896078,-2.41119384765625e-05,2,-0.238861083984375,3182
-0.23681640625,83.61233878889914,-2.38922119140625e-05,2,-0.2364501953125,3183
-0.234375,83.6367527888375,-2.3614501953125e-05,2,-0.2340087890625,3184
-0.23193359375,83.66116678877586,-2.340087890625e-05,2,-0.2315673828125,3185
-0.2294921875,83.68558078871422,-2.31231689453125e-05,2,-0.229095458984375,3186
-0.22705078125,83.70999478865258,-2.2903442382812502e-05,2,-0.2266845703125,3187
-0.224609375,83.73440878859094,-2.26348876953125e-05,2,-0.22418212890625,3188
-0.22216796875,83.7588227885293,-2.2406005859375002e-05,2,-0.2218017578125,3189
-0.2197265625,83.78323678846766,-2.2149658203125e-05,2,-0.219329833984375,3190
-0.21728515625,83.80765078840602,-2.19085693359375e-05,2,-0.21697998046875,3191
-0.21484375,83.83206478834438,-2.1661376953125e-05,2,-0.2144775390625,3192
-0.21240234375,83.85647878828274,-2.14080810546875e-05,2,-0.212005615234375,3193
-0.2099609375,83.8808927882211,-2.1176147460937502e-05,2,-0.20965576171875,3194
-0.20751953125,83.90530678815946,-2.091064453125e-05,2,-0.207122802734375,3195
-0.205078125,83.92972078809782,-2.0687866210937502e-05,2,-0.204742431640625,3196
-0.20263671875,83.95413478803619,-2.04132080078125e-05,2,-0.2022705078125,3197
-0.2001953125,83.97854878797455,-2.01995849609375e-05,2,-0.1998291015625,3198
-0.19775390625,84.0029627879129,-1.9921875e-05,2,-0.1973876953125,3199
-0.1953125,84.02737678785127,-1.97052001953125e-05,2,-0.19500732421875,3200
-0.19287109375,84.05179078778963,-1.94305419921875e-05,2,-0.192535400390625,3201
-0.1904296875,84.07620478772799,-1.9207763671875002e-05,2,-0.1900634765625,3202
-0.18798828125,84.10061878766635,-1.89422607421875e-05,2,-0.187713623046875,3203
-0.185546875,84.12503278760471,-1.87103271484375e-05,2,-0.18524169921875,3204
-0.18310546875,84.14944678754307,-1.845703125e-05,2,-0.18280029296875,3205
-0.1806640625,84.17386078748143,-1.8212890625e-05,2,-0.180328369140625,3206
-0.17822265625,84.19827478741979,-1.79718017578125e-05,2,-0.17791748046875,3207
-0.17578125,84.22268878735815,-1.771240234375e-05,2,-0.175506591796875,3208
-0.17333984375,84.24710278729651,-1.7483520507812502e-05,2,-0.17303466796875,3209
-0.1708984375,84.27151678723487,-1.72149658203125e-05,2,-0.1705322265625,3210
-0.16845703125,84.29593078717323,-1.6995239257812502e-05,2,-0.16815185546875,3211
-0.166015625,84.3203447871116,-1.67205810546875e-05,2,-0.165740966796875,3212
-0.16357421875,84.34475878704995,-1.6503906250000002e-05,2,-0.163238525390625,3213
-0.1611328125,84.36917278698832,-1.6229248046875e-05,2,-0.160858154296875,3214
-0.15869140625,84.39358678692668,-1.6009521484375002e-05,2,-0.158447265625,3215
-0.15625,84.41800078686504,-1.5740966796875e-05,2,-0.15594482421875,3216
-0.15380859375,84.4424147868034,-1.5515136718750002e-05,2,-0.15350341796875,3217
-0.1513671875,84.46682878674176,-1.5252685546875e-05,2,-0.151092529296875,3218
-0.14892578125,84.49124278668012,-1.5014648437500001e-05,2,-0.148712158203125,3219
-0.146484375,84.51565678661848,-1.47674560546875e-05,2,-0.146209716796875,3220
-0.14404296875,84.54007078655684,-1.45172119140625e-05,2,-0.143768310546875,3221
-0.1416015625,84.5644847864952,-1.4279174804687501e-05,2,-0.141326904296875,3222
-0.13916015625,84.58889878643356,-1.4016723632812501e-05,2,-0.13885498046875,3223
-0.13671875,84.61331278637192,-1.37939453125e-05,2,-0.136474609375,3224
-0.13427734375,84.63772678631028,-1.35223388671875e-05,2,-0.13397216796875,3225
-0.1318359375,84.66214078624864,-1.33026123046875e-05,2,-0.131561279296875,3226
-0.12939453125,84.686554786187,-1.302490234375e-05,2,-0.129119873046875,3227
-0.126953125,84.71096878612536,-1.2811279296875e-05,2,-0.126708984375,3228
-0.12451171875,84.73538278606372,-1.253662109375e-05,2,-0.124267578125,3229
-0.1220703125,84.75979678600208,-1.231689453125e-05,2,-0.121795654296875,3230
-0.11962890625,84.78421078594045,-1.20452880859375e-05,2,-0.119384765625,3231
-0.1171875,84.8086247858788,-1.1819458007812501e-05,2,-0.116943359375,3232
-0.11474609375,84.83303878581717,-1.156005859375e-05,2,-0.114501953125,3233
-0.1123046875,84.85745278575553,-1.13189697265625e-05,2,-0.11212158203125,3234
-0.10986328125,84.88186678569389,-1.107177734375e-05,2,-0.109588623046875,3235
-0.107421875,84.90628078563225,-1.0821533203125e-05,2,-0.107177734375,3236
-0.10498046875,84.93069478557061,-1.0586547851562501e-05,2,-0.104766845703125,3237
-0.1025390625,84.95510878550897,-1.0321044921875e-05,2,-0.102386474609375,3238
-0.10009765625,84.97952278544733,-1.00982666015625e-05,2,-0.099853515625,3239
-0.09765625,85.00393678538569,-9.82666015625e-06,2,-0.09747314453125,3240
-0.09521484375,85.02835078532405,-9.6099853515625e-06,2,-0.09503173828125,3241
-0.0927734375,85.05276478526241,-9.332275390625e-06,2,-0.09259033203125,3242
-0.09033203125,85.07717878520077,-9.1156005859375e-06,2,-0.090118408203125,3243
-0.087890625,85.10159278513913,-8.843994140625e-06,2,-0.087677001953125,3244
-0.08544921875,85.1260067850775,-8.621215820312501e-06,2,-0.08514404296875,3245
-0.0830078125,85.15042078501585,-8.355712890625001e-06,2,-0.082763671875,3246
-0.08056640625,85.17483478495421,-8.123779296875001e-06,2,-0.080230712890625,3247
-0.078125,85.19924878489257,-7.8704833984375e-06,2,-0.07781982421875,3248
-0.07568359375,85.22366278483094,-7.6263427734375e-06,2,-0.075408935546875,3249
-0.0732421875,85.2480767847693,-7.382202148437501e-06,2,-0.073028564453125,3250
-0.07080078125,85.27249078470766,-7.122802734375001e-06,2,-0.07061767578125,3251
-0.068359375,85.29690478464602,-6.89697265625e-06,2,-0.068084716796875,3252
-0.06591796875,85.32131878458438,-6.62841796875e-06,2,-0.065704345703125,3253
-0.0634765625,85.34573278452274,-6.405639648437501e-06,2,-0.063262939453125,3254
-0.06103515625,85.3701467844611,-6.134033203125e-06,2,-0.06085205078125,3255
-0.05859375,85.39456078439946,-5.9173583984375005e-06,2,-0.058349609375,3256
-0.05615234375,85.41897478433782,-5.639648437500001e-06,2,-0.05596923828125,3257
-0.0537109375,85.44338878427618,-5.422973632812501e-06,2,-0.053497314453125,3258
-0.05126953125,85.46780278421454,-5.1513671875e-06,2,-0.051116943359375,3259
-0.048828125,85.4922167841529,-4.930419921875e-06,2,-0.048614501953125,3260
-0.04638671875,85.51663078409126,-4.668273925781251e-06,2,-0.046173095703125,3261
-0.0439453125,85.54104478402962,-4.4317626953125005e-06,2,-0.043753051757812494,3262
-0.04150390625,85.56545878396798,-4.18182373046875e-06,2,-0.041296386718749994,3263
-0.0390625,85.58987278390634,-3.93341064453125e-06,2,-0.038870239257812494,3264
-0.03662109375,85.6142867838447,-3.6972045898437502e-06,2,-0.03641967773437499,3265
-0.0341796875,85.63870078378307,-3.4338378906250003e-06,2,-0.0339813232421875,3266
-0.03173828125,85.66311478372143,-3.2089233398437502e-06,2,-0.03155822753906251,3267
-0.029296875,85.68752878365979,-2.938232421875e-06,2,-0.029104614257812494,3268
-0.02685546875,85.71194278359815,-2.7194213867187503e-06,2,-0.02666015625000001,3269
-0.0244140625,85.73635678353651,-2.4429321289062503e-06,2,-0.0242156982421875,3270
-0.02197265625,85.76077078347487,-2.22808837890625e-06,2,-0.021792602539062497,3271
-0.01953125,85.78518478341323,-1.953125e-06,2,-0.019369506835937494,3272
-0.01708984375,85.80959878335159,-1.7327880859375001e-06,2,-0.016909790039062497,3273
-0.0146484375,85.83401278328995,-1.463623046875e-06,2,-0.0144805908203125,3274
-0.01220703125,85.85842678322831,-1.2350463867187502e-06,2,-0.012042236328124997,3275
-0.009765625,85.88284078316667,-9.777832031250002e-07,2,-0.009588623046874994,3276
-0.00732421875,85.90725478310503,-7.3699951171875e-07,2,-0.007159423828124997,3277
-0.0048828125,85.93166878304339,-4.913330078125e-07,2,-0.004718017578124997,3278
-0.00244140625,85.95608278298175,-2.3788452148437502e-07,2,-0.0022857666015625028,3279
0.0,85.98049678292011,-7.110595703125056e-09,2,0.00016479492187500278,3280
