SetpointApplied,CalcTime,EI_0.CalcCurrent,ScanNumber,EI_0.CalcPotential,Index
0.00244140625,6.011957984821265,2.601318359375e-07,1,0.0025299072265625028,1
0.0048828125,6.036371984759626,4.82147216796875e-07,1,0.004974365234375,2
0.00732421875,6.060785984697986,7.5592041015625e-07,1,0.0074829101562499944,3
0.009765625,6.085199984636347,9.716796875e-07,1,0.009896850585937506,4
0.01220703125,6.1096139845747075,1.2512207031249998e-06,1,0.012338256835937506,5
0.0146484375,6.134027984513068,1.4642333984374998e-06,1,0.014776611328124994,6
0.01708984375,6.158441984451429,1.7416381835937499e-06,1,0.017221069335937506,7
0.01953125,6.182855984389789,1.95953369140625e-06,1,0.019644165039062494,8
0.02197265625,6.20726998432815,2.22991943359375e-06,1,0.022097778320312497,9
0.0244140625,6.23168398426651,2.45819091796875e-06,1,0.024530029296875006,10
0.02685546875,6.256097984204871,2.71575927734375e-06,1,0.026965332031249997,11
0.029296875,6.2805119841432315,2.9571533203125e-06,1,0.029397583007812506,12
0.03173828125,6.304925984081592,3.2012939453125e-06,1,0.031829833984375,13
0.0341796875,6.329339984019953,3.4585571289062504e-06,1,0.0342987060546875,14
0.03662109375,6.353753983958313,3.68743896484375e-06,1,0.036752319335937506,15
0.0390625,6.378167983896674,3.9556884765625e-06,1,0.0391845703125,16
0.04150390625,6.402581983835034,4.17572021484375e-06,1,0.041632080078125,17
0.0439453125,6.426995983773395,4.451904296875e-06,1,0.044055175781250004,18
0.04638671875,6.451409983711756,4.6655273437500005e-06,1,0.046517944335937506,19
0.048828125,6.475823983650116,4.944458007812501e-06,1,0.048953247070312504,20
0.05126953125,6.500237983588477,5.1605224609375e-06,1,0.05120849609375,21
0.0537109375,6.524651983526837,5.4351806640625e-06,1,0.053558349609375,22
0.05615234375,6.549065983465198,5.657958984375e-06,1,0.055999755859375,23
0.05859375,6.573479983403558,5.92041015625e-06,1,0.0584716796875,24
0.06103515625,6.597893983341919,6.158447265625e-06,1,0.0609130859375,25
0.0634765625,6.62230798328028,6.405639648437501e-06,1,0.063262939453125,26
0.06591796875,6.64672198321864,6.6558837890625005e-06,1,0.065765380859375,27
0.068359375,6.671135983157001,6.890869140625001e-06,1,0.068206787109375,28
0.07080078125,6.695549983095361,7.153320312500001e-06,1,0.070648193359375,29
0.0732421875,6.719963983033722,7.3791503906250005e-06,1,0.073028564453125,30
0.07568359375,6.7443779829720825,7.650756835937501e-06,1,0.075531005859375,31
0.078125,6.768791982910443,7.867431640625001e-06,1,0.07794189453125,32
0.08056640625,6.793205982848804,8.148193359375e-06,1,0.080352783203125,33
0.0830078125,6.817619982787164,8.36181640625e-06,1,0.082763671875,34
0.08544921875,6.842033982725525,8.636474609375001e-06,1,0.08526611328125,35
0.087890625,6.866447982663885,8.856201171875e-06,1,0.087677001953125,36
0.09033203125,6.890861982602246,9.127807617187501e-06,1,0.09014892578125,37
0.0927734375,6.9152759825406065,9.353637695312502e-06,1,0.092559814453125,38
0.09521484375,6.939689982478967,9.613037109375e-06,1,0.095062255859375,39
0.09765625,6.964103982417328,9.8541259765625e-06,1,0.097412109375,40
0.10009765625,6.988517982355688,1.00982666015625e-05,1,0.099884033203125,41
0.1025390625,7.012931982294049,1.0354614257812501e-05,1,0.102325439453125,42
0.10498046875,7.037345982232409,1.0583496093750002e-05,1,0.104736328125,43
0.107421875,7.06175998217077,1.085205078125e-05,1,0.10711669921875,44
0.10986328125,7.0861739821091305,1.107177734375e-05,1,0.109619140625,45
0.1123046875,7.110587982047491,1.1346435546875e-05,1,0.112030029296875,46
0.11474609375,7.135001981985852,1.156005859375e-05,1,0.114471435546875,47
0.1171875,7.159415981924212,1.18408203125e-05,1,0.116912841796875,48
0.11962890625,7.183829981862573,1.2054443359375e-05,1,0.11932373046875,49
0.1220703125,7.208243981800933,1.23291015625e-05,1,0.12176513671875,50
0.12451171875,7.232657981739294,1.2551879882812502e-05,1,0.12420654296875,51
0.126953125,7.2570719816776545,1.2817382812500001e-05,1,0.126678466796875,52
0.12939453125,7.281485981616015,1.30523681640625e-05,1,0.129058837890625,53
0.1318359375,7.305899981554376,1.33026123046875e-05,1,0.131439208984375,54
0.13427734375,7.330313981492736,1.3549804687500002e-05,1,0.133941650390625,55
0.13671875,7.354727981431097,1.3787841796875001e-05,1,0.136383056640625,56
0.13916015625,7.379141981369457,1.4050292968750001e-05,1,0.138824462890625,57
0.1416015625,7.403555981307818,1.4273071289062502e-05,1,0.141265869140625,58
0.14404296875,7.427969981246179,1.45477294921875e-05,1,0.143707275390625,59
0.146484375,7.452383981184539,1.4764404296875002e-05,1,0.1461181640625,60
0.14892578125,7.4767979811229,1.5042114257812502e-05,1,0.1485595703125,61
0.1513671875,7.50121198106126,1.5255737304687502e-05,1,0.150970458984375,62
0.15380859375,7.525625980999621,1.5533447265625e-05,1,0.153411865234375,63
0.15625,7.5500399809379815,1.57470703125e-05,1,0.155914306640625,64
0.15869140625,7.574453980876342,1.6021728515625e-05,1,0.158294677734375,65
0.1611328125,7.598867980814703,1.6247558593750003e-05,1,0.160736083984375,66
0.16357421875,7.623281980753063,1.65069580078125e-05,1,0.163177490234375,67
0.166015625,7.647695980691424,1.6748046875000002e-05,1,0.165557861328125,68
0.16845703125,7.672109980629784,1.6992187500000002e-05,1,0.167999267578125,69
0.1708984375,7.696523980568145,1.72454833984375e-05,1,0.17047119140625,70
0.17333984375,7.7209379805065055,1.7477416992187503e-05,1,0.17291259765625,71
0.17578125,7.745351980444866,1.77459716796875e-05,1,0.17529296875,72
0.17822265625,7.769765980383227,1.79656982421875e-05,1,0.177764892578125,73
0.1806640625,7.794179980321587,1.82403564453125e-05,1,0.180206298828125,74
0.18310546875,7.818593980259948,1.845703125e-05,1,0.182708740234375,75
0.185546875,7.843007980198308,1.87347412109375e-05,1,0.18511962890625,76
0.18798828125,7.867421980136669,1.89483642578125e-05,1,0.187469482421875,77
0.1904296875,7.8918359800750295,1.92230224609375e-05,1,0.18994140625,78
0.19287109375,7.91624998001339,1.9445800781250003e-05,1,0.192352294921875,79
0.1953125,7.940663979951751,1.97113037109375e-05,1,0.19476318359375,80
0.19775390625,7.965077979890111,1.9943237304687502e-05,1,0.197174072265625,81
0.2001953125,7.989491979828472,2.01995849609375e-05,1,0.19970703125,82
0.20263671875,8.013905979766832,2.04437255859375e-05,1,0.202117919921875,83
0.205078125,8.038319979705193,2.0681762695312502e-05,1,0.20452880859375,84
0.20751953125,8.062733979643554,2.09442138671875e-05,1,0.206939697265625,85
0.2099609375,8.087147979581914,2.1170043945312503e-05,1,0.209381103515625,86
0.21240234375,8.111561979520275,2.1441650390625e-05,1,0.211761474609375,87
0.21484375,8.135975979458635,2.1658325195312503e-05,1,0.214263916015625,88
0.21728515625,8.160389979396996,2.1936035156250003e-05,1,0.216644287109375,89
0.2197265625,8.184803979335356,2.2149658203125003e-05,1,0.2191162109375,90
0.22216796875,8.209217979273717,2.2427368164062503e-05,1,0.2215576171875,91
0.224609375,8.233631979212078,2.2644042968750003e-05,1,0.223968505859375,92
0.22705078125,8.258045979150438,2.29156494140625e-05,1,0.22637939453125,93
0.2294921875,8.282459979088799,2.3141479492187503e-05,1,0.228851318359375,94
0.23193359375,8.30687397902716,2.340087890625e-05,1,0.23126220703125,95
0.234375,8.33128797896552,2.3638916015625002e-05,1,0.23370361328125,96
0.23681640625,8.35570197890388,2.388916015625e-05,1,0.236175537109375,97
0.2392578125,8.380115978842241,2.41424560546875e-05,1,0.23858642578125,98
0.24169921875,8.404529978780602,2.4374389648437502e-05,1,0.240997314453125,99
0.244140625,8.428943978718962,2.4639892578125004e-05,1,0.24346923828125,100
0.24658203125,8.453357978657323,2.4862670898437503e-05,1,0.245849609375,101
0.2490234375,8.477771978595683,2.5137329101562503e-05,1,0.248321533203125,102
0.25146484375,8.502185978534044,2.5350952148437503e-05,1,0.250762939453125,103
0.25390625,8.526599978472404,2.5631713867187503e-05,1,0.253173828125,104
0.25634765625,8.551013978410765,2.5845336914062503e-05,1,0.255584716796875,105
0.2587890625,8.575427978349126,2.6119995117187503e-05,1,0.258056640625,106
0.26123046875,8.599841978287486,2.6342773437500002e-05,1,0.26043701171875,107
0.263671875,8.624255978225847,2.6608276367187504e-05,1,0.262847900390625,108
0.26611328125,8.648669978164207,2.6837158203125002e-05,1,0.265380859375,109
0.2685546875,8.673083978102568,2.7093505859375e-05,1,0.2677001953125,110
0.27099609375,8.697497978040929,2.7337646484375e-05,1,0.270172119140625,111
0.2734375,8.721911977979289,2.7578735351562502e-05,1,0.2725830078125,112
0.27587890625,8.74632597791765,2.7838134765625004e-05,1,0.275054931640625,113
0.2783203125,8.77073997785601,2.8063964843750003e-05,1,0.27752685546875,114
0.28076171875,8.79515397779437,2.8335571289062503e-05,1,0.279876708984375,115
0.283203125,8.819567977732731,2.8555297851562503e-05,1,0.282379150390625,116
0.28564453125,8.843981977671092,2.8833007812500003e-05,1,0.2847900390625,117
0.2880859375,8.868395977609453,2.9043579101562503e-05,1,0.2872314453125,118
0.29052734375,8.892809977547813,2.9324340820312503e-05,1,0.28961181640625,119
0.29296875,8.917223977486174,2.9537963867187503e-05,1,0.292022705078125,120
0.29541015625,8.941637977424534,2.9812622070312503e-05,1,0.2945556640625,121
0.2978515625,8.966051977362895,3.0035400390625002e-05,1,0.296966552734375,122
0.30029296875,8.990465977301255,3.0310058593750003e-05,1,0.2999267578125,123
0.302734375,9.014879977239616,3.0545043945312504e-05,1,0.302398681640625,124
0.30517578125,9.039293977177977,3.0792236328125004e-05,1,0.30487060546875,125
0.3076171875,9.063707977116337,3.10455322265625e-05,1,0.307281494140625,126
0.31005859375,9.088121977054698,3.1277465820312504e-05,1,0.3096923828125,127
0.3125,9.112535976993058,3.1549072265625e-05,1,0.312164306640625,128
0.31494140625,9.136949976931419,3.1771850585937504e-05,1,0.314605712890625,129
0.3173828125,9.16136397686978,3.204345703125e-05,1,0.317108154296875,130
0.31982421875,9.18577797680814,3.2260131835937505e-05,1,0.319549560546875,131
0.322265625,9.2101919767465,3.2537841796875e-05,1,0.321929931640625,132
0.32470703125,9.234605976684861,3.2754516601562504e-05,1,0.324371337890625,133
0.3271484375,9.259019976623222,3.30291748046875e-05,1,0.326812744140625,134
0.32958984375,9.283433976561582,3.3248901367187504e-05,1,0.329254150390625,135
0.33203125,9.307847976499943,3.35174560546875e-05,1,0.3316650390625,136
0.33447265625,9.332261976438303,3.3746337890625004e-05,1,0.33416748046875,137
0.3369140625,9.356675976376664,3.4002685546875e-05,1,0.336578369140625,138
0.33935546875,9.381089976315025,3.4246826171875e-05,1,0.33905029296875,139
0.341796875,9.405503976253385,3.44879150390625e-05,1,0.341461181640625,140
0.34423828125,9.429917976191746,3.4747314453125e-05,1,0.34393310546875,141
0.3466796875,9.454331976130106,3.4973144531250004e-05,1,0.346343994140625,142
0.34912109375,9.478745976068467,3.52447509765625e-05,1,0.3487548828125,143
0.3515625,9.503159976006827,3.5461425781250004e-05,1,0.3511962890625,144
0.35400390625,9.527573975945188,3.57391357421875e-05,1,0.3536376953125,145
0.3564453125,9.551987975883549,3.5952758789062504e-05,1,0.356109619140625,146
0.35888671875,9.57640197582191,3.62335205078125e-05,1,0.3585205078125,147
0.361328125,9.60081597576027,3.6447143554687504e-05,1,0.36102294921875,148
0.36376953125,9.62522997569863,3.67218017578125e-05,1,0.363433837890625,149
0.3662109375,9.649643975636991,3.6944580078125004e-05,1,0.365936279296875,150
0.36865234375,9.674057975575352,3.72100830078125e-05,1,0.3682861328125,151
0.37109375,9.698471975513712,3.7445068359375e-05,1,0.3707275390625,152
0.37353515625,9.722885975452073,3.76922607421875e-05,1,0.3731689453125,153
0.3759765625,9.747299975390433,3.7945556640625e-05,1,0.375579833984375,154
0.37841796875,9.771713975328794,3.81805419921875e-05,1,0.3780517578125,155
0.380859375,9.796127975267154,3.84429931640625e-05,1,0.3804931640625,156
0.38330078125,9.820541975205515,3.8665771484375004e-05,1,0.382904052734375,157
0.3857421875,9.844955975143876,3.89404296875e-05,1,0.385345458984375,158
0.38818359375,9.869369975082236,3.9154052734375004e-05,1,0.387725830078125,159
0.390625,9.893783975020597,3.9434814453125e-05,1,0.39019775390625,160
0.39306640625,9.918197974958957,3.9648437500000004e-05,1,0.392669677734375,161
0.3955078125,9.942611974897318,3.99261474609375e-05,1,0.395111083984375,162
0.39794921875,9.967025974835678,4.0145874023437503e-05,1,0.397552490234375,163
0.400390625,9.991439974774039,4.04144287109375e-05,1,0.39996337890625,164
0.40283203125,10.0158539747124,4.0643310546875e-05,1,0.40240478515625,165
0.4052734375,10.04026797465076,4.0899658203125e-05,1,0.40484619140625,166
0.40771484375,10.06468197458912,4.1143798828125e-05,1,0.407257080078125,167
0.41015625,10.089095974527481,4.13848876953125e-05,1,0.40972900390625,168
0.41259765625,10.113509974465842,4.1644287109375e-05,1,0.412200927734375,169
0.4150390625,10.137923974404202,4.18701171875e-05,1,0.41461181640625,170
0.41748046875,10.162337974342563,4.21417236328125e-05,1,0.4169921875,171
0.419921875,10.186751974280924,4.2358398437500004e-05,1,0.41949462890625,172
0.42236328125,10.211165974219284,4.26361083984375e-05,1,0.421905517578125,173
0.4248046875,10.235579974157645,4.2849731445312504e-05,1,0.424346923828125,174
0.42724609375,10.259993974096005,4.312744140625e-05,1,0.426788330078125,175
0.4296875,10.284407974034366,4.3344116210937504e-05,1,0.429229736328125,176
0.43212890625,10.308821973972726,4.36187744140625e-05,1,0.431640625,177
0.4345703125,10.333235973911087,4.3841552734375e-05,1,0.434112548828125,178
0.43701171875,10.357649973849448,4.410400390625e-05,1,0.4365234375,179
0.439453125,10.382063973787808,4.4342041015625e-05,1,0.438995361328125,180
0.44189453125,10.406477973726169,4.45892333984375e-05,1,0.441436767578125,181
0.4443359375,10.43089197366453,4.48394775390625e-05,1,0.44384765625,182
0.44677734375,10.45530597360289,4.5074462890625e-05,1,0.4462890625,183
0.44921875,10.47971997354125,4.53369140625e-05,1,0.448760986328125,184
0.45166015625,10.504133973479611,4.5562744140625e-05,1,0.451171875,185
0.4541015625,10.528547973417972,4.58343505859375e-05,1,0.453643798828125,186
0.45654296875,10.552961973356332,4.6051025390625004e-05,1,0.456085205078125,187
0.458984375,10.577375973294693,4.63287353515625e-05,1,0.458465576171875,188
0.46142578125,10.601789973233053,4.6542358398437504e-05,1,0.4609375,189
0.4638671875,10.626203973171414,4.6820068359375e-05,1,0.46337890625,190
0.46630859375,10.650617973109775,4.7039794921875e-05,1,0.4658203125,191
0.46875,10.675031973048135,4.7308349609375e-05,1,0.46826171875,192
0.47119140625,10.699445972986496,4.75372314453125e-05,1,0.470703125,193
0.4736328125,10.723859972924856,4.77935791015625e-05,1,0.47308349609375,194
0.47607421875,10.748273972863217,4.80377197265625e-05,1,0.475555419921875,195
0.478515625,10.772687972801577,4.82818603515625e-05,1,0.47808837890625,196
0.48095703125,10.797101972739938,4.85382080078125e-05,1,0.48040771484375,197
0.4833984375,10.821515972678299,4.876708984375e-05,1,0.48291015625,198
0.48583984375,10.84592997261666,4.903564453125e-05,1,0.485321044921875,199
0.48828125,10.87034397255502,4.925537109375e-05,1,0.487701416015625,200
0.49072265625,10.89475797249338,4.9530029296875e-05,1,0.49017333984375,201
0.4931640625,10.91917197243174,4.9743652343750004e-05,1,0.49261474609375,202
0.49560546875,10.943585972370101,5.0018310546875e-05,1,0.495147705078125,203
0.498046875,10.967999972308462,5.0231933593750004e-05,1,0.497528076171875,204
0.50048828125,10.992413972246823,5.0506591796875e-05,1,0.5,205
0.5029296875,11.016827972185183,5.0750732421875e-05,1,0.502349853515625,206
0.50537109375,11.041241972123544,5.0994873046875e-05,1,0.50482177734375,207
0.5078125,11.065655972061904,5.1239013671875e-05,1,0.5072021484375,208
0.51025390625,11.090069972000265,5.1483154296875e-05,1,0.50970458984375,209
0.5126953125,11.114483971938625,5.1757812500000005e-05,1,0.5120849609375,210
0.51513671875,11.138897971876986,5.1971435546875e-05,1,0.51458740234375,211
0.517578125,11.163311971815347,5.2246093750000006e-05,1,0.516998291015625,212
0.52001953125,11.187725971753707,5.2459716796875e-05,1,0.519439697265625,213
0.5224609375,11.212139971692068,5.2734375e-05,1,0.5218505859375,214
0.52490234375,11.236553971630428,5.2947998046875e-05,1,0.5242919921875,215
0.52734375,11.260967971568789,5.322265625e-05,1,0.526702880859375,216
0.52978515625,11.28538197150715,5.3436279296875003e-05,1,0.52923583984375,217
0.5322265625,11.30979597144551,5.3741455078125004e-05,1,0.5316162109375,218
0.53466796875,11.33420997138387,5.3955078125e-05,1,0.534088134765625,219
0.537109375,11.358623971322231,5.4229736328125004e-05,1,0.536529541015625,220
0.53955078125,11.383037971260592,5.4443359375e-05,1,0.5389404296875,221
0.5419921875,11.407451971198952,5.46875e-05,1,0.541351318359375,222
0.54443359375,11.431865971137313,5.4931640625e-05,1,0.543792724609375,223
0.546875,11.456279971075674,5.517578125e-05,1,0.546295166015625,224
0.54931640625,11.480693971014034,5.5450439453125005e-05,1,0.548614501953125,225
0.5517578125,11.505107970952395,5.56640625e-05,1,0.551116943359375,226
0.55419921875,11.529521970890755,5.5938720703125006e-05,1,0.5535888671875,227
0.556640625,11.553935970829116,5.615234375e-05,1,0.555999755859375,228
0.55908203125,11.578349970767476,5.6427001953125006e-05,1,0.558441162109375,229
0.5615234375,11.602763970705837,5.6640625e-05,1,0.5609130859375,230
0.56396484375,11.627177970644198,5.6915283203125e-05,1,0.563385009765625,231
0.56640625,11.651591970582558,5.7159423828125e-05,1,0.565765380859375,232
0.56884765625,11.676005970520919,5.7403564453125e-05,1,0.568206787109375,233
0.5712890625,11.70041997045928,5.7647705078125e-05,1,0.570648193359375,234
0.57373046875,11.72483397039764,5.7891845703125e-05,1,0.57305908203125,235
0.576171875,11.749247970336,5.8135986328125e-05,1,0.57550048828125,236
0.57861328125,11.773661970274361,5.8380126953125e-05,1,0.57794189453125,237
0.5810546875,11.798075970212722,5.8654785156250005e-05,1,0.580352783203125,238
0.58349609375,11.822489970151082,5.8868408203125e-05,1,0.58282470703125,239
0.5859375,11.846903970089443,5.9143066406250005e-05,1,0.5853271484375,240
0.58837890625,11.871317970027803,5.9356689453125e-05,1,0.587677001953125,241
0.5908203125,11.895731969966164,5.9631347656250006e-05,1,0.590179443359375,242
0.59326171875,11.920145969904524,5.9844970703125e-05,1,0.592559814453125,243
0.595703125,11.944559969842885,6.0119628906250006e-05,1,0.5950927734375,244
0.59814453125,11.968973969781246,6.0333251953125e-05,1,0.597503662109375,245
0.6005859375,11.993387969719606,6.0638427734375e-05,1,0.5999755859375,246
0.60302734375,12.017801969657967,6.085205078125e-05,1,0.60235595703125,247
0.60546875,12.042215969596327,6.1126708984375e-05,1,0.604766845703125,248
0.60791015625,12.066629969534688,6.134033203125001e-05,1,0.60723876953125,249
0.6103515625,12.091043969473048,6.1614990234375e-05,1,0.60968017578125,250
0.61279296875,12.115457969411409,6.182861328125001e-05,1,0.612091064453125,251
0.615234375,12.13987196934977,6.207275390625001e-05,1,0.61456298828125,252
0.61767578125,12.16428596928813,6.2347412109375e-05,1,0.61700439453125,253
0.6201171875,12.18869996922649,6.256103515625001e-05,1,0.619415283203125,254
0.62255859375,12.213113969164851,6.2835693359375e-05,1,0.621856689453125,255
0.625,12.237527969103212,6.304931640625001e-05,1,0.624267578125,256
0.62744140625,12.261941969041573,6.3323974609375e-05,1,0.62677001953125,257
0.6298828125,12.286355968979933,6.353759765625001e-05,1,0.629180908203125,258
0.63232421875,12.310769968918294,6.3812255859375e-05,1,0.63165283203125,259
0.634765625,12.335183968856654,6.402587890625001e-05,1,0.634063720703125,260
0.63720703125,12.359597968795015,6.4300537109375e-05,1,0.63653564453125,261
0.6396484375,12.384011968733375,6.4544677734375e-05,1,0.638946533203125,262
0.64208984375,12.408425968671736,6.4788818359375e-05,1,0.641357421875,263
0.64453125,12.432839968610097,6.503295898437501e-05,1,0.643768310546875,264
0.64697265625,12.457253968548457,6.527709960937501e-05,1,0.646240234375,265
0.6494140625,12.481667968486818,6.552124023437501e-05,1,0.648712158203125,266
0.65185546875,12.506081968425178,6.576538085937501e-05,1,0.651092529296875,267
0.654296875,12.530495968363539,6.60400390625e-05,1,0.65362548828125,268
0.65673828125,12.5549099683019,6.625366210937501e-05,1,0.656005859375,269
0.6591796875,12.57932396824026,6.65283203125e-05,1,0.658416748046875,270
0.66162109375,12.60373796817862,6.674194335937501e-05,1,0.66094970703125,271
0.6640625,12.628151968116981,6.70166015625e-05,1,0.663360595703125,272
0.66650390625,12.652565968055342,6.723022460937501e-05,1,0.66571044921875,273
0.6689453125,12.676979967993702,6.75048828125e-05,1,0.668212890625,274
0.67138671875,12.701393967932063,6.77490234375e-05,1,0.670684814453125,275
0.673828125,12.725807967870423,6.79931640625e-05,1,0.67303466796875,276
0.67626953125,12.750221967808784,6.82373046875e-05,1,0.675537109375,277
0.6787109375,12.774635967747145,6.84814453125e-05,1,0.677978515625,278
0.68115234375,12.799049967685505,6.872558593750001e-05,1,0.68035888671875,279
0.68359375,12.823463967623866,6.896972656250001e-05,1,0.682861328125,280
0.68603515625,12.847877967562226,6.9244384765625e-05,1,0.685272216796875,281
0.6884765625,12.872291967500587,6.945800781250001e-05,1,0.687652587890625,282
0.69091796875,12.896705967438947,6.9732666015625e-05,1,0.69012451171875,283
0.693359375,12.921119967377308,6.994628906250001e-05,1,0.69256591796875,284
0.69580078125,12.945533967315669,7.0220947265625e-05,1,0.69500732421875,285
0.6982421875,12.96994796725403,7.043457031250001e-05,1,0.69744873046875,286
0.70068359375,12.99436196719239,7.0709228515625e-05,1,0.69989013671875,287
0.703125,13.01877596713075,7.092285156250001e-05,1,0.70233154296875,288
0.70556640625,13.043189967069111,7.1197509765625e-05,1,0.704803466796875,289
0.7080078125,13.067603967007472,7.1441650390625e-05,1,0.707244873046875,290
0.71044921875,13.092017966945832,7.1685791015625e-05,1,0.709625244140625,291
0.712890625,13.116431966884193,7.1929931640625e-05,1,0.712066650390625,292
0.71533203125,13.140845966822553,7.2174072265625e-05,1,0.7144775390625,293
0.7177734375,13.165259966760914,7.2418212890625e-05,1,0.71697998046875,294
0.72021484375,13.189673966699274,7.266235351562501e-05,1,0.71942138671875,295
0.72265625,13.214087966637635,7.293701171875e-05,1,0.721832275390625,296
0.72509765625,13.238501966575996,7.315063476562501e-05,1,0.724334716796875,297
0.7275390625,13.262915966514356,7.342529296875e-05,1,0.72674560546875,298
0.72998046875,13.287329966452717,7.363891601562501e-05,1,0.729156494140625,299
0.732421875,13.311743966391077,7.391357421875e-05,1,0.7315673828125,300
0.73486328125,13.336157966329438,7.412719726562501e-05,1,0.734039306640625,301
0.7373046875,13.360571966267798,7.440185546875e-05,1,0.736480712890625,302
0.73974609375,13.384985966206159,7.464599609375e-05,1,0.7388916015625,303
0.7421875,13.40939996614452,7.489013671875e-05,1,0.7413330078125,304
0.74462890625,13.43381396608288,7.513427734375e-05,1,0.743743896484375,305
0.7470703125,13.45822796602124,7.537841796875e-05,1,0.746246337890625,306
0.74951171875,13.482641965959601,7.562255859375e-05,1,0.7486572265625,307
0.751953125,13.507055965897962,7.586669921875e-05,1,0.750732421875,308
0.75439453125,13.531469965836322,7.6141357421875e-05,1,0.75347900390625,309
0.7568359375,13.555883965774683,7.635498046875001e-05,1,0.75592041015625,310
0.75927734375,13.580297965713044,7.6629638671875e-05,1,0.758056640625,311
0.76171875,13.604711965651404,7.684326171875001e-05,1,0.7611083984375,312
0.76416015625,13.629125965589765,7.7117919921875e-05,1,0.762939453125,313
0.7666015625,13.653539965528125,7.733154296875001e-05,1,0.76507568359375,314
0.76904296875,13.677953965466486,7.7606201171875e-05,1,0.76812744140625,315
0.771484375,13.702367965404846,7.781982421875001e-05,1,0.770263671875,316
0.77392578125,13.726781965343207,7.8094482421875e-05,1,0.772705078125,317
0.7763671875,13.751195965281568,7.830810546875001e-05,1,0.775146484375,318
0.77880859375,13.775609965219928,7.8582763671875e-05,1,0.7781982421875,319
0.78125,13.800023965158289,7.8826904296875e-05,1,0.78033447265625,320
0.78369140625,13.82443796509665,7.9071044921875e-05,1,0.782470703125,321
0.7861328125,13.84885196503501,7.9315185546875e-05,1,0.784912109375,322
0.78857421875,13.87326596497337,7.9559326171875e-05,1,0.78704833984375,323
0.791015625,13.897679964911731,7.9803466796875e-05,1,0.78948974609375,324
0.79345703125,13.922093964850092,8.0047607421875e-05,1,0.79254150390625,325
0.7958984375,13.946507964788452,8.0322265625e-05,1,0.79437255859375,326
0.79833984375,13.970921964726813,8.053588867187501e-05,1,0.79681396484375,327
0.80078125,13.995335964665173,8.0810546875e-05,1,0.799560546875,328
0.80322265625,14.019749964603534,8.102416992187501e-05,1,0.8013916015625,329
0.8056640625,14.044163964541895,8.1298828125e-05,1,0.804443359375,330
0.80810546875,14.068577964480255,8.151245117187501e-05,1,0.80718994140625,331
0.810546875,14.092991964418616,8.1787109375e-05,1,0.80902099609375,332
0.81298828125,14.117405964356976,8.203125e-05,1,0.81146240234375,333
0.8154296875,14.141819964295337,8.2275390625e-05,1,0.8135986328125,334
0.81787109375,14.166233964233697,8.251953125e-05,1,0.816650390625,335
0.8203125,14.190647964172058,8.2763671875e-05,1,0.81878662109375,336
0.82275390625,14.215061964110419,8.30078125e-05,1,0.821533203125,337
0.8251953125,14.23947596404878,8.3251953125e-05,1,0.82366943359375,338
0.82763671875,14.26388996398714,8.3526611328125e-05,1,0.826416015625,339
0.830078125,14.2883039639255,8.3740234375e-05,1,0.82855224609375,340
0.83251953125,14.31271796386386,8.4014892578125e-05,1,0.831298828125,341
0.8349609375,14.337131963802221,8.422851562500001e-05,1,0.833740234375,342
0.83740234375,14.361545963740582,8.4503173828125e-05,1,0.83587646484375,343
0.83984375,14.385959963678943,8.471679687500001e-05,1,0.8380126953125,344
0.84228515625,14.410373963617303,8.4991455078125e-05,1,0.841064453125,345
0.8447265625,14.434787963555664,8.5235595703125e-05,1,0.84320068359375,346
0.84716796875,14.459201963494024,8.5479736328125e-05,1,0.84625244140625,347
0.849609375,14.483615963432385,8.5723876953125e-05,1,0.84808349609375,348
0.85205078125,14.508029963370745,8.5968017578125e-05,1,0.85052490234375,349
0.8544921875,14.532443963309106,8.6212158203125e-05,1,0.85296630859375,350
0.85693359375,14.556857963247467,8.6456298828125e-05,1,0.855712890625,351
0.859375,14.581271963185827,8.673095703125e-05,1,0.858154296875,352
0.86181640625,14.605685963124188,8.6944580078125e-05,1,0.86029052734375,353
0.8642578125,14.630099963062548,8.721923828125e-05,1,0.8624267578125,354
0.86669921875,14.654513963000909,8.7432861328125e-05,1,0.86517333984375,355
0.869140625,14.67892796293927,8.770751953125e-05,1,0.867919921875,356
0.87158203125,14.70334196287763,8.792114257812501e-05,1,0.870361328125,357
0.8740234375,14.72775596281599,8.819580078125e-05,1,0.87310791015625,358
0.87646484375,14.752169962754351,8.840942382812501e-05,1,0.87493896484375,359
0.87890625,14.776583962692712,8.868408203125e-05,1,0.8770751953125,360
0.88134765625,14.800997962631072,8.892822265625e-05,1,0.87982177734375,361
0.8837890625,14.825411962569433,8.917236328125e-05,1,0.88226318359375,362
0.88623046875,14.849825962507794,8.941650390625e-05,1,0.88470458984375,363
0.888671875,14.874239962446154,8.966064453125e-05,1,0.887451171875,364
0.89111328125,14.898653962384515,8.9935302734375e-05,1,0.889892578125,365
0.8935546875,14.923067962322875,9.014892578125e-05,1,0.89202880859375,366
0.89599609375,14.947481962261236,9.0423583984375e-05,1,0.89447021484375,367
0.8984375,14.971895962199596,9.063720703125e-05,1,0.897216796875,368
0.90087890625,14.996309962137957,9.0911865234375e-05,1,0.899658203125,369
0.9033203125,15.020723962076318,9.112548828125e-05,1,0.902099609375,370
0.90576171875,15.045137962014678,9.1400146484375e-05,1,0.90423583984375,371
0.908203125,15.069551961953039,9.161376953125001e-05,1,0.906982421875,372
0.91064453125,15.0939659618914,9.1888427734375e-05,1,0.90911865234375,373
0.9130859375,15.11837996182976,9.2132568359375e-05,1,0.91156005859375,374
0.91552734375,15.14279396176812,9.2376708984375e-05,1,0.9136962890625,375
0.91796875,15.167207961706481,9.2620849609375e-05,1,0.91644287109375,376
0.92041015625,15.191621961644842,9.2864990234375e-05,1,0.919189453125,377
0.9228515625,15.216035961583202,9.3109130859375e-05,1,0.9210205078125,378
0.92529296875,15.240449961521563,9.3353271484375e-05,1,0.924072265625,379
0.927734375,15.264863961459923,9.3597412109375e-05,1,0.92620849609375,380
0.93017578125,15.289277961398284,9.3841552734375e-05,1,0.9295654296875,381
0.9326171875,15.313691961336644,9.41162109375e-05,1,0.9307861328125,382
0.93505859375,15.338105961275005,9.4329833984375e-05,1,0.93414306640625,383
0.9375,15.362519961213366,9.46044921875e-05,1,0.93597412109375,384
0.93994140625,15.386933961151726,9.4818115234375e-05,1,0.93841552734375,385
0.9423828125,15.411347961090087,9.50927734375e-05,1,0.94085693359375,386
0.94482421875,15.435761961028447,9.5306396484375e-05,1,0.94329833984375,387
0.947265625,15.460175960966808,9.55810546875e-05,1,0.946044921875,388
0.94970703125,15.484589960905168,9.58251953125e-05,1,0.94818115234375,389
0.9521484375,15.509003960843529,9.60693359375e-05,1,0.950927734375,390
0.95458984375,15.53341796078189,9.63134765625e-05,1,0.9527587890625,391
0.95703125,15.55783196072025,9.65576171875e-05,1,0.955810546875,392
0.95947265625,15.58224596065861,9.68017578125e-05,1,0.958251953125,393
0.9619140625,15.606659960596971,9.70458984375e-05,1,0.960693359375,394
0.96435546875,15.631073960535332,9.7320556640625e-05,1,0.9625244140625,395
0.966796875,15.655487960473693,9.75341796875e-05,1,0.96527099609375,396
0.96923828125,15.679901960412053,9.7808837890625e-05,1,0.968017578125,397
0.9716796875,15.704315960350414,9.80224609375e-05,1,0.97015380859375,398
0.97412109375,15.728729960288774,9.8297119140625e-05,1,0.97259521484375,399
0.9765625,15.753143960227135,9.85107421875e-05,1,0.97564697265625,400
0.97900390625,15.777557960165495,9.8785400390625e-05,1,0.977783203125,401
0.9814453125,15.801971960103856,9.9029541015625e-05,1,0.97991943359375,402
0.98388671875,15.826385960042217,9.9273681640625e-05,1,0.98236083984375,403
0.986328125,15.850799959980577,9.9517822265625e-05,1,0.9844970703125,404
0.98876953125,15.875213959918938,9.9761962890625e-05,1,0.987548828125,405
0.9912109375,15.899627959857298,0.000100006103515625,1,0.98968505859375,406
0.99365234375,15.924041959795659,0.000100250244140625,1,0.992431640625,407
0.99609375,15.94845595973402,0.00010052490234375,1,0.99456787109375,408
0.99853515625,15.97286995967238,0.000100738525390625,1,0.99761962890625,409
1.0009765625,15.99728395961074,0.00010101318359375,1,0.99945068359375,410
0.99853515625,16.0216979595491,0.000100738525390625,1,0.99700927734375,411
0.99609375,16.04611195948746,0.00010052490234375,1,0.9942626953125,412
0.99365234375,16.070525959425822,0.000100250244140625,1,0.99212646484375,413
0.9912109375,16.094939959364183,0.00010003662109375,1,0.98968505859375,414
0.98876953125,16.119353959302543,9.9761962890625e-05,1,0.987548828125,415
0.986328125,16.143767959240904,9.9517822265625e-05,1,0.9844970703125,416
0.98388671875,16.168181959179265,9.9273681640625e-05,1,0.982666015625,417
0.9814453125,16.192595959117625,9.9029541015625e-05,1,0.980224609375,418
0.97900390625,16.217009959055986,9.8785400390625e-05,1,0.97747802734375,419
0.9765625,16.241423958994346,9.8541259765625e-05,1,0.97503662109375,420
0.97412109375,16.265837958932707,9.8297119140625e-05,1,0.97320556640625,421
0.9716796875,16.290251958871067,9.80224609375e-05,1,0.97015380859375,422
0.96923828125,16.314665958809428,9.7808837890625e-05,1,0.968017578125,423
0.966796875,16.33907995874779,9.75341796875e-05,1,0.96527099609375,424
0.96435546875,16.36349395868615,9.7320556640625e-05,1,0.963134765625,425
0.9619140625,16.38790795862451,9.70458984375e-05,1,0.96038818359375,426
0.95947265625,16.41232195856287,9.6832275390625e-05,1,0.95794677734375,427
0.95703125,16.43673595850123,9.65576171875e-05,1,0.95611572265625,428
0.95458984375,16.46114995843959,9.63134765625e-05,1,0.953369140625,429
0.9521484375,16.485563958377952,9.60693359375e-05,1,0.95123291015625,430
0.94970703125,16.509977958316313,9.58251953125e-05,1,0.94818115234375,431
0.947265625,16.534391958254673,9.55810546875e-05,1,0.946044921875,432
0.94482421875,16.558805958193034,9.53369140625e-05,1,0.94329833984375,433
0.9423828125,16.583219958131394,9.50927734375e-05,1,0.94085693359375,434
0.93994140625,16.607633958069755,9.4818115234375e-05,1,0.938720703125,435
0.9375,16.632047958008116,9.46044921875e-05,1,0.93597412109375,436
0.93505859375,16.656461957946476,9.4329833984375e-05,1,0.93292236328125,437
0.9326171875,16.680875957884837,9.41162109375e-05,1,0.93109130859375,438
0.93017578125,16.705289957823197,9.3841552734375e-05,1,0.92926025390625,439
0.927734375,16.729703957761558,9.36279296875e-05,1,0.92559814453125,440
0.92529296875,16.75411795769992,9.3353271484375e-05,1,0.92376708984375,441
0.9228515625,16.77853195763828,9.31396484375e-05,1,0.92132568359375,442
0.92041015625,16.80294595757664,9.2864990234375e-05,1,0.9185791015625,443
0.91796875,16.827359957515,9.2620849609375e-05,1,0.916748046875,444
0.91552734375,16.85177395745336,9.2376708984375e-05,1,0.9136962890625,445
0.9130859375,16.87618795739172,9.2132568359375e-05,1,0.91156005859375,446
0.91064453125,16.900601957330082,9.1888427734375e-05,1,0.90911865234375,447
0.908203125,16.925015957268442,9.1644287109375e-05,1,0.90667724609375,448
0.90576171875,16.949429957206803,9.1400146484375e-05,1,0.90423583984375,449
0.9033203125,16.973843957145164,9.112548828125e-05,1,0.90179443359375,450
0.90087890625,16.998257957083524,9.0911865234375e-05,1,0.899658203125,451
0.8984375,17.022671957021885,9.063720703125e-05,1,0.897216796875,452
0.89599609375,17.047085956960245,9.0423583984375e-05,1,0.89508056640625,453
0.8935546875,17.071499956898606,9.014892578125e-05,1,0.892333984375,454
0.89111328125,17.095913956836966,8.9935302734375e-05,1,0.8892822265625,455
0.888671875,17.120327956775327,8.966064453125e-05,1,0.88775634765625,456
0.88623046875,17.144741956713688,8.941650390625e-05,1,0.8843994140625,457
0.8837890625,17.169155956652048,8.917236328125e-05,1,0.8819580078125,458
0.88134765625,17.19356995659041,8.892822265625e-05,1,0.87982177734375,459
0.87890625,17.21798395652877,8.868408203125e-05,1,0.8770751953125,460
0.87646484375,17.24239795646713,8.843994140625e-05,1,0.87493896484375,461
0.8740234375,17.26681195640549,8.819580078125e-05,1,0.872802734375,462
0.87158203125,17.29122595634385,8.795166015625e-05,1,0.87005615234375,463
0.869140625,17.31563995628221,8.770751953125e-05,1,0.86822509765625,464
0.86669921875,17.340053956220572,8.7432861328125e-05,1,0.86517333984375,465
0.8642578125,17.364467956158933,8.721923828125e-05,1,0.86273193359375,466
0.86181640625,17.388881956097293,8.6944580078125e-05,1,0.86029052734375,467
0.859375,17.413295956035654,8.673095703125e-05,1,0.85784912109375,468
0.85693359375,17.437709955974015,8.6456298828125e-05,1,0.855712890625,469
0.8544921875,17.462123955912375,8.624267578125e-05,1,0.8526611328125,470
0.85205078125,17.486537955850736,8.593750000000001e-05,1,0.85052490234375,471
0.849609375,17.510951955789096,8.5723876953125e-05,1,0.84869384765625,472
0.84716796875,17.535365955727457,8.5479736328125e-05,1,0.84564208984375,473
0.8447265625,17.559779955665817,8.5235595703125e-05,1,0.8428955078125,474
0.84228515625,17.584193955604178,8.4991455078125e-05,1,0.8404541015625,475
0.83984375,17.60860795554254,8.4747314453125e-05,1,0.83831787109375,476
0.83740234375,17.6330219554809,8.4503173828125e-05,1,0.836181640625,477
0.8349609375,17.65743595541926,8.422851562500001e-05,1,0.8331298828125,478
0.83251953125,17.68184995535762,8.4014892578125e-05,1,0.83160400390625,479
0.830078125,17.70626395529598,8.3740234375e-05,1,0.82916259765625,480
0.82763671875,17.73067795523434,8.3526611328125e-05,1,0.826416015625,481
0.8251953125,17.755091955172702,8.3251953125e-05,1,0.823974609375,482
0.82275390625,17.779505955111063,8.3038330078125e-05,1,0.821533203125,483
0.8203125,17.803919955049423,8.2763671875e-05,1,0.819091796875,484
0.81787109375,17.828333954987784,8.2550048828125e-05,1,0.81634521484375,485
0.8154296875,17.852747954926144,8.2275390625e-05,1,0.81390380859375,486
0.81298828125,17.877161954864505,8.203125e-05,1,0.811767578125,487
0.810546875,17.901575954802865,8.1787109375e-05,1,0.80963134765625,488
0.80810546875,17.925989954741226,8.154296875e-05,1,0.806884765625,489
0.8056640625,17.950403954679587,8.1298828125e-05,1,0.804443359375,490
0.80322265625,17.974817954617947,8.102416992187501e-05,1,0.802001953125,491
0.80078125,17.999231954556308,8.0810546875e-05,1,0.7989501953125,492
0.79833984375,18.02364595449467,8.053588867187501e-05,1,0.7977294921875,493
0.7958984375,18.04805995443303,8.0322265625e-05,1,0.794677734375,494
0.79345703125,18.07247395437139,8.0047607421875e-05,1,0.79254150390625,495
0.791015625,18.09688795430975,7.9833984375e-05,1,0.7891845703125,496
0.78857421875,18.12130195424811,7.952880859375001e-05,1,0.78704833984375,497
0.7861328125,18.14571595418647,7.9345703125e-05,1,0.78521728515625,498
0.78369140625,18.170129954124832,7.904052734375001e-05,1,0.782470703125,499
0.78125,18.194543954063192,7.8826904296875e-05,1,0.78033447265625,500
0.77880859375,18.218957954001553,7.855224609375001e-05,1,0.77789306640625,501
0.7763671875,18.243371953939914,7.8338623046875e-05,1,0.775146484375,502
0.77392578125,18.267785953878274,7.8094482421875e-05,1,0.772705078125,503
0.771484375,18.292199953816635,7.7850341796875e-05,1,0.770263671875,504
0.76904296875,18.316613953754995,7.7606201171875e-05,1,0.767822265625,505
0.7666015625,18.341027953693356,7.7362060546875e-05,1,0.76568603515625,506
0.76416015625,18.365441953631716,7.7117919921875e-05,1,0.762939453125,507
0.76171875,18.389855953570077,7.684326171875001e-05,1,0.76019287109375,508
0.75927734375,18.414269953508438,7.6629638671875e-05,1,0.75775146484375,509
0.7568359375,18.438683953446798,7.635498046875001e-05,1,0.755615234375,510
0.75439453125,18.46309795338516,7.6141357421875e-05,1,0.753173828125,511
0.751953125,18.48751195332352,7.586669921875e-05,1,0.75042724609375,512
0.74951171875,18.51192595326188,7.5653076171875e-05,1,0.748687744140625,513
0.7470703125,18.53633995320024,7.537841796875e-05,1,0.746246337890625,514
0.74462890625,18.5607539531386,7.513427734375e-05,1,0.7437744140625,515
0.7421875,18.58516795307696,7.489013671875e-05,1,0.7413330078125,516
0.73974609375,18.609581953015322,7.464599609375e-05,1,0.738922119140625,517
0.7373046875,18.633995952953683,7.440185546875e-05,1,0.7364501953125,518
0.73486328125,18.658409952892043,7.415771484375e-05,1,0.73406982421875,519
0.732421875,18.682823952830404,7.391357421875e-05,1,0.731658935546875,520
0.72998046875,18.707237952768764,7.363891601562501e-05,1,0.7291259765625,521
0.7275390625,18.731651952707125,7.342529296875e-05,1,0.726654052734375,522
0.72509765625,18.756065952645486,7.315063476562501e-05,1,0.72430419921875,523
0.72265625,18.780479952583846,7.293701171875e-05,1,0.7218017578125,524
0.72021484375,18.804893952522207,7.266235351562501e-05,1,0.719390869140625,525
0.7177734375,18.829307952460567,7.244873046875e-05,1,0.716949462890625,526
0.71533203125,18.853721952398928,7.2174072265625e-05,1,0.71453857421875,527
0.712890625,18.87813595233729,7.1929931640625e-05,1,0.712066650390625,528
0.71044921875,18.90254995227565,7.1685791015625e-05,1,0.709686279296875,529
0.7080078125,18.92696395221401,7.1441650390625e-05,1,0.70721435546875,530
0.70556640625,18.95137795215237,7.1197509765625e-05,1,0.704803466796875,531
0.703125,18.97579195209073,7.0953369140625e-05,1,0.702301025390625,532
0.70068359375,19.00020595202909,7.0709228515625e-05,1,0.69989013671875,533
0.6982421875,19.024619951967452,7.043457031250001e-05,1,0.697479248046875,534
0.69580078125,19.049033951905813,7.0220947265625e-05,1,0.69500732421875,535
0.693359375,19.073447951844173,6.994628906250001e-05,1,0.692535400390625,536
0.69091796875,19.097861951782534,6.9732666015625e-05,1,0.690155029296875,537
0.6884765625,19.122275951720894,6.945800781250001e-05,1,0.687652587890625,538
0.68603515625,19.146689951659255,6.9244384765625e-05,1,0.685211181640625,539
0.68359375,19.171103951597615,6.896972656250001e-05,1,0.68280029296875,540
0.68115234375,19.195517951535976,6.8756103515625e-05,1,0.680389404296875,541
0.6787109375,19.219931951474337,6.84814453125e-05,1,0.677947998046875,542
0.67626953125,19.244345951412697,6.82373046875e-05,1,0.67547607421875,543
0.673828125,19.268759951351058,6.79931640625e-05,1,0.67303466796875,544
0.67138671875,19.29317395128942,6.77490234375e-05,1,0.670623779296875,545
0.6689453125,19.31758795122778,6.75048828125e-05,1,0.668182373046875,546
0.66650390625,19.34200195116614,6.72607421875e-05,1,0.665740966796875,547
0.6640625,19.3664159511045,6.70166015625e-05,1,0.66326904296875,548
0.66162109375,19.39082995104286,6.674194335937501e-05,1,0.660858154296875,549
0.6591796875,19.41524395098122,6.65283203125e-05,1,0.658447265625,550
0.65673828125,19.43965795091958,6.625366210937501e-05,1,0.655975341796875,551
0.654296875,19.464071950857942,6.60400390625e-05,1,0.653564453125,552
0.65185546875,19.488485950796303,6.576538085937501e-05,1,0.651123046875,553
0.6494140625,19.512899950734663,6.55517578125e-05,1,0.648712158203125,554
0.64697265625,19.537313950673024,6.527709960937501e-05,1,0.646270751953125,555
0.64453125,19.561727950611385,6.50634765625e-05,1,0.643798828125,556
0.64208984375,19.586141950549745,6.4788818359375e-05,1,0.641387939453125,557
0.6396484375,19.610555950488106,6.4544677734375e-05,1,0.638916015625,558
0.63720703125,19.634969950426466,6.4300537109375e-05,1,0.636505126953125,559
0.634765625,19.659383950364827,6.4056396484375e-05,1,0.63409423828125,560
0.63232421875,19.683797950303187,6.3812255859375e-05,1,0.631622314453125,561
0.6298828125,19.708211950241548,6.353759765625001e-05,1,0.629180908203125,562
0.62744140625,19.73262595017991,6.3323974609375e-05,1,0.626678466796875,563
0.625,19.75703995011827,6.304931640625001e-05,1,0.624359130859375,564
0.62255859375,19.78145395005663,6.2835693359375e-05,1,0.621826171875,565
0.6201171875,19.80586794999499,6.256103515625001e-05,1,0.61944580078125,566
0.61767578125,19.83028194993335,6.2347412109375e-05,1,0.616973876953125,567
0.615234375,19.85469594987171,6.207275390625001e-05,1,0.61456298828125,568
0.61279296875,19.879109949810072,6.1859130859375e-05,1,0.612091064453125,569
0.6103515625,19.903523949748433,6.158447265625001e-05,1,0.60968017578125,570
0.60791015625,19.927937949686793,6.1370849609375e-05,1,0.607269287109375,571
0.60546875,19.952351949625154,6.109619140625001e-05,1,0.60479736328125,572
0.60302734375,19.976765949563514,6.085205078125e-05,1,0.602325439453125,573
0.6005859375,20.001179949501875,6.060791015625e-05,1,0.59991455078125,574
0.59814453125,20.025593949440236,6.0363769531250006e-05,1,0.59747314453125,575
0.595703125,20.050007949378596,6.0119628906250006e-05,1,0.595001220703125,576
0.59326171875,20.074421949316957,5.9844970703125e-05,1,0.592559814453125,577
0.5908203125,20.098835949255317,5.9631347656250006e-05,1,0.59014892578125,578
0.58837890625,20.123249949193678,5.9356689453125e-05,1,0.58770751953125,579
0.5859375,20.14766394913204,5.9143066406250005e-05,1,0.585296630859375,580
0.58349609375,20.1720779490704,5.8868408203125e-05,1,0.5828857421875,581
0.5810546875,20.19649194900876,5.8654785156250005e-05,1,0.5804443359375,582
0.57861328125,20.22090594894712,5.8380126953125e-05,1,0.57794189453125,583
0.576171875,20.24531994888548,5.8166503906250004e-05,1,0.575531005859375,584
0.57373046875,20.26973394882384,5.7891845703125e-05,1,0.573089599609375,585
0.5712890625,20.294147948762202,5.7647705078125e-05,1,0.57061767578125,586
0.56884765625,20.318561948700562,5.7403564453125e-05,1,0.568206787109375,587
0.56640625,20.342975948638923,5.7159423828125e-05,1,0.5657958984375,588
0.56396484375,20.367389948577284,5.6915283203125e-05,1,0.563323974609375,589
0.5615234375,20.391803948515644,5.6671142578125e-05,1,0.56085205078125,590
0.55908203125,20.416217948454005,5.6427001953125006e-05,1,0.55841064453125,591
0.556640625,20.440631948392365,5.615234375e-05,1,0.55596923828125,592
0.55419921875,20.465045948330726,5.5938720703125006e-05,1,0.553619384765625,593
0.5517578125,20.489459948269086,5.56640625e-05,1,0.5511474609375,594
0.54931640625,20.513873948207447,5.5450439453125005e-05,1,0.5487060546875,595
0.546875,20.538287948145808,5.517578125e-05,1,0.546295166015625,596
0.54443359375,20.562701948084168,5.4962158203125005e-05,1,0.5438232421875,597
0.5419921875,20.58711594802253,5.46875e-05,1,0.541412353515625,598
0.53955078125,20.61152994796089,5.4473876953125004e-05,1,0.538970947265625,599
0.537109375,20.63594394789925,5.419921875e-05,1,0.536529541015625,600
0.53466796875,20.66035794783761,5.3955078125e-05,1,0.534088134765625,601
0.5322265625,20.68477194777597,5.37109375e-05,1,0.5316162109375,602
0.52978515625,20.70918594771433,5.3466796875e-05,1,0.529205322265625,603
0.52734375,20.733599947652692,5.322265625e-05,1,0.52679443359375,604
0.52490234375,20.758013947591053,5.2978515625e-05,1,0.524322509765625,605
0.5224609375,20.782427947529413,5.2734375e-05,1,0.521881103515625,606
0.52001953125,20.806841947467774,5.2459716796875e-05,1,0.51947021484375,607
0.517578125,20.831255947406135,5.2246093750000006e-05,1,0.5169677734375,608
0.51513671875,20.855669947344495,5.1971435546875e-05,1,0.5145263671875,609
0.5126953125,20.880083947282856,5.1757812500000005e-05,1,0.5120849609375,610
0.51025390625,20.904497947221216,5.1483154296875e-05,1,0.50970458984375,611
0.5078125,20.928911947159577,5.1269531250000005e-05,1,0.50726318359375,612
0.50537109375,20.953325947097937,5.0994873046875e-05,1,0.50482177734375,613
0.5029296875,20.977739947036298,5.0750732421875e-05,1,0.50238037109375,614
0.50048828125,21.00215394697466,5.0506591796875e-05,1,0.49993896484375,615
0.498046875,21.02656794691302,5.0262451171875e-05,1,0.49755859375,616
0.49560546875,21.05098194685138,5.0018310546875e-05,1,0.49505615234375,617
0.4931640625,21.07539594678974,4.9755859375e-05,1,0.49261474609375,618
0.49072265625,21.0998099467281,4.95269775390625e-05,1,0.490142822265625,619
0.48828125,21.12422394666646,4.925537109375e-05,1,0.487701416015625,620
0.48583984375,21.148637946604822,4.90386962890625e-05,1,0.48529052734375,621
0.4833984375,21.173051946543183,4.8760986328125e-05,1,0.48291015625,622
0.48095703125,21.197465946481543,4.854736328125e-05,1,0.480438232421875,623
0.478515625,21.221879946419904,4.82696533203125e-05,1,0.47802734375,624
0.47607421875,21.246293946358264,4.8052978515625e-05,1,0.4755859375,625
0.4736328125,21.270707946296625,4.77783203125e-05,1,0.47314453125,626
0.47119140625,21.295121946234985,4.75555419921875e-05,1,0.470703125,627
0.46875,21.319535946173346,4.72930908203125e-05,1,0.46820068359375,628
0.46630859375,21.343949946111707,4.70550537109375e-05,1,0.4658203125,629
0.4638671875,21.368363946050067,4.6807861328125e-05,1,0.463348388671875,630
0.46142578125,21.392777945988428,4.65576171875e-05,1,0.460968017578125,631
0.458984375,21.41719194592679,4.63226318359375e-05,1,0.45849609375,632
0.45654296875,21.44160594586515,4.60601806640625e-05,1,0.4560546875,633
0.4541015625,21.46601994580351,4.58343505859375e-05,1,0.453582763671875,634
0.45166015625,21.49043394574187,4.5562744140625e-05,1,0.451202392578125,635
0.44921875,21.51484794568023,4.5343017578125e-05,1,0.448822021484375,636
0.44677734375,21.53926194561859,4.5068359375000003e-05,1,0.4462890625,637
0.4443359375,21.56367594555695,4.48516845703125e-05,1,0.443878173828125,638
0.44189453125,21.588089945495312,4.45770263671875e-05,1,0.441436767578125,639
0.439453125,21.612503945433673,4.43572998046875e-05,1,0.43896484375,640
0.43701171875,21.636917945372034,4.40887451171875e-05,1,0.436553955078125,641
0.4345703125,21.661331945310394,4.38568115234375e-05,1,0.434173583984375,642
0.43212890625,21.685745945248755,4.36004638671875e-05,1,0.43170166015625,643
0.4296875,21.710159945187115,4.3359375e-05,1,0.429229736328125,644
0.42724609375,21.734573945125476,4.3115234375e-05,1,0.42681884765625,645
0.4248046875,21.758987945063836,4.285888671875e-05,1,0.424346923828125,646
0.42236328125,21.783401945002197,4.26300048828125e-05,1,0.421905517578125,647
0.419921875,21.807815944940558,4.2361450195312503e-05,1,0.419464111328125,648
0.41748046875,21.832229944878918,4.2144775390625e-05,1,0.417022705078125,649
0.4150390625,21.85664394481728,4.1867065429687504e-05,1,0.41461181640625,650
0.41259765625,21.88105794475564,4.16534423828125e-05,1,0.412200927734375,651
0.41015625,21.905471944694,4.1372680664062504e-05,1,0.409698486328125,652
0.40771484375,21.92988594463236,4.11590576171875e-05,1,0.407257080078125,653
0.4052734375,21.95429994457072,4.0884399414062503e-05,1,0.404876708984375,654
0.40283203125,21.97871394450908,4.066162109375e-05,1,0.402435302734375,655
0.400390625,22.003127944447442,4.03961181640625e-05,1,0.39996337890625,656
0.39794921875,22.027541944385803,4.01611328125e-05,1,0.39752197265625,657
0.3955078125,22.051955944324163,3.9910888671875e-05,1,0.39508056640625,658
0.39306640625,22.076369944262524,3.96636962890625e-05,1,0.39263916015625,659
0.390625,22.100783944200884,3.94256591796875e-05,1,0.390228271484375,660
0.38818359375,22.125197944139245,3.9160156250000004e-05,1,0.38775634765625,661
0.3857421875,22.149611944077606,3.89373779296875e-05,1,0.3853759765625,662
0.38330078125,22.174025944015966,3.8665771484375004e-05,1,0.382904052734375,663
0.380859375,22.198439943954327,3.84490966796875e-05,1,0.38043212890625,664
0.37841796875,22.222853943892687,3.8168334960937504e-05,1,0.378021240234375,665
0.3759765625,22.247267943831048,3.7957763671875e-05,1,0.37554931640625,666
0.37353515625,22.27168194376941,3.7680053710937504e-05,1,0.3731689453125,667
0.37109375,22.29609594370777,3.74603271484375e-05,1,0.370697021484375,668
0.36865234375,22.32050994364613,3.7191772460937504e-05,1,0.368255615234375,669
0.3662109375,22.34492394358449,3.6962890625e-05,1,0.3658447265625,670
0.36376953125,22.36933794352285,3.67034912109375e-05,1,0.3634033203125,671
0.361328125,22.39375194346121,3.646240234375e-05,1,0.3609619140625,672
0.35888671875,22.418165943399572,3.621826171875e-05,1,0.3585205078125,673
0.3564453125,22.442579943337932,3.5961914062500003e-05,1,0.3560791015625,674
0.35400390625,22.466993943276293,3.5736083984375e-05,1,0.3536376953125,675
0.3515625,22.491407943214654,3.5464477539062504e-05,1,0.351165771484375,676
0.34912109375,22.515821943153014,3.52447509765625e-05,1,0.34869384765625,677
0.3466796875,22.540235943091375,3.4970092773437504e-05,1,0.3463134765625,678
0.34423828125,22.564649943029735,3.47564697265625e-05,1,0.34393310546875,679
0.341796875,22.589063942968096,3.4475708007812505e-05,1,0.3414306640625,680
0.33935546875,22.613477942906457,3.42620849609375e-05,1,0.3389892578125,681
0.3369140625,22.637891942844817,3.3987426757812504e-05,1,0.336517333984375,682
0.33447265625,22.662305942783178,3.37646484375e-05,1,0.334136962890625,683
0.33203125,22.68671994272154,3.3499145507812504e-05,1,0.331695556640625,684
0.32958984375,22.7111339426599,3.326416015625e-05,1,0.3292236328125,685
0.3271484375,22.73554794259826,3.3013916015625e-05,1,0.326873779296875,686
0.32470703125,22.75996194253662,3.27667236328125e-05,1,0.324432373046875,687
0.322265625,22.78437594247498,3.25286865234375e-05,1,0.321990966796875,688
0.31982421875,22.80878994241334,3.2266235351562504e-05,1,0.319488525390625,689
0.3173828125,22.8332039423517,3.20404052734375e-05,1,0.31707763671875,690
0.31494140625,22.857617942290062,3.1768798828125004e-05,1,0.314605712890625,691
0.3125,22.882031942228423,3.15521240234375e-05,1,0.312225341796875,692
0.31005859375,22.906445942166783,3.1268310546875e-05,1,0.309722900390625,693
0.3076171875,22.930859942105144,3.10577392578125e-05,1,0.307281494140625,694
0.30517578125,22.955273942043505,3.0780029296875e-05,1,0.304840087890625,695
0.302734375,22.979687941981865,3.0560302734375e-05,1,0.30242919921875,696
0.30029296875,23.004101941920226,3.0291748046875e-05,1,0.299957275390625,697
0.2978515625,23.028515941858586,3.0062866210937503e-05,1,0.29754638671875,698
0.29541015625,23.052929941796947,2.9803466796875e-05,1,0.295135498046875,699
0.29296875,23.077343941735307,2.95654296875e-05,1,0.292633056640625,700
0.29052734375,23.101757941673668,2.9321289062500003e-05,1,0.29022216796875,701
0.2880859375,23.12617194161203,2.906494140625e-05,1,0.287811279296875,702
0.28564453125,23.15058594155039,2.8836059570312502e-05,1,0.28533935546875,703
0.283203125,23.17499994148875,2.85675048828125e-05,1,0.282928466796875,704
0.28076171875,23.19941394142711,2.8347778320312502e-05,1,0.280487060546875,705
0.2783203125,23.22382794136547,2.8070068359375002e-05,1,0.278045654296875,706
0.27587890625,23.24824194130383,2.7856445312500002e-05,1,0.27557373046875,707
0.2734375,23.272655941242192,2.7575683593750002e-05,1,0.273162841796875,708
0.27099609375,23.297069941180553,2.7362060546875002e-05,1,0.270751953125,709
0.2685546875,23.321483941118913,2.7087402343750002e-05,1,0.268280029296875,710
0.26611328125,23.345897941057274,2.6864624023437503e-05,1,0.26580810546875,711
0.263671875,23.370311940995634,2.659912109375e-05,1,0.263397216796875,712
0.26123046875,23.394725940933995,2.63671875e-05,1,0.260986328125,713
0.2587890625,23.419139940872356,2.61138916015625e-05,1,0.25848388671875,714
0.25634765625,23.443553940810716,2.586669921875e-05,1,0.256103515625,715
0.25390625,23.467967940749077,2.5628662109375e-05,1,0.253631591796875,716
0.25146484375,23.492381940687437,2.53662109375e-05,1,0.251220703125,717
0.2490234375,23.516795940625798,2.5143432617187502e-05,1,0.248779296875,718
0.24658203125,23.54120994056416,2.4868774414062502e-05,1,0.246337890625,719
0.244140625,23.56562394050252,2.4652099609375002e-05,1,0.243896484375,720
0.24169921875,23.59003794044088,2.4374389648437502e-05,1,0.241485595703125,721
0.2392578125,23.61445194037924,2.4160766601562502e-05,1,0.239044189453125,722
0.23681640625,23.6388659403176,2.3883056640625002e-05,1,0.236572265625,723
0.234375,23.66327994025596,2.3663330078125003e-05,1,0.234100341796875,724
0.23193359375,23.687693940194322,2.3394775390625002e-05,1,0.231719970703125,725
0.2294921875,23.712107940132682,2.31658935546875e-05,1,0.229156494140625,726
0.22705078125,23.736521940071043,2.2906494140625e-05,1,0.226806640625,727
0.224609375,23.760935940009404,2.266845703125e-05,1,0.224334716796875,728
0.22216796875,23.785349939947764,2.24212646484375e-05,1,0.221954345703125,729
0.2197265625,23.809763939886125,2.216796875e-05,1,0.219512939453125,730
0.21728515625,23.834177939824485,2.193603515625e-05,1,0.217071533203125,731
0.21484375,23.858591939762846,2.1667480468750002e-05,1,0.214630126953125,732
0.21240234375,23.883005939701206,2.144775390625e-05,1,0.212158203125,733
0.2099609375,23.907419939639567,2.1173095703125003e-05,1,0.209716796875,734
0.20751953125,23.931833939577928,2.0959472656250002e-05,1,0.207305908203125,735
0.205078125,23.956247939516288,2.06787109375e-05,1,0.204864501953125,736
0.20263671875,23.98066193945465,2.0465087890625003e-05,1,0.20245361328125,737
0.2001953125,24.00507593939301,2.0190429687500002e-05,1,0.199981689453125,738
0.19775390625,24.02948993933137,1.99676513671875e-05,1,0.197540283203125,739
0.1953125,24.05390393926973,1.9702148437500002e-05,1,0.195098876953125,740
0.19287109375,24.07831793920809,1.947021484375e-05,1,0.192657470703125,741
0.1904296875,24.10273193914645,1.92169189453125e-05,1,0.19024658203125,742
0.18798828125,24.127145939084812,1.89697265625e-05,1,0.187835693359375,743
0.185546875,24.151559939023173,1.8731689453125e-05,1,0.185394287109375,744
0.18310546875,24.175973938961533,1.8472290039062502e-05,1,0.18292236328125,745
0.1806640625,24.200387938899894,1.82464599609375e-05,1,0.180511474609375,746
0.17822265625,24.224801938838255,1.79718017578125e-05,1,0.1781005859375,747
0.17578125,24.249215938776615,1.7755126953125e-05,1,0.175567626953125,748
0.17333984375,24.273629938714976,1.74774169921875e-05,1,0.17315673828125,749
0.1708984375,24.298043938653336,1.72637939453125e-05,1,0.1707763671875,750
0.16845703125,24.322457938591697,1.6986083984375e-05,1,0.168304443359375,751
0.166015625,24.346871938530057,1.67694091796875e-05,1,0.165802001953125,752
0.16357421875,24.371285938468418,1.6497802734375002e-05,1,0.163421630859375,753
0.1611328125,24.39569993840678,1.627197265625e-05,1,0.161041259765625,754
0.15869140625,24.42011393834514,1.6009521484375002e-05,1,0.158538818359375,755
0.15625,24.4445279382835,1.5771484375e-05,1,0.156097412109375,756
0.15380859375,24.46894193822186,1.552734375e-05,1,0.1536865234375,757
0.1513671875,24.49335593816022,1.5274047851562502e-05,1,0.1512451171875,758
0.14892578125,24.51776993809858,1.50421142578125e-05,1,0.148773193359375,759
0.146484375,24.542183938036942,1.4773559570312501e-05,1,0.146331787109375,760
0.14404296875,24.566597937975303,1.4553833007812501e-05,1,0.1439208984375,761
0.1416015625,24.591011937913663,1.4279174804687501e-05,1,0.141510009765625,762
0.13916015625,24.615425937852024,1.4062500000000001e-05,1,0.139068603515625,763
0.13671875,24.639839937790384,1.3784790039062501e-05,1,0.1365966796875,764
0.13427734375,24.664253937728745,1.3568115234375e-05,1,0.134124755859375,765
0.1318359375,24.688667937667105,1.3293457031250001e-05,1,0.131744384765625,766
0.12939453125,24.713081937605466,1.307373046875e-05,1,0.129302978515625,767
0.126953125,24.737495937543827,1.2805175781250001e-05,1,0.126861572265625,768
0.12451171875,24.761909937482187,1.2573242187500001e-05,1,0.124420166015625,769
0.1220703125,24.786323937420548,1.23199462890625e-05,1,0.12200927734375,770
0.11962890625,24.81073793735891,1.20758056640625e-05,1,0.119537353515625,771
0.1171875,24.83515193729727,1.1834716796875001e-05,1,0.117095947265625,772
0.11474609375,24.85956593723563,1.15753173828125e-05,1,0.114654541015625,773
0.1123046875,24.88397993717399,1.13494873046875e-05,1,0.112152099609375,774
0.10986328125,24.90839393711235,1.1077880859375001e-05,1,0.109771728515625,775
0.107421875,24.93280793705071,1.08612060546875e-05,1,0.107391357421875,776
0.10498046875,24.95722193698907,1.058349609375e-05,1,0.104949951171875,777
0.1025390625,24.981635936927432,1.0369873046875e-05,1,0.10247802734375,778
0.10009765625,25.006049936865793,1.0089111328125e-05,1,0.100006103515625,779
0.09765625,25.030463936804153,9.8724365234375e-06,1,0.097564697265625,780
0.09521484375,25.054877936742514,9.600830078125e-06,1,0.095123291015625,781
0.0927734375,25.079291936680875,9.375000000000001e-06,1,0.092681884765625,782
0.09033203125,25.103705936619235,9.1156005859375e-06,1,0.090240478515625,783
0.087890625,25.128119936557596,8.8775634765625e-06,1,0.08782958984375,784
0.08544921875,25.152533936495956,8.624267578125e-06,1,0.085205078125,785
0.0830078125,25.176947936434317,8.374023437500001e-06,1,0.082733154296875,786
0.08056640625,25.201361936372678,8.139038085937501e-06,1,0.08038330078125,787
0.078125,25.225775936311038,7.87353515625e-06,1,0.077911376953125,788
0.07568359375,25.2501899362494,7.650756835937501e-06,1,0.075469970703125,789
0.0732421875,25.27460393618776,7.376098632812501e-06,1,0.07305908203125,790
0.07080078125,25.29901793612612,7.162475585937501e-06,1,0.070587158203125,791
0.068359375,25.32343193606448,6.8817138671875e-06,1,0.06817626953125,792
0.06591796875,25.34784593600284,6.668090820312501e-06,1,0.06573486328125,793
0.0634765625,25.3722599359412,6.393432617187501e-06,1,0.06329345703125,794
0.06103515625,25.396673935879562,6.1737060546875e-06,1,0.060882568359375,795
0.05859375,25.421087935817923,5.9051513671875e-06,1,0.0584716796875,796
0.05615234375,25.445501935756283,5.676269531250001e-06,1,0.05596923828125,797
0.0537109375,25.469915935694644,5.419921875e-06,1,0.0535888671875,798
0.05126953125,25.494329935633004,5.17578125e-06,1,0.05108642578125,799
0.048828125,25.518743935571365,4.932556152343751e-06,1,0.048944091796875006,800
0.04638671875,25.543157935509726,4.67437744140625e-06,1,0.046502685546875006,801
0.0439453125,25.567571935448086,4.4470214843750005e-06,1,0.044070434570312504,802
0.04150390625,25.591985935386447,4.176940917968751e-06,1,0.041629028320312504,803
0.0390625,25.616399935324807,3.95782470703125e-06,1,0.039187622070312504,804
0.03662109375,25.640813935263168,3.6813354492187505e-06,1,0.03674926757812501,805
0.0341796875,25.66522793520153,3.468017578125e-06,1,0.0342987060546875,806
0.03173828125,25.68964193513989,3.1887817382812504e-06,1,0.031884765625000006,807
0.029296875,25.71405593507825,2.9724121093750004e-06,1,0.029443359375000006,808
0.02685546875,25.73846993501661,2.7001953125e-06,1,0.026989746093750003,809
0.0244140625,25.76288393495497,2.4755859375000004e-06,1,0.024563598632812503,810
0.02197265625,25.78729793489333,2.21282958984375e-06,1,0.0221099853515625,811
0.01953125,25.811711934831692,1.97601318359375e-06,1,0.019671630859374997,812
0.01708984375,25.836125934770052,1.7279052734375001e-06,1,0.017236328125000006,813
0.0146484375,25.860539934708413,1.47735595703125e-06,1,0.014807128906249994,814
0.01220703125,25.884953934646774,1.2432861328125002e-06,1,0.012356567382812503,815
0.009765625,25.909367934585134,9.7747802734375e-07,1,0.009909057617187494,816
0.00732421875,25.933781934523495,7.550048828125e-07,1,0.0074920654296875,817
0.0048828125,25.958195934461855,4.812622070312501e-07,1,0.005038452148437497,818
0.00244140625,25.982609934400216,2.6556396484375e-07,1,0.0025787353515625,819
0.0,26.007023934338577,-1.4099121093749946e-08,1,0.00016174316406250555,820
-0.00244140625,26.031437934276937,-2.2741699218749998e-07,1,-0.0022644042968749944,821
-0.0048828125,26.055851934215298,-5.0384521484375e-07,1,-0.0047149658203125,822
-0.00732421875,26.08026593415366,-7.2296142578125e-07,1,-0.007138061523437503,823
-0.009765625,26.10467993409202,-9.9212646484375e-07,1,-0.00958251953125,824
-0.01220703125,26.12909393403038,-1.22039794921875e-06,1,-0.011999511718749994,825
-0.0146484375,26.15350793396874,-1.4773559570312498e-06,1,-0.014453124999999997,826
-0.01708984375,26.1779219339071,-1.719970703125e-06,1,-0.016882324218749994,827
-0.01953125,26.20233593384546,-1.96319580078125e-06,1,-0.019320678710937497,828
-0.02197265625,26.22674993378382,-2.22015380859375e-06,1,-0.021762084960937497,829
-0.0244140625,26.251163933722182,-2.4481201171875e-06,1,-0.024179077148437506,830
-0.02685546875,26.275577933660543,-2.7175903320312497e-06,1,-0.02662963867187501,831
-0.029296875,26.299991933598903,-2.93731689453125e-06,1,-0.02904052734375001,832
-0.03173828125,26.324405933537264,-3.212890625e-06,1,-0.031484985351562494,833
-0.0341796875,26.348819933475625,-3.4259033203125004e-06,1,-0.03398437500000001,834
-0.03662109375,26.373233933413985,-3.7054443359375004e-06,1,-0.036413574218749994,835
-0.0390625,26.397647933352346,-3.9215087890625e-06,1,-0.038858032226562506,836
-0.04150390625,26.422061933290706,-4.1943359375e-06,1,-0.04129333496093751,837
-0.0439453125,26.446475933229067,-4.4174194335937505e-06,1,-0.043740844726562506,838
-0.04638671875,26.470889933167427,-4.6807861328125005e-06,1,-0.046163940429687494,839
-0.048828125,26.495303933105788,-4.91668701171875e-06,1,-0.04858703613281251,840
-0.05126953125,26.51971793304415,-5.1605224609375e-06,1,-0.051025390625,841
-0.0537109375,26.54413193298251,-5.4107666015625e-06,1,-0.053497314453125,842
-0.05615234375,26.56854593292087,-5.645751953125001e-06,1,-0.05596923828125,843
-0.05859375,26.59295993285923,-5.9112548828125e-06,1,-0.058349609375,844
-0.06103515625,26.61737393279759,-6.134033203125e-06,1,-0.060791015625,845
-0.0634765625,26.64178793273595,-6.405639648437501e-06,1,-0.063232421875,846
-0.06591796875,26.666201932674312,-6.622314453125001e-06,1,-0.065673828125,847
-0.068359375,26.690615932612673,-6.903076171875e-06,1,-0.068084716796875,848
-0.07080078125,26.715029932551033,-7.113647460937501e-06,1,-0.070556640625,849
-0.0732421875,26.739443932489394,-7.391357421875001e-06,1,-0.072967529296875,850
-0.07568359375,26.763857932427754,-7.611083984375e-06,1,-0.075408935546875,851
-0.078125,26.788271932366115,-7.879638671875001e-06,1,-0.077850341796875,852
-0.08056640625,26.812685932304476,-8.108520507812501e-06,1,-0.08026123046875,853
-0.0830078125,26.837099932242836,-8.367919921875e-06,1,-0.082733154296875,854
-0.08544921875,26.861513932181197,-8.6090087890625e-06,1,-0.08514404296875,855
-0.087890625,26.885927932119557,-8.8531494140625e-06,1,-0.08758544921875,856
-0.09033203125,26.910341932057918,-9.109497070312501e-06,1,-0.089996337890625,857
-0.0927734375,26.93475593199628,-9.338378906250002e-06,1,-0.092498779296875,858
-0.09521484375,26.95916993193464,-9.60693359375e-06,1,-0.09490966796875,859
-0.09765625,26.983583931873,-9.82666015625e-06,1,-0.097320556640625,860
-0.10009765625,27.00799793181136,-1.0101318359375e-05,1,-0.0997314453125,861
-0.1025390625,27.03241193174972,-1.031494140625e-05,1,-0.10223388671875,862
-0.10498046875,27.05682593168808,-1.0595703125e-05,1,-0.1046142578125,863
-0.107421875,27.081239931626442,-1.08123779296875e-05,1,-0.107147216796875,864
-0.10986328125,27.105653931564802,-1.1083984375e-05,1,-0.109466552734375,865
-0.1123046875,27.130067931503163,-1.1306762695312502e-05,1,-0.1119384765625,866
-0.11474609375,27.154481931441524,-1.1572265625000001e-05,1,-0.114349365234375,867
-0.1171875,27.178895931379884,-1.18072509765625e-05,1,-0.116851806640625,868
-0.11962890625,27.203309931318245,-1.20574951171875e-05,1,-0.1192626953125,869
-0.1220703125,27.227723931256605,-1.2304687500000002e-05,1,-0.121673583984375,870
-0.12451171875,27.252137931194966,-1.2542724609375001e-05,1,-0.124114990234375,871
-0.126953125,27.276551931133326,-1.2805175781250001e-05,1,-0.126556396484375,872
-0.12939453125,27.300965931071687,-1.3027954101562502e-05,1,-0.128997802734375,873
-0.1318359375,27.325379931010048,-1.33026123046875e-05,1,-0.1314697265625,874
-0.13427734375,27.349793930948408,-1.3519287109375002e-05,1,-0.133880615234375,875
-0.13671875,27.37420793088677,-1.3796997070312502e-05,1,-0.136260986328125,876
-0.13916015625,27.39862193082513,-1.4010620117187502e-05,1,-0.13873291015625,877
-0.1416015625,27.42303593076349,-1.42852783203125e-05,1,-0.141143798828125,878
-0.14404296875,27.44744993070185,-1.4505004882812502e-05,1,-0.143585205078125,879
-0.146484375,27.47186393064021,-1.4776611328125e-05,1,-0.14599609375,880
-0.14892578125,27.49627793057857,-1.5002441406250001e-05,1,-0.1484375,881
-0.1513671875,27.520691930516932,-1.52618408203125e-05,1,-0.150848388671875,882
-0.15380859375,27.545105930455293,-1.55029296875e-05,1,-0.1533203125,883
-0.15625,27.569519930393653,-1.57470703125e-05,1,-0.15582275390625,884
-0.15869140625,27.593933930332014,-1.6003417968750003e-05,1,-0.15814208984375,885
-0.1611328125,27.618347930270374,-1.62322998046875e-05,1,-0.160675048828125,886
-0.16357421875,27.642761930208735,-1.6500854492187502e-05,1,-0.163116455078125,887
-0.166015625,27.667175930147096,-1.67205810546875e-05,1,-0.165496826171875,888
-0.16845703125,27.691589930085456,-1.6995239257812502e-05,1,-0.167938232421875,889
-0.1708984375,27.716003930023817,-1.7208862304687502e-05,1,-0.170318603515625,890
-0.17333984375,27.740417929962177,-1.74896240234375e-05,1,-0.172760009765625,891
-0.17578125,27.764831929900538,-1.7703247070312502e-05,1,-0.175262451171875,892
-0.17822265625,27.7892459298389,-1.7977905273437502e-05,1,-0.177642822265625,893
-0.1806640625,27.81365992977726,-1.820068359375e-05,1,-0.1800537109375,894
-0.18310546875,27.83807392971562,-1.8466186523437503e-05,1,-0.18255615234375,895
-0.185546875,27.86248792965398,-1.86981201171875e-05,1,-0.18499755859375,896
-0.18798828125,27.88690192959234,-1.8951416015625e-05,1,-0.187347412109375,897
-0.1904296875,27.9113159295307,-1.9198608398437503e-05,1,-0.18975830078125,898
-0.19287109375,27.935729929469062,-1.94366455078125e-05,1,-0.19219970703125,899
-0.1953125,27.960143929407423,-1.9699096679687502e-05,1,-0.19464111328125,900
-0.19775390625,27.984557929345783,-1.9921875e-05,1,-0.1971435546875,901
-0.2001953125,28.008971929284144,-2.0193481445312502e-05,1,-0.199493408203125,902
-0.20263671875,28.033385929222504,-2.0410156250000002e-05,1,-0.201995849609375,903
-0.205078125,28.057799929160865,-2.069091796875e-05,1,-0.20440673828125,904
-0.20751953125,28.082213929099225,-2.0901489257812502e-05,1,-0.206817626953125,905
-0.2099609375,28.106627929037586,-2.1179199218750002e-05,1,-0.209259033203125,906
-0.21240234375,28.131041928975947,-2.139892578125e-05,1,-0.211669921875,907
-0.21484375,28.155455928914307,-2.1670532226562502e-05,1,-0.214141845703125,908
-0.21728515625,28.179869928852668,-2.18963623046875e-05,1,-0.21661376953125,909
-0.2197265625,28.20428392879103,-2.2155761718750003e-05,1,-0.218994140625,910
-0.22216796875,28.22869792872939,-2.2393798828125e-05,1,-0.221435546875,911
-0.224609375,28.25311192866775,-2.2640991210937504e-05,1,-0.223846435546875,912
-0.22705078125,28.27752592860611,-2.2894287109375003e-05,1,-0.226348876953125,913
-0.2294921875,28.30193992854447,-2.3126220703125e-05,1,-0.228759765625,914
-0.23193359375,28.32635392848283,-2.3394775390625002e-05,1,-0.231201171875,915
-0.234375,28.35076792842119,-2.3614501953125e-05,1,-0.233612060546875,916
-0.23681640625,28.375181928359552,-2.388916015625e-05,1,-0.236053466796875,917
-0.2392578125,28.399595928297913,-2.41058349609375e-05,1,-0.23846435546875,918
-0.24169921875,28.424009928236273,-2.4383544921875e-05,1,-0.240875244140625,919
-0.244140625,28.448423928174634,-2.459716796875e-05,1,-0.243316650390625,920
-0.24658203125,28.472837928112995,-2.4871826171875002e-05,1,-0.2457275390625,921
-0.2490234375,28.497251928051355,-2.50946044921875e-05,1,-0.2481689453125,922
-0.25146484375,28.521665927989716,-2.5360107421875002e-05,1,-0.250640869140625,923
-0.25390625,28.546079927928076,-2.5595092773437503e-05,1,-0.253021240234375,924
-0.25634765625,28.570493927866437,-2.5845336914062503e-05,1,-0.2554931640625,925
-0.2587890625,28.594907927804798,-2.6092529296875003e-05,1,-0.257904052734375,926
-0.26123046875,28.619321927743158,-2.6330566406250004e-05,1,-0.260345458984375,927
-0.263671875,28.64373592768152,-2.6593017578125002e-05,1,-0.262786865234375,928
-0.26611328125,28.66814992761988,-2.68157958984375e-05,1,-0.265228271484375,929
-0.2685546875,28.69256392755824,-2.7087402343750002e-05,1,-0.267608642578125,930
-0.27099609375,28.7169779274966,-2.730712890625e-05,1,-0.27008056640625,931
-0.2734375,28.74139192743496,-2.75848388671875e-05,1,-0.272552490234375,932
-0.27587890625,28.76580592737332,-2.77984619140625e-05,1,-0.27496337890625,933
-0.2783203125,28.790219927311682,-2.8076171875e-05,1,-0.27734375,934
-0.28076171875,28.814633927250043,-2.82928466796875e-05,1,-0.279815673828125,935
-0.283203125,28.839047927188403,-2.8564453125e-05,1,-0.2822265625,936
-0.28564453125,28.863461927126764,-2.8790283203125004e-05,1,-0.28466796875,937
-0.2880859375,28.887875927065124,-2.9049682617187502e-05,1,-0.287109375,938
-0.29052734375,28.912289927003485,-2.9290771484375003e-05,1,-0.289520263671875,939
-0.29296875,28.936703926941846,-2.9537963867187503e-05,1,-0.2919921875,940
-0.29541015625,28.961117926880206,-2.9788208007812502e-05,1,-0.294342041015625,941
-0.2978515625,28.985531926818567,-3.0020141601562504e-05,1,-0.29681396484375,942
-0.30029296875,29.009945926756927,-3.02886962890625e-05,1,-0.299835205078125,943
-0.302734375,29.034359926695288,-3.0511474609375e-05,1,-0.30224609375,944
-0.30517578125,29.05877392663365,-3.0786132812500004e-05,1,-0.304718017578125,945
-0.3076171875,29.08318792657201,-3.10028076171875e-05,1,-0.30718994140625,946
-0.31005859375,29.10760192651037,-3.1280517578125004e-05,1,-0.309539794921875,947
-0.3125,29.13201592644873,-3.14971923828125e-05,1,-0.31201171875,948
-0.31494140625,29.15642992638709,-3.1774902343750004e-05,1,-0.31451416015625,949
-0.3173828125,29.18084392632545,-3.199462890625e-05,1,-0.31695556640625,950
-0.31982421875,29.205257926263812,-3.2260131835937505e-05,1,-0.319427490234375,951
-0.322265625,29.229671926202172,-3.24951171875e-05,1,-0.321807861328125,952
-0.32470703125,29.254085926140533,-3.27484130859375e-05,1,-0.32421875,953
-0.3271484375,29.278499926078894,-3.29925537109375e-05,1,-0.326629638671875,954
-0.32958984375,29.302913926017254,-3.3233642578125e-05,1,-0.329132080078125,955
-0.33203125,29.327327925955615,-3.3493041992187504e-05,1,-0.331573486328125,956
-0.33447265625,29.351741925893975,-3.37188720703125e-05,1,-0.333984375,957
-0.3369140625,29.376155925832336,-3.3990478515625004e-05,1,-0.33648681640625,958
-0.33935546875,29.400569925770696,-3.42071533203125e-05,1,-0.338836669921875,959
-0.341796875,29.424983925709057,-3.4484863281250004e-05,1,-0.34136962890625,960
-0.34423828125,29.449397925647418,-3.4698486328125e-05,1,-0.343719482421875,961
-0.3466796875,29.47381192558578,-3.4976196289062504e-05,1,-0.34619140625,962
-0.34912109375,29.49822592552414,-3.51959228515625e-05,1,-0.3486328125,963
-0.3515625,29.5226399254625,-3.5467529296875004e-05,1,-0.35113525390625,964
-0.35400390625,29.54705392540086,-3.5693359375e-05,1,-0.353485107421875,965
-0.3564453125,29.57146792533922,-3.5952758789062504e-05,1,-0.35595703125,966
-0.35888671875,29.59588192527758,-3.61907958984375e-05,1,-0.358367919921875,967
-0.361328125,29.62029592521594,-3.643798828125e-05,1,-0.360809326171875,968
-0.36376953125,29.644709925154302,-3.6691284179687504e-05,1,-0.363250732421875,969
-0.3662109375,29.669123925092663,-3.69232177734375e-05,1,-0.365692138671875,970
-0.36865234375,29.693537925031023,-3.7188720703125004e-05,1,-0.368133544921875,971
-0.37109375,29.717951924969384,-3.74114990234375e-05,1,-0.37054443359375,972
-0.37353515625,29.742365924907745,-3.76861572265625e-05,1,-0.373016357421875,973
-0.3759765625,29.766779924846105,-3.790283203125e-05,1,-0.37542724609375,974
-0.37841796875,29.791193924784466,-3.81805419921875e-05,1,-0.3779296875,975
-0.380859375,29.815607924722826,-3.83941650390625e-05,1,-0.38037109375,976
-0.38330078125,29.840021924661187,-3.8668823242187504e-05,1,-0.382781982421875,977
-0.3857421875,29.864435924599547,-3.88916015625e-05,1,-0.385284423828125,978
-0.38818359375,29.888849924537908,-3.9157104492187504e-05,1,-0.387664794921875,979
-0.390625,29.91326392447627,-3.93890380859375e-05,1,-0.39013671875,980
-0.39306640625,29.93767792441463,-3.9645385742187504e-05,1,-0.39251708984375,981
-0.3955078125,29.96209192435299,-3.9889526367187505e-05,1,-0.394989013671875,982
-0.39794921875,29.98650592429135,-4.01275634765625e-05,1,-0.397430419921875,983
-0.400390625,30.01091992422971,-4.0390014648437504e-05,1,-0.39984130859375,984
-0.40283203125,30.03533392416807,-4.06158447265625e-05,1,-0.40228271484375,985
-0.4052734375,30.059747924106432,-4.0884399414062503e-05,1,-0.404693603515625,986
-0.40771484375,30.084161924044793,-4.11041259765625e-05,1,-0.407073974609375,987
-0.41015625,30.108575923983153,-4.13818359375e-05,1,-0.40960693359375,988
-0.41259765625,30.132989923921514,-4.1595458984375e-05,1,-0.41204833984375,989
-0.4150390625,30.157403923859874,-4.18731689453125e-05,1,-0.41448974609375,990
-0.41748046875,30.181817923798235,-4.208984375e-05,1,-0.4168701171875,991
-0.419921875,30.206231923736595,-4.2361450195312503e-05,1,-0.41937255859375,992
-0.42236328125,30.230645923674956,-4.25872802734375e-05,1,-0.42181396484375,993
-0.4248046875,30.255059923613317,-4.2849731445312504e-05,1,-0.4241943359375,994
-0.42724609375,30.279473923551677,-4.3087768554687505e-05,1,-0.42669677734375,995
-0.4296875,30.303887923490038,-4.3334960937500005e-05,1,-0.429107666015625,996
-0.43212890625,30.3283019234284,-4.3588256835937504e-05,1,-0.431488037109375,997
-0.4345703125,30.35271592336676,-4.3820190429687505e-05,1,-0.433990478515625,998
-0.43701171875,30.37712992330512,-4.4085693359375e-05,1,-0.4364013671875,999
-0.439453125,30.40154392324348,-4.43084716796875e-05,1,-0.438873291015625,1000
-0.44189453125,30.42595792318184,-4.4580078125e-05,1,-0.4412841796875,1001
-0.4443359375,30.4503719231202,-4.47967529296875e-05,1,-0.443756103515625,1002
-0.44677734375,30.474785923058562,-4.50775146484375e-05,1,-0.4461669921875,1003
-0.44921875,30.499199922996922,-4.52911376953125e-05,1,-0.4486083984375,1004
-0.45166015625,30.523613922935283,-4.55657958984375e-05,1,-0.451080322265625,1005
-0.4541015625,30.548027922873644,-4.57855224609375e-05,1,-0.4534912109375,1006
-0.45654296875,30.572441922812004,-4.60540771484375e-05,1,-0.45587158203125,1007
-0.458984375,30.596855922750365,-4.6282958984375005e-05,1,-0.458343505859375,1008
-0.46142578125,30.621269922688725,-4.6539306640625004e-05,1,-0.46075439453125,1009
-0.4638671875,30.645683922627086,-4.6783447265625004e-05,1,-0.4632568359375,1010
-0.46630859375,30.670097922565446,-4.7024536132812505e-05,1,-0.4656982421875,1011
-0.46875,30.694511922503807,-4.72869873046875e-05,1,-0.468170166015625,1012
-0.47119140625,30.718925922442168,-4.7512817382812505e-05,1,-0.470489501953125,1013
-0.4736328125,30.743339922380528,-4.77813720703125e-05,1,-0.47296142578125,1014
-0.47607421875,30.76775392231889,-4.80010986328125e-05,1,-0.47540283203125,1015
-0.478515625,30.79216792225725,-4.827880859375e-05,1,-0.47784423828125,1016
-0.48095703125,30.81658192219561,-4.84893798828125e-05,1,-0.48028564453125,1017
-0.4833984375,30.84099592213397,-4.876708984375e-05,1,-0.482757568359375,1018
-0.48583984375,30.86540992207233,-4.8986816406250006e-05,1,-0.4852294921875,1019
-0.48828125,30.88982392201069,-4.92584228515625e-05,1,-0.487579345703125,1020
-0.49072265625,30.914237921949052,-4.9484252929687505e-05,1,-0.49005126953125,1021
-0.4931640625,30.938651921887413,-4.97467041015625e-05,1,-0.492462158203125,1022
-0.49560546875,30.963065921825773,-4.9926757812500004e-05,1,-0.494903564453125,1023
-0.498046875,30.987479921764134,-5.0170898437500004e-05,1,-0.497406005859375,1024
-0.50048828125,31.011893921702494,-5.0445556640625e-05,1,-0.499847412109375,1025
-0.5029296875,31.036307921640855,-5.0659179687500004e-05,1,-0.502227783203125,1026
-0.50537109375,31.060721921579216,-5.0933837890625e-05,1,-0.504669189453125,1027
-0.5078125,31.085135921517576,-5.1147460937500005e-05,1,-0.507080078125,1028
-0.51025390625,31.109549921455937,-5.1422119140625e-05,1,-0.509552001953125,1029
-0.5126953125,31.133963921394297,-5.1635742187500005e-05,1,-0.51202392578125,1030
-0.51513671875,31.158377921332658,-5.1940917968750005e-05,1,-0.514404296875,1031
-0.517578125,31.18279192127102,-5.2154541015625e-05,1,-0.516876220703125,1032
-0.52001953125,31.20720592120938,-5.242919921875e-05,1,-0.51934814453125,1033
-0.5224609375,31.23161992114774,-5.2642822265625e-05,1,-0.521759033203125,1034
-0.52490234375,31.2560339210861,-5.291748046875e-05,1,-0.524169921875,1035
-0.52734375,31.28044792102446,-5.3131103515625e-05,1,-0.526641845703125,1036
-0.52978515625,31.30486192096282,-5.340576171875e-05,1,-0.529052734375,1037
-0.5322265625,31.329275920901182,-5.364990234375e-05,1,-0.531463623046875,1038
-0.53466796875,31.353689920839543,-5.389404296875e-05,1,-0.533905029296875,1039
-0.537109375,31.378103920777903,-5.413818359375e-05,1,-0.536376953125,1040
-0.53955078125,31.402517920716264,-5.4351806640625004e-05,1,-0.53875732421875,1041
-0.5419921875,31.426931920654624,-5.462646484375e-05,1,-0.541229248046875,1042
-0.54443359375,31.451345920592985,-5.487060546875e-05,1,-0.543701171875,1043
-0.546875,31.475759920531345,-5.5145263671875005e-05,1,-0.546112060546875,1044
-0.54931640625,31.500173920469706,-5.535888671875e-05,1,-0.548553466796875,1045
-0.5517578125,31.524587920408067,-5.5633544921875005e-05,1,-0.551025390625,1046
-0.55419921875,31.549001920346427,-5.584716796875e-05,1,-0.553497314453125,1047
-0.556640625,31.573415920284788,-5.6121826171875006e-05,1,-0.555877685546875,1048
-0.55908203125,31.59782992022315,-5.633544921875e-05,1,-0.558380126953125,1049
-0.5615234375,31.62224392016151,-5.657958984375e-05,1,-0.56072998046875,1050
-0.56396484375,31.64665792009987,-5.682373046875e-05,1,-0.563140869140625,1051
-0.56640625,31.67107192003823,-5.7098388671875e-05,1,-0.56561279296875,1052
-0.56884765625,31.69548591997659,-5.7342529296875e-05,1,-0.56805419921875,1053
-0.5712890625,31.71989991991495,-5.7556152343750004e-05,1,-0.57049560546875,1054
-0.57373046875,31.74431391985331,-5.7830810546875e-05,1,-0.57293701171875,1055
-0.576171875,31.768727919791672,-5.8044433593750004e-05,1,-0.57537841796875,1056
-0.57861328125,31.793141919730033,-5.8319091796875e-05,1,-0.577850341796875,1057
-0.5810546875,31.817555919668393,-5.8532714843750005e-05,1,-0.58026123046875,1058
-0.58349609375,31.841969919606754,-5.8837890625000005e-05,1,-0.582733154296875,1059
-0.5859375,31.866383919545115,-5.9051513671875e-05,1,-0.585174560546875,1060
-0.58837890625,31.890797919483475,-5.9326171875000005e-05,1,-0.5875244140625,1061
-0.5908203125,31.915211919421836,-5.9539794921875e-05,1,-0.59002685546875,1062
-0.59326171875,31.939625919360196,-5.9814453125000006e-05,1,-0.592437744140625,1063
-0.595703125,31.964039919298557,-6.0028076171875e-05,1,-0.59490966796875,1064
-0.59814453125,31.988453919236917,-6.0302734375000006e-05,1,-0.597320556640625,1065
-0.6005859375,32.01286791917528,-6.0546875e-05,1,-0.59979248046875,1066
-0.60302734375,32.03728191911364,-6.0791015625e-05,1,-0.60223388671875,1067
-0.60546875,32.061695919052,-6.103515625e-05,1,-0.60467529296875,1068
-0.60791015625,32.08610991899036,-6.1279296875e-05,1,-0.6070556640625,1069
-0.6103515625,32.11052391892872,-6.15234375e-05,1,-0.60955810546875,1070
-0.61279296875,32.13493791886708,-6.1767578125e-05,1,-0.611968994140625,1071
-0.615234375,32.15935191880544,-6.2042236328125e-05,1,-0.614410400390625,1072
-0.61767578125,32.1837659187438,-6.2255859375e-05,1,-0.6168212890625,1073
-0.6201171875,32.20817991868216,-6.2530517578125e-05,1,-0.61932373046875,1074
-0.62255859375,32.23259391862052,-6.2744140625e-05,1,-0.6217041015625,1075
-0.625,32.257007918558884,-6.298828125e-05,1,-0.624176025390625,1076
-0.62744140625,32.281421918497244,-6.3232421875e-05,1,-0.626617431640625,1077
-0.6298828125,32.305835918435605,-6.34765625e-05,1,-0.629058837890625,1078
-0.63232421875,32.330249918373966,-6.3720703125e-05,1,-0.631439208984375,1079
-0.634765625,32.354663918312326,-6.396484375e-05,1,-0.633880615234375,1080
-0.63720703125,32.37907791825069,-6.4208984375e-05,1,-0.6363525390625,1081
-0.6396484375,32.40349191818905,-6.4453125e-05,1,-0.6387939453125,1082
-0.64208984375,32.42790591812741,-6.4727783203125e-05,1,-0.641204833984375,1083
-0.64453125,32.45231991806577,-6.494140625e-05,1,-0.643646240234375,1084
-0.64697265625,32.47673391800413,-6.5216064453125e-05,1,-0.646087646484375,1085
-0.6494140625,32.50114791794249,-6.54296875e-05,1,-0.64849853515625,1086
-0.65185546875,32.52556191788085,-6.5704345703125e-05,1,-0.650970458984375,1087
-0.654296875,32.54997591781921,-6.591796875e-05,1,-0.653411865234375,1088
-0.65673828125,32.57438991775757,-6.6192626953125e-05,1,-0.655853271484375,1089
-0.6591796875,32.59880391769593,-6.6436767578125e-05,1,-0.6583251953125,1090
-0.66162109375,32.62321791763429,-6.671142578125e-05,1,-0.6607666015625,1091
-0.6640625,32.64763191757265,-6.6925048828125e-05,1,-0.663177490234375,1092
-0.66650390625,32.672045917511014,-6.719970703125e-05,1,-0.665557861328125,1093
-0.6689453125,32.696459917449374,-6.7413330078125e-05,1,-0.668060302734375,1094
-0.67138671875,32.720873917387735,-6.7657470703125e-05,1,-0.670501708984375,1095
-0.673828125,32.745287917326095,-6.793212890625e-05,1,-0.672943115234375,1096
-0.67626953125,32.769701917264456,-6.8145751953125e-05,1,-0.67535400390625,1097
-0.6787109375,32.79411591720282,-6.842041015625e-05,1,-0.67779541015625,1098
-0.68115234375,32.81852991714118,-6.866455078125e-05,1,-0.68023681640625,1099
-0.68359375,32.84294391707954,-6.8939208984375e-05,1,-0.68267822265625,1100
-0.68603515625,32.8673579170179,-6.9122314453125e-05,1,-0.685089111328125,1101
-0.6884765625,32.89177191695626,-6.9427490234375e-05,1,-0.6875,1102
-0.69091796875,32.91618591689462,-6.964111328125e-05,1,-0.689971923828125,1103
-0.693359375,32.94059991683298,-6.9915771484375e-05,1,-0.692413330078125,1104
-0.69580078125,32.96501391677134,-7.012939453125e-05,1,-0.69482421875,1105
-0.6982421875,32.9894279167097,-7.037353515625e-05,1,-0.697296142578125,1106
-0.70068359375,33.01384191664806,-7.061767578125e-05,1,-0.69970703125,1107
-0.703125,33.03825591658642,-7.086181640625e-05,1,-0.702239990234375,1108
-0.70556640625,33.06266991652478,-7.1136474609375e-05,1,-0.704620361328125,1109
-0.7080078125,33.08708391646314,-7.135009765625e-05,1,-0.70703125,1110
-0.71044921875,33.111497916401504,-7.1624755859375e-05,1,-0.70947265625,1111
-0.712890625,33.135911916339865,-7.183837890625e-05,1,-0.711883544921875,1112
-0.71533203125,33.160325916278225,-7.2113037109375e-05,1,-0.71435546875,1113
-0.7177734375,33.184739916216586,-7.232666015625e-05,1,-0.71673583984375,1114
-0.72021484375,33.209153916154946,-7.26318359375e-05,1,-0.71917724609375,1115
-0.72265625,33.23356791609331,-7.2845458984375e-05,1,-0.721649169921875,1116
-0.72509765625,33.25798191603167,-7.3089599609375e-05,1,-0.724151611328125,1117
-0.7275390625,33.28239591597003,-7.3333740234375e-05,1,-0.726531982421875,1118
-0.72998046875,33.30680991590839,-7.36083984375e-05,1,-0.729034423828125,1119
-0.732421875,33.33122391584675,-7.3822021484375e-05,1,-0.731414794921875,1120
-0.73486328125,33.35563791578511,-7.4066162109375e-05,1,-0.733917236328125,1121
-0.7373046875,33.38005191572347,-7.43408203125e-05,1,-0.73626708984375,1122
-0.73974609375,33.40446591566183,-7.4554443359375e-05,1,-0.73876953125,1123
-0.7421875,33.42887991560019,-7.48291015625e-05,1,-0.74114990234375,1124
-0.74462890625,33.45329391553855,-7.5042724609375e-05,1,-0.74359130859375,1125
-0.7470703125,33.47770791547691,-7.53173828125e-05,1,-0.746124267578125,1126
-0.74951171875,33.50212191541527,-7.55615234375e-05,1,-0.74847412109375,1127
-0.751953125,33.526535915353634,-7.58056640625e-05,1,-0.7513427734375,1128
-0.75439453125,33.550949915291994,-7.6019287109375e-05,1,-0.7537841796875,1129
-0.7568359375,33.575363915230355,-7.632446289062501e-05,1,-0.7562255859375,1130
-0.75927734375,33.599777915168715,-7.65380859375e-05,1,-0.7586669921875,1131
-0.76171875,33.624191915107076,-7.6812744140625e-05,1,-0.7611083984375,1132
-0.76416015625,33.64860591504544,-7.70263671875e-05,1,-0.76385498046875,1133
-0.7666015625,33.6730199149838,-7.7301025390625e-05,1,-0.7659912109375,1134
-0.76904296875,33.69743391492216,-7.75146484375e-05,1,-0.7684326171875,1135
-0.771484375,33.72184791486052,-7.7789306640625e-05,1,-0.77117919921875,1136
-0.77392578125,33.74626191479888,-7.8033447265625e-05,1,-0.77362060546875,1137
-0.7763671875,33.77067591473724,-7.82470703125e-05,1,-0.7763671875,1138
-0.77880859375,33.7950899146756,-7.8521728515625e-05,1,-0.77850341796875,1139
-0.78125,33.81950391461396,-7.87353515625e-05,1,-0.78094482421875,1140
-0.78369140625,33.84391791455232,-7.9010009765625e-05,1,-0.78338623046875,1141
-0.7861328125,33.86833191449068,-7.92236328125e-05,1,-0.78521728515625,1142
-0.78857421875,33.89274591442904,-7.9498291015625e-05,1,-0.7879638671875,1143
-0.791015625,33.9171599143674,-7.97119140625e-05,1,-0.79010009765625,1144
-0.79345703125,33.94157391430576,-7.9986572265625e-05,1,-0.79315185546875,1145
-0.7958984375,33.965987914244124,-8.02001953125e-05,1,-0.79498291015625,1146
-0.79833984375,33.990401914182485,-8.0474853515625e-05,1,-0.7977294921875,1147
-0.80078125,34.014815914120845,-8.0718994140625e-05,1,-0.80047607421875,1148
-0.80322265625,34.039229914059206,-8.0963134765625e-05,1,-0.80230712890625,1149
-0.8056640625,34.063643913997566,-8.1207275390625e-05,1,-0.80474853515625,1150
-0.80810546875,34.08805791393593,-8.1451416015625e-05,1,-0.8074951171875,1151
-0.810546875,34.11247191387429,-8.1695556640625e-05,1,-0.80963134765625,1152
-0.81298828125,34.13688591381265,-8.1939697265625e-05,1,-0.8123779296875,1153
-0.8154296875,34.16129991375101,-8.221435546875e-05,1,-0.8148193359375,1154
-0.81787109375,34.18571391368937,-8.2427978515625e-05,1,-0.8172607421875,1155
-0.8203125,34.21012791362773,-8.270263671875e-05,1,-0.8197021484375,1156
-0.82275390625,34.23454191356609,-8.2916259765625e-05,1,-0.82275390625,1157
-0.8251953125,34.25895591350445,-8.319091796875e-05,1,-0.82427978515625,1158
-0.82763671875,34.28336991344281,-8.3404541015625e-05,1,-0.8270263671875,1159
-0.830078125,34.30778391338117,-8.367919921875e-05,1,-0.8294677734375,1160
-0.83251953125,34.33219791331953,-8.392333984375e-05,1,-0.83221435546875,1161
-0.8349609375,34.35661191325789,-8.416748046875e-05,1,-0.83465576171875,1162
-0.83740234375,34.381025913196254,-8.441162109375e-05,1,-0.83709716796875,1163
-0.83984375,34.405439913134614,-8.465576171875e-05,1,-0.83984375,1164
-0.84228515625,34.429853913072975,-8.489990234375e-05,1,-0.84197998046875,1165
-0.8447265625,34.454267913011336,-8.514404296875e-05,1,-0.8441162109375,1166
-0.84716796875,34.478681912949696,-8.5418701171875e-05,1,-0.8465576171875,1167
-0.849609375,34.50309591288806,-8.563232421875e-05,1,-0.84869384765625,1168
-0.85205078125,34.52750991282642,-8.5906982421875e-05,1,-0.85113525390625,1169
-0.8544921875,34.55192391276478,-8.612060546875e-05,1,-0.8538818359375,1170
-0.85693359375,34.57633791270314,-8.6395263671875e-05,1,-0.85601806640625,1171
-0.859375,34.6007519126415,-8.660888671875e-05,1,-0.8587646484375,1172
-0.86181640625,34.62516591257986,-8.6883544921875e-05,1,-0.86151123046875,1173
-0.8642578125,34.64957991251822,-8.709716796875e-05,1,-0.86334228515625,1174
-0.86669921875,34.67399391245658,-8.7371826171875e-05,1,-0.8660888671875,1175
-0.869140625,34.69840791239494,-8.7615966796875e-05,1,-0.8685302734375,1176
-0.87158203125,34.7228219123333,-8.7860107421875e-05,1,-0.87127685546875,1177
-0.8740234375,34.74723591227166,-8.8104248046875e-05,1,-0.8734130859375,1178
-0.87646484375,34.77164991221002,-8.8348388671875e-05,1,-0.87554931640625,1179
-0.87890625,34.796063912148384,-8.862304687500001e-05,1,-0.87799072265625,1180
-0.88134765625,34.820477912086744,-8.8836669921875e-05,1,-0.88104248046875,1181
-0.8837890625,34.844891912025105,-8.9111328125e-05,1,-0.88287353515625,1182
-0.88623046875,34.869305911963465,-8.9324951171875e-05,1,-0.88592529296875,1183
-0.888671875,34.893719911901826,-8.9599609375e-05,1,-0.88836669921875,1184
-0.89111328125,34.91813391184019,-8.9813232421875e-05,1,-0.8905029296875,1185
-0.8935546875,34.94254791177855,-9.0087890625e-05,1,-0.8929443359375,1186
-0.89599609375,34.96696191171691,-9.0301513671875e-05,1,-0.89569091796875,1187
-0.8984375,34.99137591165527,-9.060668945312501e-05,1,-0.8978271484375,1188
-0.90087890625,35.01578991159363,-9.08203125e-05,1,-0.9002685546875,1189
-0.9033203125,35.04020391153199,-9.1064453125e-05,1,-0.9027099609375,1190
-0.90576171875,35.06461791147035,-9.130859375e-05,1,-0.9051513671875,1191
-0.908203125,35.08903191140871,-9.1552734375e-05,1,-0.9075927734375,1192
-0.91064453125,35.11344591134707,-9.1796875e-05,1,-0.9100341796875,1193
-0.9130859375,35.13785991128543,-9.2041015625e-05,1,-0.91278076171875,1194
-0.91552734375,35.16227391122379,-9.231567382812501e-05,1,-0.91461181640625,1195
-0.91796875,35.18668791116215,-9.2529296875e-05,1,-0.91705322265625,1196
-0.92041015625,35.21110191110051,-9.2803955078125e-05,1,-0.919189453125,1197
-0.9228515625,35.235515911038874,-9.3017578125e-05,1,-0.9222412109375,1198
-0.92529296875,35.259929910977235,-9.3292236328125e-05,1,-0.9246826171875,1199
-0.927734375,35.284343910915595,-9.3505859375e-05,1,-0.9271240234375,1200
-0.93017578125,35.308757910853956,-9.381103515625001e-05,1,-0.92926025390625,1201
-0.9326171875,35.333171910792316,-9.3994140625e-05,1,-0.93170166015625,1202
-0.93505859375,35.35758591073068,-9.4268798828125e-05,1,-0.9344482421875,1203
-0.9375,35.38199991066904,-9.4512939453125e-05,1,-0.9368896484375,1204
-0.93994140625,35.4064139106074,-9.4757080078125e-05,1,-0.9393310546875,1205
-0.9423828125,35.43082791054576,-9.5001220703125e-05,1,-0.94146728515625,1206
-0.94482421875,35.45524191048412,-9.5245361328125e-05,1,-0.94390869140625,1207
-0.947265625,35.47965591042248,-9.552001953125001e-05,1,-0.9466552734375,1208
-0.94970703125,35.50406991036084,-9.5733642578125e-05,1,-0.94879150390625,1209
-0.9521484375,35.5284839102992,-9.600830078125001e-05,1,-0.95184326171875,1210
-0.95458984375,35.55289791023756,-9.6221923828125e-05,1,-0.95367431640625,1211
-0.95703125,35.57731191017592,-9.649658203125001e-05,1,-0.95611572265625,1212
-0.95947265625,35.60172591011428,-9.6710205078125e-05,1,-0.9588623046875,1213
-0.9619140625,35.62613991005264,-9.698486328125e-05,1,-0.960693359375,1214
-0.96435546875,35.650553909991004,-9.722900390625e-05,1,-0.96405029296875,1215
-0.966796875,35.674967909929364,-9.747314453125e-05,1,-0.9661865234375,1216
-0.96923828125,35.699381909867725,-9.771728515625e-05,1,-0.96893310546875,1217
-0.9716796875,35.723795909806086,-9.799194335937501e-05,1,-0.9710693359375,1218
-0.97412109375,35.748209909744446,-9.820556640625e-05,1,-0.9735107421875,1219
-0.9765625,35.77262390968281,-9.848022460937501e-05,1,-0.9759521484375,1220
-0.97900390625,35.79703790962117,-9.872436523437501e-05,1,-0.9783935546875,1221
-0.9814453125,35.82145190955953,-9.893798828125e-05,1,-0.98114013671875,1222
-0.98388671875,35.84586590949789,-9.921264648437501e-05,1,-0.98388671875,1223
-0.986328125,35.87027990943625,-9.942626953125e-05,1,-0.98541259765625,1224
-0.98876953125,35.89469390937461,-9.970092773437501e-05,1,-0.98846435546875,1225
-0.9912109375,35.91910790931297,-9.991455078125e-05,1,-0.989990234375,1226
-0.99365234375,35.94352190925133,-0.00010018920898437501,1,-0.99273681640625,1227
-0.99609375,35.96793590918969,-0.00010043334960937501,1,-0.9954833984375,1228
-0.99853515625,35.99234990912805,-0.00010070800781250001,1,-0.99822998046875,1229
-1.0009765625,36.01676390906641,-0.000100921630859375,1,-1.0003662109375,1230
-0.99853515625,36.04117790900477,-0.00010067749023437501,1,-0.9979248046875,1231
-0.99609375,36.065591908943134,-0.00010043334960937501,1,-0.99517822265625,1232
-0.99365234375,36.090005908881494,-0.00010018920898437501,1,-0.9930419921875,1233
-0.9912109375,36.114419908819855,-9.994506835937501e-05,1,-0.99029541015625,1234
-0.98876953125,36.138833908758215,-9.970092773437501e-05,1,-0.9881591796875,1235
-0.986328125,36.163247908696576,-9.945678710937501e-05,1,-0.98602294921875,1236
-0.98388671875,36.18766190863494,-9.918212890625e-05,1,-0.98358154296875,1237
-0.9814453125,36.2120759085733,-9.896850585937501e-05,1,-0.98052978515625,1238
-0.97900390625,36.23648990851166,-9.869384765625e-05,1,-0.9783935546875,1239
-0.9765625,36.26090390845002,-9.848022460937501e-05,1,-0.97564697265625,1240
-0.97412109375,36.28531790838838,-9.820556640625e-05,1,-0.97320556640625,1241
-0.9716796875,36.30973190832674,-9.799194335937501e-05,1,-0.97076416015625,1242
-0.96923828125,36.3341459082651,-9.771728515625e-05,1,-0.9686279296875,1243
-0.966796875,36.35855990820346,-9.747314453125e-05,1,-0.965576171875,1244
-0.96435546875,36.38297390814182,-9.722900390625e-05,1,-0.96343994140625,1245
-0.9619140625,36.40738790808018,-9.698486328125e-05,1,-0.96160888671875,1246
-0.95947265625,36.43180190801854,-9.674072265625001e-05,1,-0.95947265625,1247
-0.95703125,36.4562159079569,-9.649658203125001e-05,1,-0.9564208984375,1248
-0.95458984375,36.48062990789526,-9.625244140625001e-05,1,-0.9539794921875,1249
-0.9521484375,36.505043907833624,-9.5977783203125e-05,1,-0.950927734375,1250
-0.94970703125,36.529457907771985,-9.576416015625001e-05,1,-0.94970703125,1251
-0.947265625,36.553871907710345,-9.5489501953125e-05,1,-0.94635009765625,1252
-0.94482421875,36.578285907648706,-9.527587890625001e-05,1,-0.94390869140625,1253
-0.9423828125,36.602699907587066,-9.5001220703125e-05,1,-0.9417724609375,1254
-0.93994140625,36.62711390752543,-9.478759765625001e-05,1,-0.9393310546875,1255
-0.9375,36.65152790746379,-9.4482421875e-05,1,-0.93658447265625,1256
-0.93505859375,36.67594190740215,-9.429931640625001e-05,1,-0.93475341796875,1257
-0.9326171875,36.70035590734051,-9.3994140625e-05,1,-0.93231201171875,1258
-0.93017578125,36.72476990727887,-9.3780517578125e-05,1,-0.92926025390625,1259
-0.927734375,36.74918390721723,-9.3536376953125e-05,1,-0.9271240234375,1260
-0.92529296875,36.77359790715559,-9.3292236328125e-05,1,-0.9246826171875,1261
-0.9228515625,36.79801190709395,-9.3048095703125e-05,1,-0.92193603515625,1262
-0.92041015625,36.82242590703231,-9.2803955078125e-05,1,-0.91949462890625,1263
-0.91796875,36.84683990697067,-9.255981445312501e-05,1,-0.9173583984375,1264
-0.91552734375,36.87125390690903,-9.228515625e-05,1,-0.9149169921875,1265
-0.9130859375,36.89566790684739,-9.207153320312501e-05,1,-0.9124755859375,1266
-0.91064453125,36.920081906785754,-9.1796875e-05,1,-0.91033935546875,1267
-0.908203125,36.944495906724114,-9.158325195312501e-05,1,-0.9075927734375,1268
-0.90576171875,36.968909906662475,-9.130859375e-05,1,-0.90484619140625,1269
-0.9033203125,36.993323906600835,-9.109497070312501e-05,1,-0.9027099609375,1270
-0.90087890625,37.017737906539196,-9.08203125e-05,1,-0.89996337890625,1271
-0.8984375,37.04215190647756,-9.0576171875e-05,1,-0.89752197265625,1272
-0.89599609375,37.06656590641592,-9.033203125e-05,1,-0.89569091796875,1273
-0.8935546875,37.09097990635428,-9.0087890625e-05,1,-0.8929443359375,1274
-0.89111328125,37.11539390629264,-8.9813232421875e-05,1,-0.889892578125,1275
-0.888671875,37.139807906231,-8.9599609375e-05,1,-0.8880615234375,1276
-0.88623046875,37.16422190616936,-8.935546875e-05,1,-0.8856201171875,1277
-0.8837890625,37.18863590610772,-8.9080810546875e-05,1,-0.88348388671875,1278
-0.88134765625,37.21304990604608,-8.88671875e-05,1,-0.8807373046875,1279
-0.87890625,37.23746390598444,-8.8592529296875e-05,1,-0.8782958984375,1280
-0.87646484375,37.2618779059228,-8.837890625000001e-05,1,-0.87615966796875,1281
-0.8740234375,37.28629190586116,-8.8104248046875e-05,1,-0.87310791015625,1282
-0.87158203125,37.31070590579952,-8.789062500000001e-05,1,-0.8709716796875,1283
-0.869140625,37.33511990573788,-8.7615966796875e-05,1,-0.8685302734375,1284
-0.86669921875,37.359533905676244,-8.7371826171875e-05,1,-0.86578369140625,1285
-0.8642578125,37.383947905614605,-8.709716796875e-05,1,-0.86334228515625,1286
-0.86181640625,37.408361905552965,-8.6883544921875e-05,1,-0.86090087890625,1287
-0.859375,37.432775905491326,-8.660888671875e-05,1,-0.8587646484375,1288
-0.85693359375,37.457189905429686,-8.6395263671875e-05,1,-0.8563232421875,1289
-0.8544921875,37.48160390536805,-8.6151123046875e-05,1,-0.8538818359375,1290
-0.85205078125,37.50601790530641,-8.5906982421875e-05,1,-0.85113525390625,1291
-0.849609375,37.53043190524477,-8.5662841796875e-05,1,-0.84930419921875,1292
-0.84716796875,37.55484590518313,-8.538818359375e-05,1,-0.845947265625,1293
-0.8447265625,37.57925990512149,-8.5174560546875e-05,1,-0.84442138671875,1294
-0.84228515625,37.60367390505985,-8.489990234375e-05,1,-0.8416748046875,1295
-0.83984375,37.62808790499821,-8.4686279296875e-05,1,-0.83953857421875,1296
-0.83740234375,37.65250190493657,-8.441162109375e-05,1,-0.83648681640625,1297
-0.8349609375,37.67691590487493,-8.419799804687501e-05,1,-0.83404541015625,1298
-0.83251953125,37.70132990481329,-8.392333984375e-05,1,-0.8319091796875,1299
-0.830078125,37.72574390475165,-8.367919921875e-05,1,-0.82977294921875,1300
-0.82763671875,37.75015790469001,-8.343505859375e-05,1,-0.826416015625,1301
-0.8251953125,37.774571904628374,-8.319091796875e-05,1,-0.8245849609375,1302
-0.82275390625,37.798985904566734,-8.294677734375e-05,1,-0.8221435546875,1303
-0.8203125,37.823399904505095,-8.270263671875e-05,1,-0.82000732421875,1304
-0.81787109375,37.847813904443456,-8.245849609375e-05,1,-0.8172607421875,1305
-0.8154296875,37.872227904381816,-8.2183837890625e-05,1,-0.81390380859375,1306
-0.81298828125,37.89664190432018,-8.197021484375e-05,1,-0.81207275390625,1307
-0.810546875,37.92105590425854,-8.1695556640625e-05,1,-0.81024169921875,1308
-0.80810546875,37.9454699041969,-8.148193359375e-05,1,-0.80780029296875,1309
-0.8056640625,37.96988390413526,-8.1207275390625e-05,1,-0.80413818359375,1310
-0.80322265625,37.99429790407362,-8.099365234375e-05,1,-0.8026123046875,1311
-0.80078125,38.01871190401198,-8.0718994140625e-05,1,-0.8001708984375,1312
-0.79833984375,38.04312590395034,-8.0474853515625e-05,1,-0.79742431640625,1313
-0.7958984375,38.0675399038887,-8.02001953125e-05,1,-0.7952880859375,1314
-0.79345703125,38.09195390382706,-7.9986572265625e-05,1,-0.7928466796875,1315
-0.791015625,38.11636790376542,-7.97119140625e-05,1,-0.79071044921875,1316
-0.78857421875,38.14078190370378,-7.9498291015625e-05,1,-0.78826904296875,1317
-0.7861328125,38.16519590364214,-7.9254150390625e-05,1,-0.78521728515625,1318
-0.78369140625,38.189609903580504,-7.89794921875e-05,1,-0.7830810546875,1319
-0.78125,38.214023903518864,-7.8765869140625e-05,1,-0.7806396484375,1320
-0.77880859375,38.238437903457225,-7.84912109375e-05,1,-0.77850341796875,1321
-0.7763671875,38.262851903395585,-7.8277587890625e-05,1,-0.77606201171875,1322
-0.77392578125,38.287265903333946,-7.80029296875e-05,1,-0.77362060546875,1323
-0.771484375,38.31167990327231,-7.7789306640625e-05,1,-0.77117919921875,1324
-0.76904296875,38.33609390321067,-7.75146484375e-05,1,-0.7684326171875,1325
-0.7666015625,38.36050790314903,-7.7301025390625e-05,1,-0.7659912109375,1326
-0.76416015625,38.38492190308739,-7.70263671875e-05,1,-0.7635498046875,1327
-0.76171875,38.40933590302575,-7.6812744140625e-05,1,-0.76141357421875,1328
-0.75927734375,38.43374990296411,-7.65380859375e-05,1,-0.75836181640625,1329
-0.7568359375,38.45816390290247,-7.62939453125e-05,1,-0.7562255859375,1330
-0.75439453125,38.48257790284083,-7.60498046875e-05,1,-0.75439453125,1331
-0.751953125,38.50699190277919,-7.58056640625e-05,1,-0.75164794921875,1332
-0.74951171875,38.53140590271755,-7.55615234375e-05,1,-0.74847412109375,1333
-0.7470703125,38.55581990265591,-7.53173828125e-05,1,-0.746063232421875,1334
-0.74462890625,38.58023390259427,-7.50732421875e-05,1,-0.743682861328125,1335
-0.7421875,38.60464790253263,-7.4798583984375e-05,1,-0.7412109375,1336
-0.73974609375,38.629061902470994,-7.45849609375e-05,1,-0.73870849609375,1337
-0.7373046875,38.653475902409355,-7.4310302734375e-05,1,-0.73626708984375,1338
-0.73486328125,38.677889902347715,-7.40966796875e-05,1,-0.73388671875,1339
-0.732421875,38.702303902286076,-7.3822021484375e-05,1,-0.731475830078125,1340
-0.72998046875,38.726717902224436,-7.36083984375e-05,1,-0.728973388671875,1341
-0.7275390625,38.7511319021628,-7.3333740234375e-05,1,-0.7265625,1342
-0.72509765625,38.77554590210116,-7.3089599609375e-05,1,-0.72412109375,1343
-0.72265625,38.79995990203952,-7.2845458984375e-05,1,-0.721649169921875,1344
-0.72021484375,38.82437390197788,-7.2601318359375e-05,1,-0.71923828125,1345
-0.7177734375,38.84878790191624,-7.2357177734375e-05,1,-0.716796875,1346
-0.71533203125,38.8732019018546,-7.2113037109375e-05,1,-0.714385986328125,1347
-0.712890625,38.89761590179296,-7.1868896484375e-05,1,-0.711883544921875,1348
-0.71044921875,38.92202990173132,-7.159423828125e-05,1,-0.709503173828125,1349
-0.7080078125,38.94644390166968,-7.1380615234375e-05,1,-0.707061767578125,1350
-0.70556640625,38.97085790160804,-7.110595703125e-05,1,-0.704620361328125,1351
-0.703125,38.9952719015464,-7.0892333984375e-05,1,-0.7021484375,1352
-0.70068359375,39.01968590148476,-7.061767578125e-05,1,-0.699737548828125,1353
-0.6982421875,39.044099901423124,-7.0404052734375e-05,1,-0.69732666015625,1354
-0.69580078125,39.068513901361484,-7.012939453125e-05,1,-0.694854736328125,1355
-0.693359375,39.092927901299845,-6.9915771484375e-05,1,-0.69244384765625,1356
-0.69091796875,39.117341901238206,-6.964111328125e-05,1,-0.68994140625,1357
-0.6884765625,39.141755901176566,-6.939697265625e-05,1,-0.687530517578125,1358
-0.68603515625,39.16616990111493,-6.915283203125e-05,1,-0.685089111328125,1359
-0.68359375,39.19058390105329,-6.890869140625e-05,1,-0.682647705078125,1360
-0.68115234375,39.21499790099165,-6.866455078125e-05,1,-0.680206298828125,1361
-0.6787109375,39.23941190093001,-6.842041015625e-05,1,-0.677764892578125,1362
-0.67626953125,39.26382590086837,-6.817626953125e-05,1,-0.675384521484375,1363
-0.673828125,39.28823990080673,-6.7901611328125e-05,1,-0.67291259765625,1364
-0.67138671875,39.31265390074509,-6.768798828125e-05,1,-0.670501708984375,1365
-0.6689453125,39.33706790068345,-6.7413330078125e-05,1,-0.66802978515625,1366
-0.66650390625,39.36148190062181,-6.719970703125e-05,1,-0.665618896484375,1367
-0.6640625,39.38589590056017,-6.6925048828125e-05,1,-0.663238525390625,1368
-0.66162109375,39.41030990049853,-6.671142578125e-05,1,-0.66070556640625,1369
-0.6591796875,39.43472390043689,-6.6436767578125e-05,1,-0.65826416015625,1370
-0.65673828125,39.459137900375254,-6.6192626953125e-05,1,-0.6558837890625,1371
-0.654296875,39.483551900313614,-6.5948486328125e-05,1,-0.65338134765625,1372
-0.65185546875,39.507965900251975,-6.5704345703125e-05,1,-0.6510009765625,1373
-0.6494140625,39.532379900190335,-6.5460205078125e-05,1,-0.648529052734375,1374
-0.64697265625,39.556793900128696,-6.5216064453125e-05,1,-0.646087646484375,1375
-0.64453125,39.58120790006706,-6.4971923828125e-05,1,-0.643646240234375,1376
-0.64208984375,39.60562190000542,-6.4697265625e-05,1,-0.641265869140625,1377
-0.6396484375,39.63003589994378,-6.4483642578125e-05,1,-0.638763427734375,1378
-0.63720703125,39.65444989988214,-6.4208984375e-05,1,-0.636322021484375,1379
-0.634765625,39.6788638998205,-6.3995361328125e-05,1,-0.633941650390625,1380
-0.63232421875,39.70327789975886,-6.3720703125e-05,1,-0.631500244140625,1381
-0.6298828125,39.72769189969722,-6.3507080078125e-05,1,-0.6290283203125,1382
-0.62744140625,39.75210589963558,-6.3232421875e-05,1,-0.6265869140625,1383
-0.625,39.77651989957394,-6.298828125e-05,1,-0.624176025390625,1384
-0.62255859375,39.8009338995123,-6.2744140625e-05,1,-0.6217041015625,1385
-0.6201171875,39.82534789945066,-6.2530517578125e-05,1,-0.6192626953125,1386
-0.61767578125,39.84976189938902,-6.2255859375e-05,1,-0.616851806640625,1387
-0.615234375,39.87417589932738,-6.201171875e-05,1,-0.6143798828125,1388
-0.61279296875,39.898589899265744,-6.1767578125e-05,1,-0.611907958984375,1389
-0.6103515625,39.923003899204105,-6.15234375e-05,1,-0.60955810546875,1390
-0.60791015625,39.947417899142465,-6.1279296875e-05,1,-0.60711669921875,1391
-0.60546875,39.971831899080826,-6.103515625e-05,1,-0.60467529296875,1392
-0.60302734375,39.996245899019186,-6.0791015625e-05,1,-0.60223388671875,1393
-0.6005859375,40.02065989895755,-6.0516357421875e-05,1,-0.59979248046875,1394
-0.59814453125,40.04507389889591,-6.0302734375000006e-05,1,-0.597320556640625,1395
-0.595703125,40.06948789883427,-6.0028076171875e-05,1,-0.594940185546875,1396
-0.59326171875,40.09390189877263,-5.9814453125000006e-05,1,-0.59246826171875,1397
-0.5908203125,40.11831589871099,-5.9539794921875e-05,1,-0.589996337890625,1398
-0.58837890625,40.14272989864935,-5.9326171875000005e-05,1,-0.587554931640625,1399
-0.5859375,40.16714389858771,-5.9051513671875e-05,1,-0.58514404296875,1400
-0.58349609375,40.19155789852607,-5.8807373046875e-05,1,-0.582733154296875,1401
-0.5810546875,40.21597189846443,-5.8563232421875e-05,1,-0.580230712890625,1402
-0.57861328125,40.24038589840279,-5.8319091796875e-05,1,-0.57781982421875,1403
-0.576171875,40.26479989834115,-5.8074951171875e-05,1,-0.575408935546875,1404
-0.57373046875,40.28921389827951,-5.7800292968750004e-05,1,-0.572967529296875,1405
-0.5712890625,40.313627898217874,-5.7586669921875e-05,1,-0.570526123046875,1406
-0.56884765625,40.338041898156234,-5.7312011718750003e-05,1,-0.56805419921875,1407
-0.56640625,40.362455898094595,-5.7098388671875e-05,1,-0.565673828125,1408
-0.56396484375,40.386869898032955,-5.682373046875e-05,1,-0.563262939453125,1409
-0.5615234375,40.411283897971316,-5.6610107421875e-05,1,-0.560760498046875,1410
-0.55908203125,40.43569789790968,-5.633544921875e-05,1,-0.558349609375,1411
-0.556640625,40.46011189784804,-5.6121826171875006e-05,1,-0.555908203125,1412
-0.55419921875,40.4845258977864,-5.584716796875e-05,1,-0.553436279296875,1413
-0.5517578125,40.50893989772476,-5.560302734375e-05,1,-0.55108642578125,1414
-0.54931640625,40.53335389766312,-5.535888671875e-05,1,-0.548583984375,1415
-0.546875,40.55776789760148,-5.511474609375e-05,1,-0.54620361328125,1416
-0.54443359375,40.58218189753984,-5.487060546875e-05,1,-0.543701171875,1417
-0.5419921875,40.6065958974782,-5.462646484375e-05,1,-0.541229248046875,1418
-0.53955078125,40.63100989741656,-5.438232421875e-05,1,-0.538818359375,1419
-0.537109375,40.65542389735492,-5.4107666015625004e-05,1,-0.536376953125,1420
-0.53466796875,40.67983789729328,-5.389404296875e-05,1,-0.53387451171875,1421
-0.5322265625,40.70425189723164,-5.3619384765625004e-05,1,-0.531494140625,1422
-0.52978515625,40.72866589717,-5.340576171875e-05,1,-0.529052734375,1423
-0.52734375,40.753079897108364,-5.3131103515625e-05,1,-0.526611328125,1424
-0.52490234375,40.777493897046725,-5.291748046875e-05,1,-0.524169921875,1425
-0.5224609375,40.801907896985085,-5.2642822265625e-05,1,-0.521728515625,1426
-0.52001953125,40.826321896923446,-5.242919921875e-05,1,-0.51934814453125,1427
-0.517578125,40.850735896861806,-5.2154541015625e-05,1,-0.516876220703125,1428
-0.51513671875,40.87514989680017,-5.1910400390625e-05,1,-0.514434814453125,1429
-0.5126953125,40.89956389673853,-5.1666259765625e-05,1,-0.51202392578125,1430
-0.51025390625,40.92397789667689,-5.1422119140625e-05,1,-0.509613037109375,1431
-0.5078125,40.94839189661525,-5.1177978515625e-05,1,-0.507171630859375,1432
-0.50537109375,40.97280589655361,-5.0933837890625e-05,1,-0.504669189453125,1433
-0.5029296875,40.99721989649197,-5.0689697265625e-05,1,-0.50225830078125,1434
-0.50048828125,41.02163389643033,-5.0415039062500004e-05,1,-0.499786376953125,1435
-0.498046875,41.04604789636869,-5.0201416015625e-05,1,-0.497406005859375,1436
-0.49560546875,41.07046189630705,-4.9957275390625e-05,1,-0.49493408203125,1437
-0.4931640625,41.09487589624541,-4.9755859375e-05,1,-0.492523193359375,1438
-0.49072265625,41.11928989618377,-4.9478149414062506e-05,1,-0.49005126953125,1439
-0.48828125,41.14370389612213,-4.92584228515625e-05,1,-0.487579345703125,1440
-0.48583984375,41.168117896060494,-4.8989868164062505e-05,1,-0.4852294921875,1441
-0.4833984375,41.192531895998854,-4.8760986328125e-05,1,-0.482757568359375,1442
-0.48095703125,41.216945895937215,-4.8501586914062505e-05,1,-0.480316162109375,1443
-0.478515625,41.241359895875576,-4.8263549804687504e-05,1,-0.477874755859375,1444
-0.47607421875,41.265773895813936,-4.8016357421875004e-05,1,-0.47540283203125,1445
-0.4736328125,41.2901878957523,-4.7763061523437505e-05,1,-0.472991943359375,1446
-0.47119140625,41.31460189569066,-4.75311279296875e-05,1,-0.4705810546875,1447
-0.46875,41.33901589562902,-4.7265625000000005e-05,1,-0.468170166015625,1448
-0.46630859375,41.36342989556738,-4.70428466796875e-05,1,-0.465667724609375,1449
-0.4638671875,41.38784389550574,-4.6771240234375006e-05,1,-0.4632568359375,1450
-0.46142578125,41.4122578954441,-4.65545654296875e-05,1,-0.460784912109375,1451
-0.458984375,41.43667189538246,-4.62738037109375e-05,1,-0.4583740234375,1452
-0.45654296875,41.46108589532082,-4.60601806640625e-05,1,-0.455902099609375,1453
-0.4541015625,41.48549989525918,-4.57855224609375e-05,1,-0.45343017578125,1454
-0.45166015625,41.50991389519754,-4.5562744140625e-05,1,-0.451080322265625,1455
-0.44921875,41.5343278951359,-4.5300292968750005e-05,1,-0.4486083984375,1456
-0.44677734375,41.55874189507426,-4.5065307617187504e-05,1,-0.44610595703125,1457
-0.4443359375,41.583155895012624,-4.4812011718750005e-05,1,-0.443695068359375,1458
-0.44189453125,41.607569894950984,-4.4564819335937505e-05,1,-0.4412841796875,1459
-0.439453125,41.631983894889345,-4.4326782226562504e-05,1,-0.43890380859375,1460
-0.43701171875,41.656397894827705,-4.40643310546875e-05,1,-0.43646240234375,1461
-0.4345703125,41.680811894766066,-4.38385009765625e-05,1,-0.433990478515625,1462
-0.43212890625,41.70522589470443,-4.35699462890625e-05,1,-0.43157958984375,1463
-0.4296875,41.72963989464279,-4.33502197265625e-05,1,-0.42913818359375,1464
-0.42724609375,41.75405389458115,-4.3072509765625e-05,1,-0.4266357421875,1465
-0.4248046875,41.77846789451951,-4.285888671875e-05,1,-0.4241943359375,1466
-0.42236328125,41.80288189445787,-4.25811767578125e-05,1,-0.421783447265625,1467
-0.419921875,41.82729589439623,-4.2364501953125e-05,1,-0.4193115234375,1468
-0.41748046875,41.85170989433459,-4.20928955078125e-05,1,-0.416900634765625,1469
-0.4150390625,41.87612389427295,-4.1867065429687504e-05,1,-0.41448974609375,1470
-0.41259765625,41.90053789421131,-4.1607666015625005e-05,1,-0.412017822265625,1471
-0.41015625,41.92495189414967,-4.1366577148437505e-05,1,-0.409576416015625,1472
-0.40771484375,41.94936589408803,-4.1122436523437504e-05,1,-0.407135009765625,1473
-0.4052734375,41.97377989402639,-4.08660888671875e-05,1,-0.40472412109375,1474
-0.40283203125,41.99819389396475,-4.0637207031250004e-05,1,-0.40228271484375,1475
-0.400390625,42.022607893903114,-4.036865234375e-05,1,-0.39990234375,1476
-0.39794921875,42.047021893841475,-4.0145874023437503e-05,1,-0.397430419921875,1477
-0.3955078125,42.071435893779835,-3.9874267578125e-05,1,-0.394989013671875,1478
-0.39306640625,42.095849893718196,-3.96575927734375e-05,1,-0.392486572265625,1479
-0.390625,42.120263893656556,-3.93798828125e-05,1,-0.390045166015625,1480
-0.38818359375,42.14467789359492,-3.91632080078125e-05,1,-0.38763427734375,1481
-0.3857421875,42.16909189353328,-3.88885498046875e-05,1,-0.385162353515625,1482
-0.38330078125,42.19350589347164,-3.8665771484375004e-05,1,-0.382781982421875,1483
-0.380859375,42.21791989341,-3.84033203125e-05,1,-0.38031005859375,1484
-0.37841796875,42.24233389334836,-3.8168334960937504e-05,1,-0.3779296875,1485
-0.3759765625,42.26674789328672,-3.79150390625e-05,1,-0.375457763671875,1486
-0.37353515625,42.29116189322508,-3.76678466796875e-05,1,-0.37298583984375,1487
-0.37109375,42.31557589316344,-3.7429809570312504e-05,1,-0.37054443359375,1488
-0.36865234375,42.3399898931018,-3.71673583984375e-05,1,-0.3681640625,1489
-0.3662109375,42.36440389304016,-3.6941528320312504e-05,1,-0.365753173828125,1490
-0.36376953125,42.38881789297852,-3.66729736328125e-05,1,-0.363250732421875,1491
-0.361328125,42.41323189291688,-3.6453247070312504e-05,1,-0.36083984375,1492
-0.35888671875,42.437645892855244,-3.6175537109375e-05,1,-0.35833740234375,1493
-0.3564453125,42.462059892793604,-3.5961914062500003e-05,1,-0.355987548828125,1494
-0.35400390625,42.486473892731965,-3.5687255859375e-05,1,-0.353515625,1495
-0.3515625,42.510887892670326,-3.5467529296875004e-05,1,-0.351043701171875,1496
-0.34912109375,42.535301892608686,-3.5198974609375e-05,1,-0.3486328125,1497
-0.3466796875,42.55971589254705,-3.4970092773437504e-05,1,-0.346160888671875,1498
-0.34423828125,42.58412989248541,-3.4710693359375e-05,1,-0.34381103515625,1499
-0.341796875,42.60854389242377,-3.44696044921875e-05,1,-0.341339111328125,1500
-0.33935546875,42.63295789236213,-3.4225463867187505e-05,1,-0.3388671875,1501
-0.3369140625,42.65737189230049,-3.39691162109375e-05,1,-0.33642578125,1502
-0.33447265625,42.68178589223885,-3.3737182617187505e-05,1,-0.33404541015625,1503
-0.33203125,42.70619989217721,-3.34747314453125e-05,1,-0.331573486328125,1504
-0.32958984375,42.73061389211557,-3.3251953125000004e-05,1,-0.329132080078125,1505
-0.3271484375,42.75502789205393,-3.2977294921875e-05,1,-0.32672119140625,1506
-0.32470703125,42.77944189199229,-3.2763671875e-05,1,-0.324249267578125,1507
-0.322265625,42.80385589193065,-3.24859619140625e-05,1,-0.321807861328125,1508
-0.31982421875,42.82826989186901,-3.2269287109375004e-05,1,-0.31939697265625,1509
-0.3173828125,42.852683891807374,-3.199462890625e-05,1,-0.316925048828125,1510
-0.31494140625,42.877097891745734,-3.1771850585937504e-05,1,-0.314483642578125,1511
-0.3125,42.901511891684095,-3.15032958984375e-05,1,-0.312042236328125,1512
-0.31005859375,42.925925891622455,-3.12713623046875e-05,1,-0.309539794921875,1513
-0.3076171875,42.950339891560816,-3.101806640625e-05,1,-0.30718994140625,1514
-0.30517578125,42.97475389149918,-3.07708740234375e-05,1,-0.3046875,1515
-0.302734375,42.99916789143754,-3.05328369140625e-05,1,-0.302276611328125,1516
-0.30029296875,43.0235818913759,-3.02703857421875e-05,1,-0.299835205078125,1517
-0.2978515625,43.04799589131426,-3.00445556640625e-05,1,-0.29736328125,1518
-0.29541015625,43.07240989125262,-2.977294921875e-05,1,-0.294952392578125,1519
-0.29296875,43.09682389119098,-2.95562744140625e-05,1,-0.292510986328125,1520
-0.29052734375,43.12123789112934,-2.9278564453125e-05,1,-0.29010009765625,1521
-0.2880859375,43.1456518910677,-2.906494140625e-05,1,-0.287628173828125,1522
-0.28564453125,43.17006589100606,-2.87872314453125e-05,1,-0.285186767578125,1523
-0.283203125,43.19447989094442,-2.8570556640625e-05,1,-0.282745361328125,1524
-0.28076171875,43.21889389088278,-2.82989501953125e-05,1,-0.280364990234375,1525
-0.2783203125,43.24330789082114,-2.80731201171875e-05,1,-0.27789306640625,1526
-0.27587890625,43.2677218907595,-2.7813720703125003e-05,1,-0.2755126953125,1527
-0.2734375,43.292135890697864,-2.7572631835937502e-05,1,-0.273040771484375,1528
-0.27099609375,43.316549890636225,-2.7325439453125003e-05,1,-0.27056884765625,1529
-0.2685546875,43.340963890574585,-2.70721435546875e-05,1,-0.268096923828125,1530
-0.26611328125,43.365377890512946,-2.6840209960937502e-05,1,-0.26568603515625,1531
-0.263671875,43.389791890451306,-2.657470703125e-05,1,-0.26324462890625,1532
-0.26123046875,43.41420589038967,-2.63519287109375e-05,1,-0.260772705078125,1533
-0.2587890625,43.43861989032803,-2.60772705078125e-05,1,-0.258392333984375,1534
-0.25634765625,43.46303389026639,-2.5860595703125e-05,1,-0.2559814453125,1535
-0.25390625,43.48744789020475,-2.55859375e-05,1,-0.253509521484375,1536
-0.25146484375,43.51186189014311,-2.53692626953125e-05,1,-0.251007080078125,1537
-0.2490234375,43.53627589008147,-2.50946044921875e-05,1,-0.248687744140625,1538
-0.24658203125,43.56068989001983,-2.4871826171875002e-05,1,-0.246185302734375,1539
-0.244140625,43.58510388995819,-2.46063232421875e-05,1,-0.24371337890625,1540
-0.24169921875,43.60951788989655,-2.4374389648437502e-05,1,-0.241363525390625,1541
-0.2392578125,43.63393188983491,-2.412109375e-05,1,-0.238861083984375,1542
-0.23681640625,43.65834588977327,-2.38739013671875e-05,1,-0.236480712890625,1543
-0.234375,43.68275988971163,-2.3635864257812502e-05,1,-0.2340087890625,1544
-0.23193359375,43.707173889649994,-2.33734130859375e-05,1,-0.231536865234375,1545
-0.2294921875,43.731587889588354,-2.3147583007812502e-05,1,-0.229095458984375,1546
-0.22705078125,43.756001889526715,-2.28759765625e-05,1,-0.226654052734375,1547
-0.224609375,43.780415889465075,-2.26593017578125e-05,1,-0.224212646484375,1548
-0.22216796875,43.804829889403436,-2.2381591796875e-05,1,-0.221710205078125,1549
-0.2197265625,43.8292438893418,-2.216796875e-05,1,-0.219390869140625,1550
-0.21728515625,43.85365788928016,-2.18902587890625e-05,1,-0.216888427734375,1551
-0.21484375,43.87807188921852,-2.1673583984375e-05,1,-0.2144775390625,1552
-0.21240234375,43.90248588915688,-2.14019775390625e-05,1,-0.2120361328125,1553
-0.2099609375,43.92689988909524,-2.1173095703125003e-05,1,-0.2095947265625,1554
-0.20751953125,43.9513138890336,-2.0916748046875e-05,1,-0.207122802734375,1555
-0.205078125,43.97572788897196,-2.06756591796875e-05,1,-0.2047119140625,1556
-0.20263671875,44.00014188891032,-2.0428466796875e-05,1,-0.202301025390625,1557
-0.2001953125,44.02455588884868,-2.01751708984375e-05,1,-0.199859619140625,1558
-0.19775390625,44.04896988878704,-1.9943237304687502e-05,1,-0.19744873046875,1559
-0.1953125,44.0733838887254,-1.9677734375e-05,1,-0.194976806640625,1560
-0.19287109375,44.09779788866376,-1.9454956054687502e-05,1,-0.192535400390625,1561
-0.1904296875,44.12221188860212,-1.9180297851562502e-05,1,-0.1900634765625,1562
-0.18798828125,44.146625888540484,-1.89666748046875e-05,1,-0.18768310546875,1563
-0.185546875,44.171039888478845,-1.868896484375e-05,1,-0.18524169921875,1564
-0.18310546875,44.195453888417205,-1.8472290039062502e-05,1,-0.18280029296875,1565
-0.1806640625,44.219867888355566,-1.81976318359375e-05,1,-0.18035888671875,1566
-0.17822265625,44.244281888293926,-1.7974853515625002e-05,1,-0.17791748046875,1567
-0.17578125,44.26869588823229,-1.771240234375e-05,1,-0.17547607421875,1568
-0.17333984375,44.29310988817065,-1.74774169921875e-05,1,-0.173004150390625,1569
-0.1708984375,44.31752388810901,-1.722412109375e-05,1,-0.170623779296875,1570
-0.16845703125,44.34193788804737,-1.697998046875e-05,1,-0.16815185546875,1571
-0.166015625,44.36635188798573,-1.6741943359375e-05,1,-0.165740966796875,1572
-0.16357421875,44.39076588792409,-1.64794921875e-05,1,-0.163299560546875,1573
-0.1611328125,44.41517988786245,-1.6253662109375002e-05,1,-0.160858154296875,1574
-0.15869140625,44.43959388780081,-1.59820556640625e-05,1,-0.15838623046875,1575
-0.15625,44.46400788773917,-1.5765380859375002e-05,1,-0.155975341796875,1576
-0.15380859375,44.48842188767753,-1.5487670898437502e-05,1,-0.15350341796875,1577
-0.1513671875,44.51283588761589,-1.5274047851562502e-05,1,-0.151123046875,1578
-0.14892578125,44.53724988755425,-1.4996337890625e-05,1,-0.14862060546875,1579
-0.146484375,44.561663887492614,-1.4776611328125e-05,1,-0.146240234375,1580
-0.14404296875,44.586077887430974,-1.4508056640625001e-05,1,-0.14373779296875,1581
-0.1416015625,44.610491887369335,-1.4279174804687501e-05,1,-0.14129638671875,1582
-0.13916015625,44.634905887307696,-1.4019775390625001e-05,1,-0.138946533203125,1583
-0.13671875,44.659319887246056,-1.378173828125e-05,1,-0.136444091796875,1584
-0.13427734375,44.68373388718442,-1.35345458984375e-05,1,-0.134033203125,1585
-0.1318359375,44.70814788712278,-1.3281250000000001e-05,1,-0.131622314453125,1586
-0.12939453125,44.73256188706114,-1.3049316406250001e-05,1,-0.129150390625,1587
-0.126953125,44.7569758869995,-1.27838134765625e-05,1,-0.126678466796875,1588
-0.12451171875,44.78138988693786,-1.256103515625e-05,1,-0.124237060546875,1589
-0.1220703125,44.80580388687622,-1.2286376953125e-05,1,-0.12188720703125,1590
-0.11962890625,44.83021788681458,-1.207275390625e-05,1,-0.119384765625,1591
-0.1171875,44.85463188675294,-1.17950439453125e-05,1,-0.116973876953125,1592
-0.11474609375,44.8790458866913,-1.1578369140625e-05,1,-0.114501953125,1593
-0.1123046875,44.90345988662966,-1.13037109375e-05,1,-0.112091064453125,1594
-0.10986328125,44.92787388656802,-1.1080932617187501e-05,1,-0.10968017578125,1595
-0.107421875,44.95228788650638,-1.0818481445312501e-05,1,-0.107177734375,1596
-0.10498046875,44.976701886444744,-1.058349609375e-05,1,-0.10479736328125,1597
-0.1025390625,45.001115886383104,-1.03302001953125e-05,1,-0.102325439453125,1598
-0.10009765625,45.025529886321465,-1.00830078125e-05,1,-0.09991455078125,1599
-0.09765625,45.049943886259825,-9.844970703125e-06,1,-0.097412109375,1600
-0.09521484375,45.074357886198186,-9.58251953125e-06,1,-0.095001220703125,1601
-0.0927734375,45.09877188613655,-9.356689453125001e-06,1,-0.092620849609375,1602
-0.09033203125,45.12318588607491,-9.088134765625e-06,1,-0.090179443359375,1603
-0.087890625,45.14759988601327,-8.868408203125e-06,1,-0.08770751953125,1604
-0.08544921875,45.17201388595163,-8.59375e-06,1,-0.08514404296875,1605
-0.0830078125,45.19642788588999,-8.380126953125e-06,1,-0.0826416015625,1606
-0.08056640625,45.22084188582835,-8.1024169921875e-06,1,-0.08026123046875,1607
-0.078125,45.24525588576671,-7.882690429687501e-06,1,-0.077911376953125,1608
-0.07568359375,45.26966988570507,-7.614135742187501e-06,1,-0.075439453125,1609
-0.0732421875,45.29408388564343,-7.385253906250001e-06,1,-0.072998046875,1610
-0.07080078125,45.31849788558179,-7.1258544921875e-06,1,-0.070556640625,1611
-0.068359375,45.34291188552015,-6.8878173828125e-06,1,-0.068084716796875,1612
-0.06591796875,45.36732588545851,-6.6406250000000005e-06,1,-0.065704345703125,1613
-0.0634765625,45.39173988539687,-6.3873291015625e-06,1,-0.063201904296875,1614
-0.06103515625,45.416153885335234,-6.1553955078125006e-06,1,-0.060760498046875,1615
-0.05859375,45.440567885273595,-5.889892578125e-06,1,-0.058349609375,1616
-0.05615234375,45.464981885211955,-5.6671142578125e-06,1,-0.055999755859375,1617
-0.0537109375,45.489395885150316,-5.3955078125e-06,1,-0.053466796875,1618
-0.05126953125,45.513809885088676,-5.1788330078125005e-06,1,-0.05108642578125,1619
-0.048828125,45.53822388502704,-4.904479980468751e-06,1,-0.04861755371093751,1620
-0.04638671875,45.5626378849654,-4.688720703125e-06,1,-0.046166992187500006,1621
-0.0439453125,45.58705188490376,-4.414978027343751e-06,1,-0.043725585937500006,1622
-0.04150390625,45.61146588484212,-4.19281005859375e-06,1,-0.041290283203125,1623
-0.0390625,45.63587988478048,-3.92822265625e-06,1,-0.03886108398437499,1624
-0.03662109375,45.66029388471884,-3.6944580078125005e-06,1,-0.036413574218749994,1625
-0.0341796875,45.6847078846572,-3.4411621093750004e-06,1,-0.033966064453125,1626
-0.03173828125,45.70912188459556,-3.1954956054687503e-06,1,-0.03153686523437499,1627
-0.029296875,45.73353588453392,-2.9562377929687504e-06,1,-0.029089355468749994,1628
-0.02685546875,45.75794988447228,-2.6959228515625e-06,1,-0.02666015625000001,1629
-0.0244140625,45.78236388441064,-2.4691772460937503e-06,1,-0.024221801757812494,1630
-0.02197265625,45.806777884349,-2.1994018554687503e-06,1,-0.02178955078125,1631
-0.01953125,45.831191884287364,-1.9808959960937503e-06,1,-0.019351196289062497,1632
-0.01708984375,45.855605884225724,-1.7037963867187501e-06,1,-0.016909790039062497,1633
-0.0146484375,45.880019884164085,-1.4892578125e-06,1,-0.0144805908203125,1634
-0.01220703125,45.904433884102446,-1.2127685546875001e-06,1,-0.012030029296874994,1635
-0.009765625,45.928847884040806,-9.948730468750001e-07,1,-0.009609985351562503,1636
-0.00732421875,45.95326188397917,-7.244873046875e-07,1,-0.007144165039062497,1637
-0.0048828125,45.97767588391753,-4.9774169921875e-07,1,-0.0047149658203125,1638
-0.00244140625,46.00208988385589,-2.3858642578125006e-07,1,-0.002288818359375,1639
0.0,46.02650388379425,2.441406250000555e-10,1,0.00015563964843749722,1640
