SetpointApplied,CalcTime,EI_0.CalcCurrent,ScanNumber,EI_0.CalcPotential,Index
0.00244140625,5.992894984869395,1.08184814453125e-07,1,0.0010345458984375028,1
0.0048828125,5.997777984857066,2.50213623046875e-07,1,0.0025817871093749972,2
0.00732421875,6.002660984844738,6.21795654296875e-07,1,0.005825805664062503,3
0.009765625,6.0075439848324095,1.11175537109375e-06,1,0.010470581054687497,4
0.01220703125,6.012426984820081,1.5557861328125e-06,1,0.013943481445312503,5
0.0146484375,6.017309984807753,1.4996337890624999e-06,1,0.014270019531249997,6
0.01708984375,6.022192984795424,1.65557861328125e-06,1,0.016741943359374997,7
0.01953125,6.027075984783096,1.9842529296875e-06,1,0.019113159179687506,8
0.02197265625,6.0319589847707675,2.35321044921875e-06,1,0.022189331054687497,9
0.0244140625,6.036841984758439,2.45391845703125e-06,1,0.02541198730468751,10
0.02685546875,6.041724984746111,2.3626708984375e-06,1,0.0359344482421875,11
0.029296875,6.046607984733782,3.11492919921875e-06,1,0.027880859374999997,12
0.03173828125,6.051490984721454,3.570556640625e-06,1,0.031549072265625006,13
0.0341796875,6.056373984709126,3.612060546875e-06,1,0.0380828857421875,14
0.03662109375,6.061256984696797,4.0496826171875e-06,1,0.0392120361328125,15
0.0390625,6.066139984684469,3.7109375000000004e-06,1,0.042672729492187506,16
0.04150390625,6.07102298467214,4.163513183593751e-06,1,0.0458984375,17
0.0439453125,6.075905984659812,4.431152343750001e-06,1,0.045214843750000004,18
0.04638671875,6.080788984647484,4.7027587890625004e-06,1,0.046701049804687506,19
0.048828125,6.085671984635155,4.937744140625e-06,1,0.04847412109375,20
0.05126953125,6.090554984622827,5.215454101562501e-06,1,0.055023193359375,21
0.0537109375,6.0954379846104985,5.5572509765625e-06,1,0.053009033203125,22
0.05615234375,6.10032098459817,5.545043945312501e-06,1,0.061859130859375,23
0.05859375,6.105203984585842,5.9417724609375e-06,1,0.057586669921875,24
0.06103515625,6.110086984573513,6.130981445312501e-06,1,0.05670166015625,25
0.0634765625,6.114969984561185,6.18896484375e-06,1,0.064788818359375,26
0.06591796875,6.1198529845488565,6.762695312500001e-06,1,0.06390380859375,27
0.068359375,6.124735984536528,6.866455078125e-06,1,0.073822021484375,28
0.07080078125,6.1296189845242,7.174682617187501e-06,1,0.071319580078125,29
0.0732421875,6.134501984511871,7.321166992187501e-06,1,0.072845458984375,30
0.07568359375,6.139384984499543,7.720947265625e-06,1,0.074188232421875,31
0.078125,6.144267984487215,7.855224609375e-06,1,0.077117919921875,32
0.08056640625,6.149150984474886,7.971191406250001e-06,1,0.07696533203125,33
0.0830078125,6.154033984462558,8.355712890625001e-06,1,0.0791015625,34
0.08544921875,6.158916984450229,8.69140625e-06,1,0.081787109375,35
0.087890625,6.163799984437901,8.850097656250001e-06,1,0.087860107421875,36
0.09033203125,6.168682984425573,9.170532226562501e-06,1,0.0869140625,37
0.0927734375,6.173565984413244,9.3963623046875e-06,1,0.0927734375,38
0.09521484375,6.178448984400916,9.616088867187501e-06,1,0.0892333984375,39
0.09765625,6.183331984388587,9.753417968750002e-06,1,0.102142333984375,40
0.10009765625,6.188214984376259,1.007080078125e-05,1,0.096038818359375,41
0.1025390625,6.193097984363931,1.0479736328125001e-05,1,0.09893798828125,42
0.10498046875,6.197980984351602,1.0507202148437502e-05,1,0.097930908203125,43
0.107421875,6.202863984339274,1.0769653320312501e-05,1,0.107452392578125,44
0.10986328125,6.2077469843269455,1.1181640625e-05,1,0.120452880859375,45
0.1123046875,6.212629984314617,1.1230468750000002e-05,1,0.110382080078125,46
0.11474609375,6.217512984302289,1.15478515625e-05,1,0.113067626953125,47
0.1171875,6.22239598428996,1.1874389648437502e-05,1,0.117645263671875,48
0.11962890625,6.227278984277632,1.21612548828125e-05,1,0.11590576171875,49
0.1220703125,6.2321619842653035,1.2280273437500001e-05,1,0.119598388671875,50
0.12451171875,6.237044984252975,1.2612915039062502e-05,1,0.127838134765625,51
0.126953125,6.241927984240647,1.2841796875e-05,1,0.1270751953125,52
0.12939453125,6.246810984228318,1.3061523437500001e-05,1,0.1209716796875,53
0.1318359375,6.25169398421599,1.3290405273437502e-05,1,0.130859375,54
0.13427734375,6.256576984203662,1.3476562500000001e-05,1,0.13287353515625,55
0.13671875,6.261459984191333,1.3769531250000001e-05,1,0.140655517578125,56
0.13916015625,6.266342984179005,1.4120483398437502e-05,1,0.137176513671875,57
0.1416015625,6.271225984166676,1.4373779296875001e-05,1,0.1412353515625,58
0.14404296875,6.276108984154348,1.4501953125e-05,1,0.146453857421875,59
0.146484375,6.28099198414202,1.4767456054687502e-05,1,0.15277099609375,60
0.14892578125,6.285874984129691,1.50543212890625e-05,1,0.1385498046875,61
0.1513671875,6.290757984117363,1.53076171875e-05,1,0.1533203125,62
0.15380859375,6.2956409841050345,1.549072265625e-05,1,0.153106689453125,63
0.15625,6.300523984092706,1.5634155273437503e-05,1,0.152099609375,64
0.15869140625,6.305406984080378,1.5899658203125e-05,1,0.15380859375,65
0.1611328125,6.310289984068049,1.62689208984375e-05,1,0.159698486328125,66
0.16357421875,6.315172984055721,1.63970947265625e-05,1,0.167449951171875,67
0.166015625,6.3200559840433925,1.67327880859375e-05,1,0.16162109375,68
0.16845703125,6.324938984031064,1.7010498046875e-05,1,0.16796875,69
0.1708984375,6.329821984018736,1.7218017578125e-05,1,0.170379638671875,70
0.17333984375,6.334704984006407,1.74713134765625e-05,1,0.1728515625,71
0.17578125,6.339587983994079,1.77459716796875e-05,1,0.17523193359375,72
0.17822265625,6.344470983981751,1.7974853515625002e-05,1,0.177703857421875,73
0.1806640625,6.349353983969422,1.820068359375e-05,1,0.180145263671875,74
0.18310546875,6.354236983957094,1.8475341796875e-05,1,0.18255615234375,75
0.185546875,6.359119983944765,1.8731689453125e-05,1,0.184967041015625,76
0.18798828125,6.364002983932437,1.89453125e-05,1,0.187469482421875,77
0.1904296875,6.368885983920109,1.9204711914062502e-05,1,0.18988037109375,78
0.19287109375,6.37376898390778,1.947021484375e-05,1,0.1923828125,79
0.1953125,6.378651983895452,1.9692993164062503e-05,1,0.194732666015625,80
0.19775390625,6.3835349838831235,1.9927978515625e-05,1,0.197174072265625,81
0.2001953125,6.388417983870795,2.0208740234375e-05,1,0.19964599609375,82
0.20263671875,6.393300983858467,2.04437255859375e-05,1,0.202056884765625,83
0.205078125,6.398183983846138,2.066650390625e-05,1,0.20452880859375,84
0.20751953125,6.40306698383381,2.0928955078125002e-05,1,0.206878662109375,85
0.2099609375,6.4079499838214815,2.1197509765625003e-05,1,0.2093505859375,86
0.21240234375,6.412832983809153,2.14080810546875e-05,1,0.2117919921875,87
0.21484375,6.417715983796825,2.16522216796875e-05,1,0.214202880859375,88
0.21728515625,6.422598983784496,2.19268798828125e-05,1,0.21661376953125,89
0.2197265625,6.427481983772168,2.2161865234375002e-05,1,0.219024658203125,90
0.22216796875,6.43236498375984,2.23876953125e-05,1,0.221527099609375,91
0.224609375,6.437247983747511,2.2656250000000002e-05,1,0.22393798828125,92
0.22705078125,6.442130983735183,2.29156494140625e-05,1,0.22637939453125,93
0.2294921875,6.447013983722854,2.31292724609375e-05,1,0.228759765625,94
0.23193359375,6.451896983710526,2.3388671875000002e-05,1,0.231231689453125,95
0.234375,6.456779983698198,2.36541748046875e-05,1,0.233642578125,96
0.23681640625,6.461662983685869,2.3883056640625002e-05,1,0.236114501953125,97
0.2392578125,6.466545983673541,2.41119384765625e-05,1,0.238555908203125,98
0.24169921875,6.471428983661212,2.4395751953125003e-05,1,0.240936279296875,99
0.244140625,6.476311983648884,2.46368408203125e-05,1,0.243377685546875,100
0.24658203125,6.481194983636556,2.4856567382812503e-05,1,0.245819091796875,101
0.2490234375,6.486077983624227,2.5115966796875002e-05,1,0.24822998046875,102
0.25146484375,6.490960983611899,2.5387573242187503e-05,1,0.250701904296875,103
0.25390625,6.4958439835995705,2.5601196289062503e-05,1,0.25311279296875,104
0.25634765625,6.500726983587242,2.5839233398437504e-05,1,0.255523681640625,105
0.2587890625,6.505609983574914,2.6116943359375004e-05,1,0.257965087890625,106
0.26123046875,6.510492983562585,2.635498046875e-05,1,0.26043701171875,107
0.263671875,6.515375983550257,2.657470703125e-05,1,0.26287841796875,108
0.26611328125,6.5202589835379285,2.684326171875e-05,1,0.2652587890625,109
0.2685546875,6.5251419835256,2.7102661132812503e-05,1,0.267730712890625,110
0.27099609375,6.530024983513272,2.7313232421875e-05,1,0.2701416015625,111
0.2734375,6.534907983500943,2.7572631835937502e-05,1,0.272552490234375,112
0.27587890625,6.539790983488615,2.7844238281250003e-05,1,0.274993896484375,113
0.2783203125,6.544673983476287,2.80731201171875e-05,1,0.2774658203125,114
0.28076171875,6.549556983463958,2.82958984375e-05,1,0.279876708984375,115
0.283203125,6.55443998345163,2.8576660156250004e-05,1,0.28228759765625,116
0.28564453125,6.559322983439301,2.8826904296875003e-05,1,0.284698486328125,117
0.2880859375,6.564205983426973,2.9043579101562503e-05,1,0.287139892578125,118
0.29052734375,6.569088983414645,2.9299926757812502e-05,1,0.289581298828125,119
0.29296875,6.573971983402316,2.9568481445312503e-05,1,0.2919921875,120
0.29541015625,6.578854983389988,2.9791259765625002e-05,1,0.29443359375,121
0.2978515625,6.5837379833776595,3.0026245117187503e-05,1,0.296905517578125,122
0.30029296875,6.588620983365331,3.0322265625e-05,1,0.29986572265625,123
0.302734375,6.593503983353003,3.05572509765625e-05,1,0.302398681640625,124
0.30517578125,6.598386983340674,3.0780029296875e-05,1,0.30487060546875,125
0.3076171875,6.603269983328346,3.104248046875e-05,1,0.30731201171875,126
0.31005859375,6.6081529833160175,3.131103515625e-05,1,0.309722900390625,127
0.3125,6.613035983303689,3.1521606445312505e-05,1,0.31219482421875,128
0.31494140625,6.617918983291361,3.1771850585937504e-05,1,0.314605712890625,129
0.3173828125,6.622801983279032,3.20465087890625e-05,1,0.317108154296875,130
0.31982421875,6.627684983266704,3.2281494140625e-05,1,0.31951904296875,131
0.322265625,6.632567983254376,3.2501220703125e-05,1,0.32196044921875,132
0.32470703125,6.637450983242047,3.27789306640625e-05,1,0.32440185546875,133
0.3271484375,6.642333983229719,3.30352783203125e-05,1,0.326873779296875,134
0.32958984375,6.64721698321739,3.3248901367187504e-05,1,0.32928466796875,135
0.33203125,6.652099983205062,3.35052490234375e-05,1,0.331695556640625,136
0.33447265625,6.656982983192734,3.37738037109375e-05,1,0.3341064453125,137
0.3369140625,6.661865983180405,3.39996337890625e-05,1,0.33660888671875,138
0.33935546875,6.666748983168077,3.4231567382812504e-05,1,0.339080810546875,139
0.341796875,6.6716319831557485,3.45123291015625e-05,1,0.341461181640625,140
0.34423828125,6.67651498314342,3.47503662109375e-05,1,0.343902587890625,141
0.3466796875,6.681397983131092,3.4970092773437504e-05,1,0.346343994140625,142
0.34912109375,6.686280983118763,3.52325439453125e-05,1,0.348846435546875,143
0.3515625,6.691163983106435,3.55010986328125e-05,1,0.3511962890625,144
0.35400390625,6.6960469830941065,3.5714721679687504e-05,1,0.3536376953125,145
0.3564453125,6.700929983081778,3.5955810546875004e-05,1,0.356109619140625,146
0.35888671875,6.70581298306945,3.62335205078125e-05,1,0.358551025390625,147
0.361328125,6.710695983057121,3.64654541015625e-05,1,0.360931396484375,148
0.36376953125,6.715578983044793,3.6691284179687504e-05,1,0.363372802734375,149
0.3662109375,6.720461983032465,3.69598388671875e-05,1,0.365875244140625,150
0.36865234375,6.725344983020136,3.721923828125e-05,1,0.368255615234375,151
0.37109375,6.730227983007808,3.7432861328125004e-05,1,0.370697021484375,152
0.37353515625,6.735110982995479,3.7689208984375e-05,1,0.373199462890625,153
0.3759765625,6.739993982983151,3.7957763671875e-05,1,0.375579833984375,154
0.37841796875,6.744876982970823,3.8189697265625e-05,1,0.378021240234375,155
0.380859375,6.749759982958494,3.8415527343750004e-05,1,0.3804931640625,156
0.38330078125,6.754642982946166,3.86962890625e-05,1,0.38287353515625,157
0.3857421875,6.759525982933837,3.89434814453125e-05,1,0.3853759765625,158
0.38818359375,6.764408982921509,3.9157104492187504e-05,1,0.387786865234375,159
0.390625,6.769291982909181,3.94195556640625e-05,1,0.3902587890625,160
0.39306640625,6.774174982896852,3.96881103515625e-05,1,0.392669677734375,161
0.3955078125,6.779057982884524,3.990478515625e-05,1,0.39508056640625,162
0.39794921875,6.7839409828721955,4.0142822265625004e-05,1,0.39752197265625,163
0.400390625,6.788823982859867,4.04205322265625e-05,1,0.399993896484375,164
0.40283203125,6.793706982847539,4.0655517578125e-05,1,0.402435302734375,165
0.4052734375,6.79858998283521,4.0881347656250004e-05,1,0.40484619140625,166
0.40771484375,6.803472982822882,4.11468505859375e-05,1,0.407318115234375,167
0.41015625,6.8083559828105535,4.14093017578125e-05,1,0.409759521484375,168
0.41259765625,6.813238982798225,4.1619873046875004e-05,1,0.4122314453125,169
0.4150390625,6.818121982785897,4.18731689453125e-05,1,0.414642333984375,170
0.41748046875,6.823004982773568,4.21478271484375e-05,1,0.417083740234375,171
0.419921875,6.82788798276124,4.23736572265625e-05,1,0.4195556640625,172
0.42236328125,6.832770982748912,4.2599487304687504e-05,1,0.421905517578125,173
0.4248046875,6.837653982736583,4.2877197265625e-05,1,0.424346923828125,174
0.42724609375,6.842536982724255,4.31304931640625e-05,1,0.426849365234375,175
0.4296875,6.847419982711926,4.3344116210937504e-05,1,0.429290771484375,176
0.43212890625,6.852302982699598,4.3603515625e-05,1,0.431640625,177
0.4345703125,6.85718598268727,4.38720703125e-05,1,0.43414306640625,178
0.43701171875,6.862068982674941,4.40948486328125e-05,1,0.4365234375,179
0.439453125,6.866951982662613,4.4329833984375003e-05,1,0.438995361328125,180
0.44189453125,6.8718349826502845,4.4610595703125e-05,1,0.44146728515625,181
0.4443359375,6.876717982637956,4.48455810546875e-05,1,0.443878173828125,182
0.44677734375,6.881600982625628,4.5068359375000003e-05,1,0.446319580078125,183
0.44921875,6.886483982613299,4.5330810546875e-05,1,0.448760986328125,184
0.45166015625,6.891366982600971,4.55963134765625e-05,1,0.451171875,185
0.4541015625,6.8962499825886425,4.58099365234375e-05,1,0.45361328125,186
0.45654296875,6.901132982576314,4.60540771484375e-05,1,0.456085205078125,187
0.458984375,6.906015982563986,4.63287353515625e-05,1,0.45855712890625,188
0.46142578125,6.910898982551657,4.6563720703125e-05,1,0.460968017578125,189
0.4638671875,6.915781982539329,4.6786499023437504e-05,1,0.46343994140625,190
0.46630859375,6.920664982527001,4.705810546875e-05,1,0.4658203125,191
0.46875,6.925547982514672,4.73175048828125e-05,1,0.46826171875,192
0.47119140625,6.930430982502344,4.7528076171875004e-05,1,0.470733642578125,193
0.4736328125,6.935313982490015,4.77874755859375e-05,1,0.47314453125,194
0.47607421875,6.940196982477687,4.80560302734375e-05,1,0.475555419921875,195
0.478515625,6.945079982465359,4.82818603515625e-05,1,0.47802734375,196
0.48095703125,6.94996298245303,4.8513793945312503e-05,1,0.480438232421875,197
0.4833984375,6.954845982440702,4.87945556640625e-05,1,0.482940673828125,198
0.48583984375,6.9597289824283735,4.903564453125e-05,1,0.48529052734375,199
0.48828125,6.964611982416045,4.9252319335937503e-05,1,0.48773193359375,200
0.49072265625,6.969494982403717,4.95147705078125e-05,1,0.490203857421875,201
0.4931640625,6.974377982391388,4.97833251953125e-05,1,0.49261474609375,202
0.49560546875,6.97926098237906,4.9987792968750004e-05,1,0.4951171875,203
0.498046875,6.9841439823667315,5.0231933593750004e-05,1,0.497467041015625,204
0.50048828125,6.989026982354403,5.0506591796875e-05,1,0.49981689453125,205
0.5029296875,6.993909982342075,5.0750732421875e-05,1,0.5023193359375,206
0.50537109375,6.998792982329746,5.0964355468750005e-05,1,0.504791259765625,207
0.5078125,7.003675982317418,5.1239013671875e-05,1,0.5072021484375,208
0.51025390625,7.00855898230509,5.1513671875000005e-05,1,0.509613037109375,209
0.5126953125,7.013441982292761,5.1727294921875e-05,1,0.512054443359375,210
0.51513671875,7.018324982280433,5.1971435546875e-05,1,0.51446533203125,211
0.517578125,7.023207982268104,5.2246093750000006e-05,1,0.516937255859375,212
0.52001953125,7.028090982255776,5.2490234375e-05,1,0.519378662109375,213
0.5224609375,7.032973982243448,5.2703857421875e-05,1,0.5218505859375,214
0.52490234375,7.037856982231119,5.2978515625e-05,1,0.524322509765625,215
0.52734375,7.042739982218791,5.322265625e-05,1,0.526702880859375,216
0.52978515625,7.047622982206462,5.3436279296875003e-05,1,0.5291748046875,217
0.5322265625,7.052505982194134,5.37109375e-05,1,0.53155517578125,218
0.53466796875,7.057388982181806,5.3985595703125004e-05,1,0.5340576171875,219
0.537109375,7.062271982169477,5.419921875e-05,1,0.53643798828125,220
0.53955078125,7.067154982157149,5.4443359375e-05,1,0.53887939453125,221
0.5419921875,7.0720379821448205,5.4718017578125005e-05,1,0.541290283203125,222
0.54443359375,7.076920982132492,5.4931640625e-05,1,0.54376220703125,223
0.546875,7.081803982120164,5.517578125e-05,1,0.546173095703125,224
0.54931640625,7.086686982107835,5.5419921875e-05,1,0.54864501953125,225
0.5517578125,7.091569982095507,5.5694580078125005e-05,1,0.551116943359375,226
0.55419921875,7.0964529820831785,5.5908203125e-05,1,0.55352783203125,227
0.556640625,7.10133598207085,5.615234375e-05,1,0.555938720703125,228
0.55908203125,7.106218982058522,5.6427001953125006e-05,1,0.558349609375,229
0.5615234375,7.111101982046193,5.6671142578125e-05,1,0.560882568359375,230
0.56396484375,7.115984982033865,5.6884765625e-05,1,0.563323974609375,231
0.56640625,7.120867982021537,5.7159423828125e-05,1,0.56573486328125,232
0.56884765625,7.125750982009208,5.7403564453125e-05,1,0.56817626953125,233
0.5712890625,7.13063398199688,5.7647705078125e-05,1,0.57061767578125,234
0.57373046875,7.135516981984551,5.7891845703125e-05,1,0.573028564453125,235
0.576171875,7.140399981972223,5.8166503906250004e-05,1,0.575439453125,236
0.57861328125,7.145282981959895,5.8380126953125e-05,1,0.577880859375,237
0.5810546875,7.150165981947566,5.8624267578125e-05,1,0.580322265625,238
0.58349609375,7.155048981935238,5.8898925781250005e-05,1,0.582794189453125,239
0.5859375,7.1599319819229095,5.9143066406250005e-05,1,0.585205078125,240
0.58837890625,7.164814981910581,5.9356689453125e-05,1,0.587646484375,241
0.5908203125,7.169697981898253,5.9631347656250006e-05,1,0.590087890625,242
0.59326171875,7.174580981885924,5.9875488281250006e-05,1,0.592559814453125,243
0.595703125,7.179463981873596,6.0089111328125e-05,1,0.59490966796875,244
0.59814453125,7.1843469818612675,6.0333251953125e-05,1,0.597381591796875,245
0.6005859375,7.189229981848939,6.060791015625e-05,1,0.599884033203125,246
0.60302734375,7.194112981836611,6.085205078125e-05,1,0.602294921875,247
0.60546875,7.198995981824282,6.109619140625001e-05,1,0.604766845703125,248
0.60791015625,7.203878981811954,6.134033203125001e-05,1,0.607208251953125,249
0.6103515625,7.208761981799626,6.1614990234375e-05,1,0.609588623046875,250
0.61279296875,7.213644981787297,6.182861328125001e-05,1,0.612030029296875,251
0.615234375,7.218527981774969,6.207275390625001e-05,1,0.61444091796875,252
0.61767578125,7.22341098176264,6.2347412109375e-05,1,0.616943359375,253
0.6201171875,7.228293981750312,6.256103515625001e-05,1,0.619354248046875,254
0.62255859375,7.233176981737984,6.280517578125001e-05,1,0.621826171875,255
0.625,7.238059981725655,6.3079833984375e-05,1,0.624237060546875,256
0.62744140625,7.242942981713327,6.3323974609375e-05,1,0.62664794921875,257
0.6298828125,7.2478259817009985,6.353759765625001e-05,1,0.629150390625,258
0.63232421875,7.25270898168867,6.3812255859375e-05,1,0.63153076171875,259
0.634765625,7.257591981676342,6.4056396484375e-05,1,0.63397216796875,260
0.63720703125,7.262474981664013,6.427001953125001e-05,1,0.636474609375,261
0.6396484375,7.267357981651685,6.451416015625001e-05,1,0.638916015625,262
0.64208984375,7.2722409816393565,6.4788818359375e-05,1,0.6412353515625,263
0.64453125,7.277123981627028,6.503295898437501e-05,1,0.64373779296875,264
0.64697265625,7.2820069816147,6.524658203125e-05,1,0.646209716796875,265
0.6494140625,7.286889981602371,6.552124023437501e-05,1,0.648651123046875,266
0.65185546875,7.291772981590043,6.57958984375e-05,1,0.651031494140625,267
0.654296875,7.2966559815777146,6.600952148437501e-05,1,0.653533935546875,268
0.65673828125,7.301538981565386,6.625366210937501e-05,1,0.65594482421875,269
0.6591796875,7.306421981553058,6.65283203125e-05,1,0.658355712890625,270
0.66162109375,7.311304981540729,6.674194335937501e-05,1,0.660858154296875,271
0.6640625,7.316187981528401,6.698608398437501e-05,1,0.66326904296875,272
0.66650390625,7.321070981516073,6.72607421875e-05,1,0.66571044921875,273
0.6689453125,7.325953981503744,6.75048828125e-05,1,0.6680908203125,274
0.67138671875,7.330836981491416,6.771850585937501e-05,1,0.67059326171875,275
0.673828125,7.335719981479087,6.79931640625e-05,1,0.6729736328125,276
0.67626953125,7.340602981466759,6.8267822265625e-05,1,0.675445556640625,277
0.6787109375,7.345485981454431,6.84814453125e-05,1,0.67791748046875,278
0.68115234375,7.350368981442102,6.872558593750001e-05,1,0.68035888671875,279
0.68359375,7.355251981429774,6.9000244140625e-05,1,0.682769775390625,280
0.68603515625,7.3601349814174455,6.921386718750001e-05,1,0.685211181640625,281
0.6884765625,7.365017981405117,6.945800781250001e-05,1,0.6876220703125,282
0.69091796875,7.369900981392789,6.9732666015625e-05,1,0.69012451171875,283
0.693359375,7.37478398138046,6.9976806640625e-05,1,0.6925048828125,284
0.69580078125,7.379666981368132,7.019042968750001e-05,1,0.694915771484375,285
0.6982421875,7.3845499813558035,7.043457031250001e-05,1,0.6973876953125,286
0.70068359375,7.389432981343475,7.0709228515625e-05,1,0.6998291015625,287
0.703125,7.394315981331147,7.0953369140625e-05,1,0.702239990234375,288
0.70556640625,7.399198981318818,7.116699218750001e-05,1,0.704681396484375,289
0.7080078125,7.40408198130649,7.1441650390625e-05,1,0.70709228515625,290
0.71044921875,7.408964981294162,7.1685791015625e-05,1,0.709564208984375,291
0.712890625,7.413847981281833,7.189941406250001e-05,1,0.712066650390625,292
0.71533203125,7.418730981269505,7.2174072265625e-05,1,0.714447021484375,293
0.7177734375,7.423613981257176,7.244873046875e-05,1,0.71685791015625,294
0.72021484375,7.428496981244848,7.266235351562501e-05,1,0.719329833984375,295
0.72265625,7.43337998123252,7.290649414062501e-05,1,0.72174072265625,296
0.72509765625,7.438262981220191,7.318115234375e-05,1,0.72418212890625,297
0.7275390625,7.443145981207863,7.342529296875e-05,1,0.7266845703125,298
0.72998046875,7.4480289811955345,7.363891601562501e-05,1,0.729095458984375,299
0.732421875,7.452911981183206,7.388305664062501e-05,1,0.73150634765625,300
0.73486328125,7.457794981170878,7.415771484375e-05,1,0.733917236328125,301
0.7373046875,7.462677981158549,7.440185546875e-05,1,0.736419677734375,302
0.73974609375,7.467560981146221,7.461547851562501e-05,1,0.738800048828125,303
0.7421875,7.4724439811338925,7.489013671875e-05,1,0.741241455078125,304
0.74462890625,7.477326981121564,7.513427734375e-05,1,0.743682861328125,305
0.7470703125,7.482209981109236,7.534790039062501e-05,1,0.746124267578125,306
0.74951171875,7.487092981096907,7.562255859375e-05,1,0.748565673828125,307
0.751953125,7.491975981084579,7.5897216796875e-05,1,0.7513427734375,308
0.75439453125,7.496858981072251,7.608032226562501e-05,1,0.753173828125,309
0.7568359375,7.501741981059922,7.635498046875001e-05,1,0.755615234375,310
0.75927734375,7.506624981047594,7.6629638671875e-05,1,0.758056640625,311
0.76171875,7.511507981035265,7.684326171875001e-05,1,0.76080322265625,312
0.76416015625,7.516390981022937,7.708740234375001e-05,1,0.762939453125,313
0.7666015625,7.521273981010609,7.7362060546875e-05,1,0.76568603515625,314
0.76904296875,7.52615698099828,7.7606201171875e-05,1,0.767822265625,315
0.771484375,7.531039980985952,7.781982421875001e-05,1,0.76995849609375,316
0.77392578125,7.5359229809736235,7.8094482421875e-05,1,0.77301025390625,317
0.7763671875,7.540805980961295,7.8338623046875e-05,1,0.77545166015625,318
0.77880859375,7.545688980948967,7.855224609375001e-05,1,0.77789306640625,319
0.78125,7.550571980936638,7.879638671875001e-05,1,0.780029296875,320
0.78369140625,7.55545498092431,7.9071044921875e-05,1,0.78277587890625,321
0.7861328125,7.5603379809119815,7.9315185546875e-05,1,0.784912109375,322
0.78857421875,7.565220980899653,7.952880859375001e-05,1,0.78765869140625,323
0.791015625,7.570103980887325,7.9803466796875e-05,1,0.78948974609375,324
0.79345703125,7.574986980874996,8.0078125e-05,1,0.792236328125,325
0.7958984375,7.579869980862668,8.026123046875001e-05,1,0.79498291015625,326
0.79833984375,7.5847529808503396,8.053588867187501e-05,1,0.79742431640625,327
0.80078125,7.589635980838011,8.0810546875e-05,1,0.79925537109375,328
0.80322265625,7.594518980825683,8.102416992187501e-05,1,0.802001953125,329
0.8056640625,7.599401980813354,8.126831054687501e-05,1,0.804443359375,330
0.80810546875,7.604284980801026,8.154296875e-05,1,0.806884765625,331
0.810546875,7.609167980788698,8.1787109375e-05,1,0.80902099609375,332
0.81298828125,7.614050980776369,8.200073242187501e-05,1,0.81146240234375,333
0.8154296875,7.618933980764041,8.2275390625e-05,1,0.814208984375,334
0.81787109375,7.623816980751712,8.2550048828125e-05,1,0.81634521484375,335
0.8203125,7.628699980739384,8.2763671875e-05,1,0.81878662109375,336
0.82275390625,7.633582980727056,8.30078125e-05,1,0.8221435546875,337
0.8251953125,7.638465980714727,8.3282470703125e-05,1,0.823974609375,338
0.82763671875,7.643348980702399,8.3526611328125e-05,1,0.826416015625,339
0.830078125,7.6482319806900705,8.3740234375e-05,1,0.82855224609375,340
0.83251953125,7.653114980677742,8.4014892578125e-05,1,0.83099365234375,341
0.8349609375,7.657997980665414,8.4259033203125e-05,1,0.833740234375,342
0.83740234375,7.662880980653085,8.447265625000001e-05,1,0.8355712890625,343
0.83984375,7.667763980640757,8.471679687500001e-05,1,0.83831787109375,344
0.84228515625,7.6726469806284285,8.4991455078125e-05,1,0.841064453125,345
0.8447265625,7.6775299806161,8.5235595703125e-05,1,0.84320068359375,346
0.84716796875,7.682412980603772,8.544921875000001e-05,1,0.845947265625,347
0.849609375,7.687295980591443,8.5723876953125e-05,1,0.848388671875,348
0.85205078125,7.692178980579115,8.5968017578125e-05,1,0.85052490234375,349
0.8544921875,7.697061980566787,8.618164062500001e-05,1,0.85296630859375,350
0.85693359375,7.701944980554458,8.6456298828125e-05,1,0.8551025390625,351
0.859375,7.70682798054213,8.673095703125e-05,1,0.85784912109375,352
0.86181640625,7.711710980529801,8.6944580078125e-05,1,0.860595703125,353
0.8642578125,7.716593980517473,8.7188720703125e-05,1,0.86273193359375,354
0.86669921875,7.721476980505145,8.746337890625e-05,1,0.86517333984375,355
0.869140625,7.726359980492816,8.770751953125e-05,1,0.86761474609375,356
0.87158203125,7.731242980480488,8.792114257812501e-05,1,0.86944580078125,357
0.8740234375,7.7361259804681595,8.816528320312501e-05,1,0.8721923828125,358
0.87646484375,7.741008980455831,8.843994140625e-05,1,0.875244140625,359
0.87890625,7.745891980443503,8.865356445312501e-05,1,0.87738037109375,360
0.88134765625,7.750774980431174,8.889770507812501e-05,1,0.88043212890625,361
0.8837890625,7.755657980418846,8.917236328125e-05,1,0.882568359375,362
0.88623046875,7.7605409804065175,8.941650390625e-05,1,0.8843994140625,363
0.888671875,7.765423980394189,8.963012695312501e-05,1,0.88714599609375,364
0.89111328125,7.770306980381861,8.990478515625e-05,1,0.88958740234375,365
0.8935546875,7.775189980369532,9.0179443359375e-05,1,0.89263916015625,366
0.89599609375,7.780072980357204,9.039306640625e-05,1,0.894775390625,367
0.8984375,7.784955980344876,9.063720703125e-05,1,0.897216796875,368
0.90087890625,7.789838980332547,9.0911865234375e-05,1,0.89996337890625,369
0.9033203125,7.794721980320219,9.112548828125e-05,1,0.90179443359375,370
0.90576171875,7.79960498030789,9.136962890625e-05,1,0.90423583984375,371
0.908203125,7.804487980295562,9.1644287109375e-05,1,0.90667724609375,372
0.91064453125,7.809370980283234,9.1888427734375e-05,1,0.909423828125,373
0.9130859375,7.814253980270905,9.210205078125001e-05,1,0.911865234375,374
0.91552734375,7.819136980258577,9.2376708984375e-05,1,0.914306640625,375
0.91796875,7.8240199802462485,9.26513671875e-05,1,0.91705322265625,376
0.92041015625,7.82890298023392,9.2864990234375e-05,1,0.91888427734375,377
0.9228515625,7.833785980221592,9.3109130859375e-05,1,0.92132568359375,378
0.92529296875,7.838668980209263,9.3353271484375e-05,1,0.9234619140625,379
0.927734375,7.843551980196935,9.3597412109375e-05,1,0.926513671875,380
0.93017578125,7.8484349801846065,9.3841552734375e-05,1,0.92926025390625,381
0.9326171875,7.853317980172278,9.4085693359375e-05,1,0.931396484375,382
0.93505859375,7.85820098015995,9.43603515625e-05,1,0.933837890625,383
0.9375,7.863083980147621,9.4573974609375e-05,1,0.93597412109375,384
0.93994140625,7.867966980135293,9.4818115234375e-05,1,0.93841552734375,385
0.9423828125,7.8728499801229646,9.50927734375e-05,1,0.94085693359375,386
0.94482421875,7.877732980110636,9.53369140625e-05,1,0.94390869140625,387
0.947265625,7.882615980098308,9.555053710937501e-05,1,0.946044921875,388
0.94970703125,7.887498980085979,9.58251953125e-05,1,0.94818115234375,389
0.9521484375,7.892381980073651,9.60693359375e-05,1,0.95062255859375,390
0.95458984375,7.897264980061323,9.63134765625e-05,1,0.95306396484375,391
0.95703125,7.902147980048994,9.65576171875e-05,1,0.95489501953125,392
0.95947265625,7.907030980036666,9.6832275390625e-05,1,0.958251953125,393
0.9619140625,7.911913980024337,9.70458984375e-05,1,0.960693359375,394
0.96435546875,7.916796980012009,9.72900390625e-05,1,0.96282958984375,395
0.966796875,7.921679979999681,9.7564697265625e-05,1,0.965576171875,396
0.96923828125,7.926562979987352,9.7808837890625e-05,1,0.96832275390625,397
0.9716796875,7.931445979975024,9.80224609375e-05,1,0.970458984375,398
0.97412109375,7.9363289799626955,9.8297119140625e-05,1,0.972900390625,399
0.9765625,7.941211979950367,9.8541259765625e-05,1,0.975341796875,400
0.97900390625,7.946094979938039,9.87548828125e-05,1,0.977783203125,401
0.9814453125,7.95097797992571,9.89990234375e-05,1,0.980224609375,402
0.98388671875,7.955860979913382,9.930419921875e-05,1,0.98297119140625,403
0.986328125,7.9607439799010535,9.9517822265625e-05,1,0.985107421875,404
0.98876953125,7.965626979888725,9.9761962890625e-05,1,0.9869384765625,405
0.9912109375,7.970509979876397,0.000100006103515625,1,0.98968505859375,406
0.99365234375,7.975392979864068,0.00010028076171875,1,0.992431640625,407
0.99609375,7.98027597985174,0.000100494384765625,1,0.99456787109375,408
0.99853515625,7.985158979839412,0.000100738525390625,1,0.99700927734375,409
1.0009765625,7.990041979827083,0.00010101318359375,1,0.999755859375,410
0.99853515625,7.994924979814755,0.000100738525390625,1,0.99761962890625,411
0.99609375,7.999807979802426,0.000100494384765625,1,0.99456787109375,412
0.99365234375,8.004690979790098,0.00010028076171875,1,0.99212646484375,413
0.9912109375,8.00957397977777,0.000100006103515625,1,0.98968505859375,414
0.98876953125,8.014456979765441,9.9761962890625e-05,1,0.987548828125,415
0.986328125,8.019339979753113,9.9517822265625e-05,1,0.98480224609375,416
0.98388671875,8.024222979740784,9.930419921875e-05,1,0.98236083984375,417
0.9814453125,8.029105979728456,9.9029541015625e-05,1,0.980224609375,418
0.97900390625,8.033988979716128,9.87548828125e-05,1,0.97747802734375,419
0.9765625,8.0388719797038,9.8541259765625e-05,1,0.97503662109375,420
0.97412109375,8.043754979691471,9.8297119140625e-05,1,0.97198486328125,421
0.9716796875,8.048637979679143,9.80224609375e-05,1,0.970458984375,422
0.96923828125,8.053520979666814,9.7808837890625e-05,1,0.968017578125,423
0.966796875,8.058403979654486,9.7564697265625e-05,1,0.96588134765625,424
0.96435546875,8.063286979642157,9.72900390625e-05,1,0.963134765625,425
0.9619140625,8.068169979629829,9.70458984375e-05,1,0.9600830078125,426
0.95947265625,8.0730529796175,9.6832275390625e-05,1,0.95794677734375,427
0.95703125,8.077935979605172,9.65576171875e-05,1,0.95550537109375,428
0.95458984375,8.082818979592844,9.628295898437501e-05,1,0.95306396484375,429
0.9521484375,8.087701979580515,9.60693359375e-05,1,0.950927734375,430
0.94970703125,8.092584979568187,9.58251953125e-05,1,0.94818115234375,431
0.947265625,8.097467979555859,9.555053710937501e-05,1,0.9454345703125,432
0.94482421875,8.10235097954353,9.53369140625e-05,1,0.943603515625,433
0.9423828125,8.107233979531202,9.50927734375e-05,1,0.94146728515625,434
0.93994140625,8.112116979518873,9.4818115234375e-05,1,0.93902587890625,435
0.9375,8.116999979506545,9.4573974609375e-05,1,0.93597412109375,436
0.93505859375,8.121882979494217,9.43603515625e-05,1,0.9332275390625,437
0.9326171875,8.126765979481888,9.4085693359375e-05,1,0.93109130859375,438
0.93017578125,8.13164897946956,9.381103515625001e-05,1,0.92864990234375,439
0.927734375,8.136531979457232,9.3597412109375e-05,1,0.92620849609375,440
0.92529296875,8.141414979444903,9.33837890625e-05,1,0.92376708984375,441
0.9228515625,8.146297979432575,9.307861328125001e-05,1,0.921630859375,442
0.92041015625,8.151180979420246,9.2864990234375e-05,1,0.919189453125,443
0.91796875,8.156063979407918,9.2620849609375e-05,1,0.9161376953125,444
0.91552734375,8.16094697939559,9.2376708984375e-05,1,0.9136962890625,445
0.9130859375,8.165829979383261,9.210205078125001e-05,1,0.911865234375,446
0.91064453125,8.170712979370933,9.1888427734375e-05,1,0.909423828125,447
0.908203125,8.175595979358604,9.1644287109375e-05,1,0.906982421875,448
0.90576171875,8.180478979346276,9.136962890625e-05,1,0.9039306640625,449
0.9033203125,8.185361979333948,9.112548828125e-05,1,0.90179443359375,450
0.90087890625,8.19024497932162,9.0911865234375e-05,1,0.89935302734375,451
0.8984375,8.19512797930929,9.063720703125e-05,1,0.897216796875,452
0.89599609375,8.200010979296962,9.039306640625e-05,1,0.89508056640625,453
0.8935546875,8.204893979284634,9.0179443359375e-05,1,0.892333984375,454
0.89111328125,8.209776979272306,8.990478515625e-05,1,0.89019775390625,455
0.888671875,8.214659979259977,8.963012695312501e-05,1,0.88714599609375,456
0.88623046875,8.219542979247649,8.941650390625e-05,1,0.8843994140625,457
0.8837890625,8.22442597923532,8.9202880859375e-05,1,0.88226318359375,458
0.88134765625,8.229308979222992,8.889770507812501e-05,1,0.87982177734375,459
0.87890625,8.234191979210664,8.865356445312501e-05,1,0.877685546875,460
0.87646484375,8.239074979198335,8.843994140625e-05,1,0.87432861328125,461
0.8740234375,8.243957979186007,8.819580078125e-05,1,0.8734130859375,462
0.87158203125,8.248840979173679,8.792114257812501e-05,1,0.870361328125,463
0.869140625,8.25372397916135,8.7677001953125e-05,1,0.86822509765625,464
0.86669921875,8.258606979149022,8.746337890625e-05,1,0.86517333984375,465
0.8642578125,8.263489979136693,8.7188720703125e-05,1,0.86334228515625,466
0.86181640625,8.268372979124365,8.6944580078125e-05,1,0.86029052734375,467
0.859375,8.273255979112037,8.6700439453125e-05,1,0.858154296875,468
0.85693359375,8.278138979099708,8.6456298828125e-05,1,0.855712890625,469
0.8544921875,8.28302197908738,8.618164062500001e-05,1,0.85296630859375,470
0.85205078125,8.287904979075051,8.5968017578125e-05,1,0.85113525390625,471
0.849609375,8.292787979062723,8.5723876953125e-05,1,0.84869384765625,472
0.84716796875,8.297670979050395,8.544921875000001e-05,1,0.84625244140625,473
0.8447265625,8.302553979038066,8.5235595703125e-05,1,0.84320068359375,474
0.84228515625,8.307436979025738,8.502197265625e-05,1,0.84075927734375,475
0.83984375,8.31231997901341,8.471679687500001e-05,1,0.83831787109375,476
0.83740234375,8.317202979001081,8.447265625000001e-05,1,0.836181640625,477
0.8349609375,8.322085978988753,8.4259033203125e-05,1,0.8331298828125,478
0.83251953125,8.326968978976424,8.4014892578125e-05,1,0.831298828125,479
0.830078125,8.331851978964096,8.3740234375e-05,1,0.82855224609375,480
0.82763671875,8.336734978951768,8.349609375e-05,1,0.82611083984375,481
0.8251953125,8.34161797893944,8.3282470703125e-05,1,0.823974609375,482
0.82275390625,8.34650097892711,8.297729492187501e-05,1,0.82183837890625,483
0.8203125,8.351383978914782,8.2763671875e-05,1,0.819091796875,484
0.81787109375,8.356266978902454,8.2550048828125e-05,1,0.816650390625,485
0.8154296875,8.361149978890126,8.2275390625e-05,1,0.81390380859375,486
0.81298828125,8.366032978877797,8.200073242187501e-05,1,0.81146240234375,487
0.810546875,8.370915978865469,8.1787109375e-05,1,0.80902099609375,488
0.80810546875,8.37579897885314,8.154296875e-05,1,0.80718994140625,489
0.8056640625,8.380681978840812,8.126831054687501e-05,1,0.80413818359375,490
0.80322265625,8.385564978828484,8.102416992187501e-05,1,0.80169677734375,491
0.80078125,8.390447978816155,8.0810546875e-05,1,0.799560546875,492
0.79833984375,8.395330978803827,8.053588867187501e-05,1,0.797119140625,493
0.7958984375,8.400213978791498,8.029174804687501e-05,1,0.794677734375,494
0.79345703125,8.40509697877917,8.0078125e-05,1,0.79254150390625,495
0.791015625,8.409979978766842,7.9803466796875e-05,1,0.78948974609375,496
0.78857421875,8.414862978754513,7.952880859375001e-05,1,0.787353515625,497
0.7861328125,8.419745978742185,7.9315185546875e-05,1,0.784912109375,498
0.78369140625,8.424628978729856,7.9071044921875e-05,1,0.782470703125,499
0.78125,8.429511978717528,7.879638671875001e-05,1,0.78033447265625,500
0.77880859375,8.4343949787052,7.855224609375001e-05,1,0.77728271484375,501
0.7763671875,8.439277978692871,7.8338623046875e-05,1,0.775146484375,502
0.77392578125,8.444160978680543,7.8094482421875e-05,1,0.77301025390625,503
0.771484375,8.449043978668215,7.781982421875001e-05,1,0.770263671875,504
0.76904296875,8.453926978655886,7.7606201171875e-05,1,0.76812744140625,505
0.7666015625,8.458809978643558,7.7362060546875e-05,1,0.76507568359375,506
0.76416015625,8.46369297863123,7.708740234375001e-05,1,0.76324462890625,507
0.76171875,8.468575978618901,7.684326171875001e-05,1,0.760498046875,508
0.75927734375,8.473458978606573,7.6629638671875e-05,1,0.7586669921875,509
0.7568359375,8.478341978594244,7.635498046875001e-05,1,0.75592041015625,510
0.75439453125,8.483224978581916,7.611083984375e-05,1,0.753173828125,511
0.751953125,8.488107978569587,7.5897216796875e-05,1,0.7513427734375,512
0.74951171875,8.492990978557259,7.562255859375e-05,1,0.74859619140625,513
0.7470703125,8.49787397854493,7.537841796875e-05,1,0.7462158203125,514
0.74462890625,8.502756978532602,7.513427734375e-05,1,0.74371337890625,515
0.7421875,8.507639978520274,7.4920654296875e-05,1,0.741302490234375,516
0.73974609375,8.512522978507945,7.464599609375e-05,1,0.73876953125,517
0.7373046875,8.517405978495617,7.437133789062501e-05,1,0.736419677734375,518
0.73486328125,8.522288978483289,7.415771484375e-05,1,0.7340087890625,519
0.732421875,8.52717197847096,7.391357421875e-05,1,0.731475830078125,520
0.72998046875,8.532054978458632,7.363891601562501e-05,1,0.72906494140625,521
0.7275390625,8.536937978446304,7.342529296875e-05,1,0.726654052734375,522
0.72509765625,8.541820978433975,7.318115234375e-05,1,0.724212646484375,523
0.72265625,8.546703978421647,7.290649414062501e-05,1,0.721771240234375,524
0.72021484375,8.551586978409318,7.266235351562501e-05,1,0.719390869140625,525
0.7177734375,8.55646997839699,7.244873046875e-05,1,0.716888427734375,526
0.71533203125,8.561352978384662,7.2174072265625e-05,1,0.71441650390625,527
0.712890625,8.566235978372333,7.189941406250001e-05,1,0.71197509765625,528
0.71044921875,8.571118978360005,7.1685791015625e-05,1,0.7095947265625,529
0.7080078125,8.576001978347676,7.1441650390625e-05,1,0.7071533203125,530
0.70556640625,8.580884978335348,7.116699218750001e-05,1,0.704681396484375,531
0.703125,8.58576797832302,7.0953369140625e-05,1,0.702239990234375,532
0.70068359375,8.590650978310691,7.0709228515625e-05,1,0.699798583984375,533
0.6982421875,8.595533978298363,7.043457031250001e-05,1,0.697418212890625,534
0.69580078125,8.600416978286034,7.019042968750001e-05,1,0.6949462890625,535
0.693359375,8.605299978273706,6.9976806640625e-05,1,0.69244384765625,536
0.69091796875,8.610182978261378,6.9732666015625e-05,1,0.690093994140625,537
0.6884765625,8.61506597824905,6.945800781250001e-05,1,0.687591552734375,538
0.68603515625,8.619948978236721,6.921386718750001e-05,1,0.6851806640625,539
0.68359375,8.624831978224393,6.9000244140625e-05,1,0.6827392578125,540
0.68115234375,8.629714978212064,6.872558593750001e-05,1,0.680328369140625,541
0.6787109375,8.634597978199736,6.84814453125e-05,1,0.677825927734375,542
0.67626953125,8.639480978187407,6.8267822265625e-05,1,0.675445556640625,543
0.673828125,8.644363978175079,6.79931640625e-05,1,0.6729736328125,544
0.67138671875,8.64924697816275,6.771850585937501e-05,1,0.670623779296875,545
0.6689453125,8.654129978150422,6.75048828125e-05,1,0.66815185546875,546
0.66650390625,8.659012978138094,6.72607421875e-05,1,0.66571044921875,547
0.6640625,8.663895978125765,6.698608398437501e-05,1,0.66326904296875,548
0.66162109375,8.668778978113437,6.674194335937501e-05,1,0.660858154296875,549
0.6591796875,8.673661978101109,6.65283203125e-05,1,0.658355712890625,550
0.65673828125,8.67854497808878,6.625366210937501e-05,1,0.655975341796875,551
0.654296875,8.683427978076452,6.600952148437501e-05,1,0.65350341796875,552
0.65185546875,8.688310978064123,6.57958984375e-05,1,0.651092529296875,553
0.6494140625,8.693193978051795,6.552124023437501e-05,1,0.648681640625,554
0.64697265625,8.698076978039467,6.524658203125e-05,1,0.64617919921875,555
0.64453125,8.702959978027138,6.503295898437501e-05,1,0.643707275390625,556
0.64208984375,8.70784297801481,6.48193359375e-05,1,0.64129638671875,557
0.6396484375,8.712725978002481,6.4544677734375e-05,1,0.638885498046875,558
0.63720703125,8.717608977990153,6.427001953125001e-05,1,0.636444091796875,559
0.634765625,8.722491977977825,6.4056396484375e-05,1,0.634033203125,560
0.63232421875,8.727374977965496,6.3812255859375e-05,1,0.631561279296875,561
0.6298828125,8.732257977953168,6.353759765625001e-05,1,0.629150390625,562
0.62744140625,8.73714097794084,6.3323974609375e-05,1,0.62664794921875,563
0.625,8.742023977928511,6.3079833984375e-05,1,0.624267578125,564
0.62255859375,8.746906977916183,6.280517578125001e-05,1,0.62176513671875,565
0.6201171875,8.751789977903854,6.256103515625001e-05,1,0.619354248046875,566
0.61767578125,8.756672977891526,6.2347412109375e-05,1,0.616912841796875,567
0.615234375,8.761555977879198,6.207275390625001e-05,1,0.614501953125,568
0.61279296875,8.76643897786687,6.182861328125001e-05,1,0.612030029296875,569
0.6103515625,8.77132197785454,6.1614990234375e-05,1,0.609649658203125,570
0.60791015625,8.776204977842212,6.134033203125001e-05,1,0.607147216796875,571
0.60546875,8.781087977829884,6.109619140625001e-05,1,0.604705810546875,572
0.60302734375,8.785970977817556,6.085205078125e-05,1,0.60223388671875,573
0.6005859375,8.790853977805227,6.0638427734375e-05,1,0.599853515625,574
0.59814453125,8.795736977792899,6.0363769531250006e-05,1,0.59747314453125,575
0.595703125,8.80061997778057,6.0089111328125e-05,1,0.594940185546875,576
0.59326171875,8.805502977768242,5.9875488281250006e-05,1,0.59259033203125,577
0.5908203125,8.810385977755914,5.9631347656250006e-05,1,0.59014892578125,578
0.58837890625,8.815268977743585,5.9356689453125e-05,1,0.587646484375,579
0.5859375,8.820151977731257,5.9143066406250005e-05,1,0.585174560546875,580
0.58349609375,8.825034977718929,5.8898925781250005e-05,1,0.582763671875,581
0.5810546875,8.8299179777066,5.8624267578125e-05,1,0.580291748046875,582
0.57861328125,8.834800977694272,5.8380126953125e-05,1,0.577880859375,583
0.576171875,8.839683977681943,5.8166503906250004e-05,1,0.575469970703125,584
0.57373046875,8.844566977669615,5.7891845703125e-05,1,0.572998046875,585
0.5712890625,8.849449977657287,5.7617187500000004e-05,1,0.570587158203125,586
0.56884765625,8.854332977644958,5.7403564453125e-05,1,0.56817626953125,587
0.56640625,8.85921597763263,5.7159423828125e-05,1,0.565704345703125,588
0.56396484375,8.864098977620301,5.6884765625e-05,1,0.56329345703125,589
0.5615234375,8.868981977607973,5.6640625e-05,1,0.56085205078125,590
0.55908203125,8.873864977595645,5.6427001953125006e-05,1,0.55841064453125,591
0.556640625,8.878747977583316,5.6182861328125006e-05,1,0.55596923828125,592
0.55419921875,8.883630977570988,5.5908203125e-05,1,0.55352783203125,593
0.5517578125,8.88851397755866,5.5694580078125005e-05,1,0.551055908203125,594
0.54931640625,8.893396977546331,5.5419921875e-05,1,0.54864501953125,595
0.546875,8.898279977534003,5.517578125e-05,1,0.5462646484375,596
0.54443359375,8.903162977521674,5.4931640625e-05,1,0.543792724609375,597
0.5419921875,8.908045977509346,5.4718017578125005e-05,1,0.54132080078125,598
0.53955078125,8.912928977497018,5.4443359375e-05,1,0.53887939453125,599
0.537109375,8.91781197748469,5.419921875e-05,1,0.536468505859375,600
0.53466796875,8.92269497747236,5.3985595703125004e-05,1,0.53399658203125,601
0.5322265625,8.927577977460032,5.37109375e-05,1,0.531585693359375,602
0.52978515625,8.932460977447704,5.3436279296875003e-05,1,0.529144287109375,603
0.52734375,8.937343977435376,5.322265625e-05,1,0.526702880859375,604
0.52490234375,8.942226977423047,5.2978515625e-05,1,0.5242919921875,605
0.5224609375,8.947109977410719,5.2703857421875e-05,1,0.521820068359375,606
0.52001953125,8.95199297739839,5.2459716796875e-05,1,0.519378662109375,607
0.517578125,8.956875977386062,5.2246093750000006e-05,1,0.516937255859375,608
0.51513671875,8.961758977373734,5.1971435546875e-05,1,0.514495849609375,609
0.5126953125,8.966641977361405,5.1727294921875e-05,1,0.511993408203125,610
0.51025390625,8.971524977349077,5.1513671875000005e-05,1,0.5096435546875,611
0.5078125,8.976407977336748,5.1269531250000005e-05,1,0.5072021484375,612
0.50537109375,8.98129097732442,5.0994873046875e-05,1,0.5047607421875,613
0.5029296875,8.986173977312092,5.0750732421875e-05,1,0.502288818359375,614
0.50048828125,8.991056977299763,5.0537109375000004e-05,1,0.499908447265625,615
0.498046875,8.995939977287435,5.0231933593750004e-05,1,0.4974365234375,616
0.49560546875,9.000822977275106,4.9987792968750004e-05,1,0.4949951171875,617
0.4931640625,9.005705977262778,4.97772216796875e-05,1,0.492584228515625,618
0.49072265625,9.01058897725045,4.95208740234375e-05,1,0.490142822265625,619
0.48828125,9.015471977238121,4.9252319335937503e-05,1,0.487762451171875,620
0.48583984375,9.020354977225793,4.9029541015625e-05,1,0.4853515625,621
0.4833984375,9.025237977213465,4.87945556640625e-05,1,0.482879638671875,622
0.48095703125,9.030120977201136,4.8513793945312503e-05,1,0.480438232421875,623
0.478515625,9.035003977188808,4.827880859375e-05,1,0.47796630859375,624
0.47607421875,9.03988697717648,4.80560302734375e-05,1,0.4755859375,625
0.4736328125,9.044769977164151,4.77935791015625e-05,1,0.473114013671875,626
0.47119140625,9.049652977151823,4.7528076171875004e-05,1,0.470672607421875,627
0.46875,9.054535977139494,4.7314453125e-05,1,0.46820068359375,628
0.46630859375,9.059418977127166,4.70703125e-05,1,0.4658203125,629
0.4638671875,9.064301977114837,4.67926025390625e-05,1,0.463348388671875,630
0.46142578125,9.069184977102509,4.65606689453125e-05,1,0.4609375,631
0.458984375,9.07406797709018,4.6337890625e-05,1,0.45849609375,632
0.45654296875,9.078950977077852,4.6063232421875e-05,1,0.456085205078125,633
0.4541015625,9.083833977065524,4.5806884765625003e-05,1,0.453643798828125,634
0.45166015625,9.088716977053195,4.559326171875e-05,1,0.45123291015625,635
0.44921875,9.093599977040867,4.53338623046875e-05,1,0.448760986328125,636
0.44677734375,9.098482977028539,4.5068359375000003e-05,1,0.446319580078125,637
0.4443359375,9.10336597701621,4.48394775390625e-05,1,0.44384765625,638
0.44189453125,9.108248977003882,4.4610595703125e-05,1,0.44140625,639
0.439453125,9.113131976991554,4.4329833984375003e-05,1,0.438995361328125,640
0.43701171875,9.118014976979225,4.40887451171875e-05,1,0.43658447265625,641
0.4345703125,9.122897976966897,4.38690185546875e-05,1,0.434112548828125,642
0.43212890625,9.127780976954568,4.3609619140625e-05,1,0.43170166015625,643
0.4296875,9.13266397694224,4.3338012695312504e-05,1,0.429229736328125,644
0.42724609375,9.137546976929912,4.31243896484375e-05,1,0.426849365234375,645
0.4248046875,9.142429976917583,4.28863525390625e-05,1,0.42437744140625,646
0.42236328125,9.147312976905255,4.2608642578125e-05,1,0.42193603515625,647
0.419921875,9.152195976892926,4.23736572265625e-05,1,0.419525146484375,648
0.41748046875,9.157078976880598,4.215087890625e-05,1,0.417083740234375,649
0.4150390625,9.16196197686827,4.188232421875e-05,1,0.414642333984375,650
0.41259765625,9.166844976855941,4.1622924804687503e-05,1,0.41217041015625,651
0.41015625,9.171727976843613,4.14093017578125e-05,1,0.40972900390625,652
0.40771484375,9.176610976831284,4.11529541015625e-05,1,0.407318115234375,653
0.4052734375,9.181493976818956,4.0881347656250004e-05,1,0.404876708984375,654
0.40283203125,9.186376976806628,4.06524658203125e-05,1,0.40240478515625,655
0.400390625,9.1912599767943,4.04266357421875e-05,1,0.399993896484375,656
0.39794921875,9.196142976781971,4.014892578125e-05,1,0.39752197265625,657
0.3955078125,9.201025976769643,3.9898681640625004e-05,1,0.3951416015625,658
0.39306640625,9.205908976757314,3.96820068359375e-05,1,0.392669677734375,659
0.390625,9.210791976744986,3.9422607421875e-05,1,0.39019775390625,660
0.38818359375,9.215674976732657,3.9154052734375004e-05,1,0.3878173828125,661
0.3857421875,9.220557976720329,3.8934326171875e-05,1,0.385345458984375,662
0.38330078125,9.225440976708,3.86993408203125e-05,1,0.382904052734375,663
0.380859375,9.230323976695672,3.8418579101562504e-05,1,0.380462646484375,664
0.37841796875,9.235206976683344,3.81866455078125e-05,1,0.3780517578125,665
0.3759765625,9.240089976671015,3.79608154296875e-05,1,0.3756103515625,666
0.37353515625,9.244972976658687,3.76953125e-05,1,0.3731689453125,667
0.37109375,9.249855976646359,3.7432861328125004e-05,1,0.3707275390625,668
0.36865234375,9.25473897663403,3.72222900390625e-05,1,0.368255615234375,669
0.3662109375,9.259621976621702,3.69720458984375e-05,1,0.365875244140625,670
0.36376953125,9.264504976609373,3.6697387695312504e-05,1,0.3634033203125,671
0.361328125,9.269387976597045,3.64654541015625e-05,1,0.361053466796875,672
0.35888671875,9.274270976584717,3.624267578125e-05,1,0.3585205078125,673
0.3564453125,9.279153976572388,3.59649658203125e-05,1,0.3560791015625,674
0.35400390625,9.28403697656006,3.5711669921875004e-05,1,0.35369873046875,675
0.3515625,9.288919976547731,3.54949951171875e-05,1,0.3511962890625,676
0.34912109375,9.293802976535403,3.52386474609375e-05,1,0.348846435546875,677
0.3466796875,9.298685976523075,3.4970092773437504e-05,1,0.3463134765625,678
0.34423828125,9.303568976510746,3.47442626953125e-05,1,0.3438720703125,679
0.341796875,9.308451976498418,3.45123291015625e-05,1,0.341461181640625,680
0.33935546875,9.31333497648609,3.4231567382812504e-05,1,0.33905029296875,681
0.3369140625,9.318217976473761,3.3993530273437503e-05,1,0.33660888671875,682
0.33447265625,9.323100976461433,3.37738037109375e-05,1,0.334136962890625,683
0.33203125,9.327983976449104,3.35113525390625e-05,1,0.331756591796875,684
0.32958984375,9.332866976436776,3.3242797851562505e-05,1,0.329315185546875,685
0.3271484375,9.337749976424448,3.30291748046875e-05,1,0.326812744140625,686
0.32470703125,9.34263297641212,3.27880859375e-05,1,0.324371337890625,687
0.322265625,9.34751597639979,3.2510375976562504e-05,1,0.321929931640625,688
0.31982421875,9.352398976387462,3.22784423828125e-05,1,0.319549560546875,689
0.3173828125,9.357281976375134,3.20526123046875e-05,1,0.31707763671875,690
0.31494140625,9.362164976362806,3.1781005859375e-05,1,0.314666748046875,691
0.3125,9.367047976350477,3.1524658203125004e-05,1,0.312255859375,692
0.31005859375,9.371930976338149,3.13079833984375e-05,1,0.30975341796875,693
0.3076171875,9.37681397632582,3.1048583984375e-05,1,0.3072509765625,694
0.30517578125,9.381696976313492,3.0780029296875e-05,1,0.304840087890625,695
0.302734375,9.386579976301164,3.05511474609375e-05,1,0.302398681640625,696
0.30029296875,9.391462976288835,3.03253173828125e-05,1,0.299957275390625,697
0.2978515625,9.396345976276507,3.004150390625e-05,1,0.29754638671875,698
0.29541015625,9.401228976264179,2.98004150390625e-05,1,0.29510498046875,699
0.29296875,9.40611197625185,2.9583740234375e-05,1,0.29266357421875,700
0.29052734375,9.410994976239522,2.9324340820312503e-05,1,0.29022216796875,701
0.2880859375,9.415877976227193,2.9052734375000002e-05,1,0.287811279296875,702
0.28564453125,9.420760976214865,2.8836059570312502e-05,1,0.285369873046875,703
0.283203125,9.425643976202537,2.860107421875e-05,1,0.28289794921875,704
0.28076171875,9.430526976190208,2.83203125e-05,1,0.280517578125,705
0.2783203125,9.43540997617788,2.80853271484375e-05,1,0.27801513671875,706
0.27587890625,9.440292976165551,2.7862548828125e-05,1,0.275604248046875,707
0.2734375,9.445175976153223,2.7593994140625e-05,1,0.273101806640625,708
0.27099609375,9.450058976140895,2.73345947265625e-05,1,0.270721435546875,709
0.2685546875,9.454941976128566,2.71240234375e-05,1,0.268310546875,710
0.26611328125,9.459824976116238,2.6867675781250002e-05,1,0.26580810546875,711
0.263671875,9.46470797610391,2.6593017578125002e-05,1,0.263397216796875,712
0.26123046875,9.469590976091581,2.63671875e-05,1,0.261016845703125,713
0.2587890625,9.474473976079253,2.6141357421875e-05,1,0.258514404296875,714
0.25634765625,9.479356976066924,2.5860595703125e-05,1,0.256103515625,715
0.25390625,9.484239976054596,2.5610351562500002e-05,1,0.25360107421875,716
0.25146484375,9.489122976042268,2.5396728515625e-05,1,0.251251220703125,717
0.2490234375,9.49400597602994,2.51373291015625e-05,1,0.248779296875,718
0.24658203125,9.49888897601761,2.4868774414062502e-05,1,0.246337890625,719
0.244140625,9.503771976005282,2.464599609375e-05,1,0.243927001953125,720
0.24169921875,9.508654975992954,2.44110107421875e-05,1,0.241455078125,721
0.2392578125,9.513537975980626,2.4130249023437502e-05,1,0.238983154296875,722
0.23681640625,9.518420975968297,2.3895263671875e-05,1,0.236602783203125,723
0.234375,9.523303975955969,2.3669433593750002e-05,1,0.234130859375,724
0.23193359375,9.52818697594364,2.3406982421875e-05,1,0.23162841796875,725
0.2294921875,9.533069975931312,2.3144531250000002e-05,1,0.229278564453125,726
0.22705078125,9.537952975918984,2.2930908203125002e-05,1,0.226837158203125,727
0.224609375,9.542835975906655,2.2683715820312502e-05,1,0.224395751953125,728
0.22216796875,9.547718975894327,2.2409057617187502e-05,1,0.221923828125,729
0.2197265625,9.552601975881998,2.21771240234375e-05,1,0.219512939453125,730
0.21728515625,9.55748497586967,2.19512939453125e-05,1,0.217071533203125,731
0.21484375,9.562367975857342,2.16766357421875e-05,1,0.214630126953125,732
0.21240234375,9.567250975845013,2.1423339843750002e-05,1,0.212188720703125,733
0.2099609375,9.572133975832685,2.1206665039062502e-05,1,0.20977783203125,734
0.20751953125,9.577016975820356,2.09503173828125e-05,1,0.207275390625,735
0.205078125,9.581899975808028,2.0681762695312502e-05,1,0.204833984375,736
0.20263671875,9.5867829757957,2.04559326171875e-05,1,0.20245361328125,737
0.2001953125,9.591665975783371,2.0223999023437502e-05,1,0.199981689453125,738
0.19775390625,9.596548975771043,1.9943237304687502e-05,1,0.197601318359375,739
0.1953125,9.601431975758715,1.9702148437500002e-05,1,0.19512939453125,740
0.19287109375,9.606314975746386,1.9485473632812502e-05,1,0.19268798828125,741
0.1904296875,9.611197975734058,1.92230224609375e-05,1,0.190216064453125,742
0.18798828125,9.61608097572173,1.8951416015625e-05,1,0.187774658203125,743
0.185546875,9.620963975709401,1.87408447265625e-05,1,0.18536376953125,744
0.18310546875,9.625846975697073,1.8499755859375002e-05,1,0.18292236328125,745
0.1806640625,9.630729975684744,1.8222045898437502e-05,1,0.180450439453125,746
0.17822265625,9.635612975672416,1.7987060546875e-05,1,0.178070068359375,747
0.17578125,9.640495975660087,1.7764282226562502e-05,1,0.17559814453125,748
0.17333984375,9.645378975647759,1.749267578125e-05,1,0.17315673828125,749
0.1708984375,9.65026197563543,1.72332763671875e-05,1,0.170745849609375,750
0.16845703125,9.655144975623102,1.7022705078125002e-05,1,0.16827392578125,751
0.166015625,9.660027975610774,1.67633056640625e-05,1,0.16583251953125,752
0.16357421875,9.664910975598445,1.6497802734375002e-05,1,0.16339111328125,753
0.1611328125,9.669793975586117,1.6265869140625e-05,1,0.160980224609375,754
0.15869140625,9.674676975573789,1.6040039062500002e-05,1,0.15850830078125,755
0.15625,9.67955997556146,1.575927734375e-05,1,0.15606689453125,756
0.15380859375,9.684442975549132,1.55120849609375e-05,1,0.15362548828125,757
0.1513671875,9.689325975536804,1.529541015625e-05,1,0.151153564453125,758
0.14892578125,9.694208975524475,1.50360107421875e-05,1,0.1488037109375,759
0.146484375,9.699091975512147,1.47674560546875e-05,1,0.1463623046875,760
0.14404296875,9.703974975499818,1.45477294921875e-05,1,0.143890380859375,761
0.1416015625,9.70885797548749,1.4312744140625001e-05,1,0.141448974609375,762
0.13916015625,9.713740975475162,1.4035034179687501e-05,1,0.139068603515625,763
0.13671875,9.718623975462833,1.3800048828125001e-05,1,0.136566162109375,764
0.13427734375,9.723506975450505,1.3574218750000001e-05,1,0.1341552734375,765
0.1318359375,9.728389975438176,1.3308715820312501e-05,1,0.131805419921875,766
0.12939453125,9.733272975425848,1.3046264648437501e-05,1,0.12921142578125,767
0.126953125,9.73815597541352,1.2835693359375001e-05,1,0.126800537109375,768
0.12451171875,9.743038975401191,1.25823974609375e-05,1,0.1243896484375,769
0.1220703125,9.747921975388863,1.2310791015625001e-05,1,0.12200927734375,770
0.11962890625,9.752804975376534,1.2078857421875001e-05,1,0.1195068359375,771
0.1171875,9.757687975364206,1.18560791015625e-05,1,0.1170654296875,772
0.11474609375,9.762570975351878,1.1578369140625e-05,1,0.114654541015625,773
0.1123046875,9.76745397533955,1.1325073242187501e-05,1,0.11224365234375,774
0.10986328125,9.772336975327221,1.11083984375e-05,1,0.109771728515625,775
0.107421875,9.777219975314893,1.085205078125e-05,1,0.107391357421875,776
0.10498046875,9.782102975302564,1.058349609375e-05,1,0.104888916015625,777
0.1025390625,9.786985975290236,1.03607177734375e-05,1,0.102447509765625,778
0.10009765625,9.791868975277907,1.0125732421875001e-05,1,0.10003662109375,779
0.09765625,9.796751975265579,9.844970703125e-06,1,0.09759521484375,780
0.09521484375,9.80163497525325,9.6099853515625e-06,1,0.095123291015625,781
0.0927734375,9.806517975240922,9.387207031250001e-06,1,0.0927734375,782
0.09033203125,9.811400975228594,9.124755859375e-06,1,0.09027099609375,783
0.087890625,9.816283975216265,8.856201171875e-06,1,0.087799072265625,784
0.08544921875,9.821166975203937,8.633422851562501e-06,1,0.08526611328125,785
0.0830078125,9.826049975191609,8.389282226562501e-06,1,0.082763671875,786
0.08056640625,9.83093297517928,8.111572265625001e-06,1,0.080352783203125,787
0.078125,9.835815975166952,7.8765869140625e-06,1,0.077880859375,788
0.07568359375,9.840698975154623,7.65380859375e-06,1,0.075439453125,789
0.0732421875,9.845581975142295,7.382202148437501e-06,1,0.072998046875,790
0.07080078125,9.850464975129967,7.1258544921875e-06,1,0.070587158203125,791
0.068359375,9.855347975117638,6.9122314453125e-06,1,0.068084716796875,792
0.06591796875,9.86023097510531,6.652832031250001e-06,1,0.065704345703125,793
0.0634765625,9.865113975092981,6.384277343750001e-06,1,0.063262939453125,794
0.06103515625,9.869996975080653,6.158447265625e-06,1,0.06085205078125,795
0.05859375,9.874879975068325,5.929565429687501e-06,1,0.058380126953125,796
0.05615234375,9.879762975055996,5.645751953125001e-06,1,0.055999755859375,797
0.0537109375,9.884645975043668,5.407714843750001e-06,1,0.05352783203125,798
0.05126953125,9.88952897503134,5.18798828125e-06,1,0.051116943359375,799
0.048828125,9.894411975019011,4.9261474609375e-06,1,0.048895263671875,800
0.04638671875,9.899294975006683,4.6578979492187505e-06,1,0.0464752197265625,801
0.0439453125,9.904177974994354,4.44091796875e-06,1,0.0440277099609375,802
0.04150390625,9.909060974982026,4.20379638671875e-06,1,0.041589355468750006,803
0.0390625,9.913943974969698,3.9236450195312505e-06,1,0.0391448974609375,804
0.03662109375,9.91882697495737,3.6904907226562503e-06,1,0.036712646484375,805
0.0341796875,9.92370997494504,3.46588134765625e-06,1,0.034280395507812506,806
0.03173828125,9.928592974932712,3.1979370117187502e-06,1,0.0318328857421875,807
0.029296875,9.933475974920384,2.938232421875e-06,1,0.029385375976562503,808
0.02685546875,9.938358974908056,2.72735595703125e-06,1,0.02696838378906251,809
0.0244140625,9.943241974895727,2.4700927734375004e-06,1,0.024517822265625003,810
0.02197265625,9.948124974883399,2.1994018554687503e-06,1,0.022085571289062494,811
0.01953125,9.95300797487107,1.9696044921875e-06,1,0.019625854492187497,812
0.01708984375,9.957890974858742,1.7462158203125002e-06,1,0.017208862304687503,813
0.0146484375,9.962773974846414,1.4639282226562502e-06,1,0.014761352539062494,814
0.01220703125,9.967656974834085,1.2155151367187501e-06,1,0.012316894531249997,815
0.009765625,9.972539974821757,9.9884033203125e-07,1,0.009881591796875006,816
0.00732421875,9.977422974809429,7.406616210937501e-07,1,0.0074371337890624944,817
0.0048828125,9.9823059747971,4.7210693359375003e-07,1,0.005007934570312497,818
0.00244140625,9.987188974784772,2.5042724609375015e-07,1,0.0025604248046875028,819
0.0,9.992071974772443,1.629638671875003e-08,1,0.00014648437500000555,820
-0.00244140625,9.996954974760115,-2.647705078125e-07,1,-0.002288818359375,821
-0.0048828125,10.001837974747787,-4.9835205078125e-07,1,-0.004730224609375,822
-0.00732421875,10.006720974735458,-7.2235107421875e-07,1,-0.007174682617187497,823
-0.009765625,10.01160397472313,-9.8724365234375e-07,1,-0.009625244140625003,824
-0.01220703125,10.016486974710801,-1.25030517578125e-06,1,-0.012048339843750006,825
-0.0146484375,10.021369974698473,-1.4605712890625e-06,1,-0.014477539062500003,826
-0.01708984375,10.026252974686145,-1.71142578125e-06,1,-0.016915893554687506,827
-0.01953125,10.031135974673816,-1.9866943359374997e-06,1,-0.019354248046874994,828
-0.02197265625,10.036018974661488,-2.2174072265625e-06,1,-0.021780395507812494,829
-0.0244140625,10.04090197464916,-2.44049072265625e-06,1,-0.024218749999999997,830
-0.02685546875,10.045784974636831,-2.71697998046875e-06,1,-0.0266571044921875,831
-0.029296875,10.050667974624503,-2.972412109375e-06,1,-0.02907104492187501,832
-0.03173828125,10.055550974612174,-3.18572998046875e-06,1,-0.0315093994140625,833
-0.0341796875,10.060433974599846,-3.4414672851562503e-06,1,-0.034005737304687506,834
-0.03662109375,10.065316974587518,-3.7103271484375002e-06,1,-0.0364227294921875,835
-0.0390625,10.07019997457519,-3.9361572265625e-06,1,-0.038888549804687506,836
-0.04150390625,10.07508297456286,-4.16656494140625e-06,1,-0.041311645507812494,837
-0.0439453125,10.079965974550532,-4.44854736328125e-06,1,-0.043737792968749994,838
-0.04638671875,10.084848974538204,-4.68536376953125e-06,1,-0.04620056152343749,839
-0.048828125,10.089731974525876,-4.9069213867187505e-06,1,-0.04863281250000001,840
-0.05126953125,10.094614974513547,-5.1635742187500005e-06,1,-0.051055908203125,841
-0.0537109375,10.099497974501219,-5.4351806640625e-06,1,-0.053497314453125,842
-0.05615234375,10.10438097448889,-5.645751953125001e-06,1,-0.05596923828125,843
-0.05859375,10.109263974476562,-5.889892578125e-06,1,-0.05841064453125,844
-0.06103515625,10.114146974464234,-6.167602539062501e-06,1,-0.060882568359375,845
-0.0634765625,10.119029974451905,-6.399536132812501e-06,1,-0.063232421875,846
-0.06591796875,10.123912974439577,-6.622314453125001e-06,1,-0.06573486328125,847
-0.068359375,10.128795974427248,-6.8939208984375005e-06,1,-0.068145751953125,848
-0.07080078125,10.13367897441492,-7.1502685546875e-06,1,-0.070587158203125,849
-0.0732421875,10.138561974402592,-7.3638916015625004e-06,1,-0.072998046875,850
-0.07568359375,10.143444974390263,-7.623291015625001e-06,1,-0.075408935546875,851
-0.078125,10.148327974377935,-7.891845703125e-06,1,-0.077880859375,852
-0.08056640625,10.153210974365606,-8.1207275390625e-06,1,-0.080322265625,853
-0.0830078125,10.158093974353278,-8.3465576171875e-06,1,-0.08270263671875,854
-0.08544921875,10.16297697434095,-8.63037109375e-06,1,-0.085174560546875,855
-0.087890625,10.167859974328621,-8.87451171875e-06,1,-0.087615966796875,856
-0.09033203125,10.172742974316293,-9.0911865234375e-06,1,-0.090087890625,857
-0.0927734375,10.177625974303965,-9.3505859375e-06,1,-0.09246826171875,858
-0.09521484375,10.182508974291636,-9.619140625000001e-06,1,-0.094879150390625,859
-0.09765625,10.187391974279308,-9.8388671875e-06,1,-0.097381591796875,860
-0.10009765625,10.19227497426698,-1.00738525390625e-05,1,-0.09979248046875,861
-0.1025390625,10.197157974254651,-1.03515625e-05,1,-0.10223388671875,862
-0.10498046875,10.202040974242323,-1.0586547851562501e-05,1,-0.104644775390625,863
-0.107421875,10.206923974229994,-1.08123779296875e-05,1,-0.10711669921875,864
-0.10986328125,10.211806974217666,-1.1077880859375001e-05,1,-0.1094970703125,865
-0.1123046875,10.216689974205337,-1.1337280273437502e-05,1,-0.112030029296875,866
-0.11474609375,10.221572974193009,-1.1550903320312502e-05,1,-0.1143798828125,867
-0.1171875,10.22645597418068,-1.1804199218750001e-05,1,-0.116790771484375,868
-0.11962890625,10.231338974168352,-1.2075805664062502e-05,1,-0.119232177734375,869
-0.1220703125,10.236221974156024,-1.2307739257812501e-05,1,-0.1217041015625,870
-0.12451171875,10.241104974143695,-1.2530517578125e-05,1,-0.12420654296875,871
-0.126953125,10.245987974131367,-1.2811279296875002e-05,1,-0.1265869140625,872
-0.12939453125,10.250870974119039,-1.3061523437500001e-05,1,-0.1290283203125,873
-0.1318359375,10.25575397410671,-1.3275146484375002e-05,1,-0.131439208984375,874
-0.13427734375,10.260636974094382,-1.3534545898437502e-05,1,-0.13385009765625,875
-0.13671875,10.265519974082054,-1.380615234375e-05,1,-0.136322021484375,876
-0.13916015625,10.270402974069725,-1.4025878906250002e-05,1,-0.138702392578125,877
-0.1416015625,10.275285974057397,-1.4257812500000002e-05,1,-0.141143798828125,878
-0.14404296875,10.280168974045068,-1.4541625976562501e-05,1,-0.143646240234375,879
-0.146484375,10.28505197403274,-1.4773559570312501e-05,1,-0.14599609375,880
-0.14892578125,10.289934974020412,-1.4999389648437501e-05,1,-0.148468017578125,881
-0.1513671875,10.294817974008083,-1.52618408203125e-05,1,-0.15087890625,882
-0.15380859375,10.299700973995755,-1.552734375e-05,1,-0.153350830078125,883
-0.15625,10.304583973983426,-1.5740966796875e-05,1,-0.15576171875,884
-0.15869140625,10.309466973971098,-1.59820556640625e-05,1,-0.15826416015625,885
-0.1611328125,10.31434997395877,-1.6259765625e-05,1,-0.16064453125,886
-0.16357421875,10.319232973946441,-1.6494750976562503e-05,1,-0.1630859375,887
-0.166015625,10.324115973934113,-1.6717529296875002e-05,1,-0.165496826171875,888
-0.16845703125,10.328998973921784,-1.6992187500000002e-05,1,-0.167938232421875,889
-0.1708984375,10.333881973909456,-1.72454833984375e-05,1,-0.170440673828125,890
-0.17333984375,10.338764973897128,-1.74591064453125e-05,1,-0.172821044921875,891
-0.17578125,10.3436479738848,-1.7718505859375e-05,1,-0.175262451171875,892
-0.17822265625,10.348530973872471,-1.7987060546875e-05,1,-0.17767333984375,893
-0.1806640625,10.353413973860143,-1.8212890625e-05,1,-0.180084228515625,894
-0.18310546875,10.358296973847814,-1.8441772460937502e-05,1,-0.182525634765625,895
-0.185546875,10.363179973835486,-1.87255859375e-05,1,-0.184967041015625,896
-0.18798828125,10.368062973823157,-1.8963623046875002e-05,1,-0.18743896484375,897
-0.1904296875,10.372945973810829,-1.9183349609375e-05,1,-0.1898193359375,898
-0.19287109375,10.3778289737985,-1.9445800781250003e-05,1,-0.1922607421875,899
-0.1953125,10.382711973786172,-1.971435546875e-05,1,-0.194732666015625,900
-0.19775390625,10.387594973773844,-1.9927978515625e-05,1,-0.1971435546875,901
-0.2001953125,10.392477973761515,-2.0166015625e-05,1,-0.199554443359375,902
-0.20263671875,10.397360973749187,-2.044677734375e-05,1,-0.2020263671875,903
-0.205078125,10.402243973736859,-2.0678710937500003e-05,1,-0.20440673828125,904
-0.20751953125,10.40712697372453,-2.0904541015625e-05,1,-0.20684814453125,905
-0.2099609375,10.412009973712202,-2.1173095703125003e-05,1,-0.209259033203125,906
-0.21240234375,10.416892973699873,-2.1429443359375e-05,1,-0.211700439453125,907
-0.21484375,10.421775973687545,-2.164306640625e-05,1,-0.21417236328125,908
-0.21728515625,10.426658973675217,-2.18994140625e-05,1,-0.216522216796875,909
-0.2197265625,10.431541973662888,-2.21710205078125e-05,1,-0.218994140625,910
-0.22216796875,10.43642497365056,-2.2399902343750003e-05,1,-0.221435546875,911
-0.224609375,10.441307973638231,-2.2625732421875002e-05,1,-0.223876953125,912
-0.22705078125,10.446190973625903,-2.2906494140625e-05,1,-0.226318359375,913
-0.2294921875,10.451073973613575,-2.31536865234375e-05,1,-0.228729248046875,914
-0.23193359375,10.455956973601246,-2.3370361328125e-05,1,-0.23114013671875,915
-0.234375,10.460839973588918,-2.3629760742187503e-05,1,-0.233642578125,916
-0.23681640625,10.46572297357659,-2.38983154296875e-05,1,-0.23602294921875,917
-0.2392578125,10.470605973564261,-2.4121093750000003e-05,1,-0.23846435546875,918
-0.24169921875,10.475488973551933,-2.435302734375e-05,1,-0.240875244140625,919
-0.244140625,10.480371973539604,-2.46337890625e-05,1,-0.2432861328125,920
-0.24658203125,10.485254973527276,-2.4865722656250002e-05,1,-0.24578857421875,921
-0.2490234375,10.490137973514948,-2.5091552734375e-05,1,-0.248138427734375,922
-0.25146484375,10.49502097350262,-2.5357055664062503e-05,1,-0.2506103515625,923
-0.25390625,10.49990397349029,-2.56195068359375e-05,1,-0.253082275390625,924
-0.25634765625,10.504786973477962,-2.5830078125e-05,1,-0.255523681640625,925
-0.2587890625,10.509669973465634,-2.6080322265625e-05,1,-0.257965087890625,926
-0.26123046875,10.514552973453306,-2.635498046875e-05,1,-0.2603759765625,927
-0.263671875,10.519435973440977,-2.6586914062500003e-05,1,-0.262786865234375,928
-0.26611328125,10.524318973428649,-2.6809692382812502e-05,1,-0.26519775390625,929
-0.2685546875,10.52920197341632,-2.7087402343750002e-05,1,-0.26763916015625,930
-0.27099609375,10.534084973403992,-2.73406982421875e-05,1,-0.27001953125,931
-0.2734375,10.538967973391664,-2.7557373046875e-05,1,-0.272491455078125,932
-0.27587890625,10.543850973379335,-2.7813720703125003e-05,1,-0.27496337890625,933
-0.2783203125,10.548733973367007,-2.8082275390625004e-05,1,-0.277374267578125,934
-0.28076171875,10.553616973354679,-2.8305053710937503e-05,1,-0.279815673828125,935
-0.283203125,10.55849997334235,-2.85400390625e-05,1,-0.282257080078125,936
-0.28564453125,10.563382973330022,-2.8820800781250004e-05,1,-0.284698486328125,937
-0.2880859375,10.568265973317693,-2.9055786132812502e-05,1,-0.287139892578125,938
-0.29052734375,10.573148973305365,-2.9278564453125e-05,1,-0.28948974609375,939
-0.29296875,10.578031973293037,-2.9541015625000003e-05,1,-0.291961669921875,940
-0.29541015625,10.582914973280708,-2.9806518554687504e-05,1,-0.29443359375,941
-0.2978515625,10.58779797326838,-3.0020141601562504e-05,1,-0.296844482421875,942
-0.30029296875,10.592680973256051,-3.0249023437500002e-05,1,-0.299896240234375,943
-0.302734375,10.597563973243723,-3.052978515625e-05,1,-0.302337646484375,944
-0.30517578125,10.602446973231395,-3.07647705078125e-05,1,-0.304718017578125,945
-0.3076171875,10.607329973219066,-3.09906005859375e-05,1,-0.30718994140625,946
-0.31005859375,10.612212973206738,-3.12591552734375e-05,1,-0.309600830078125,947
-0.3125,10.61709597319441,-3.15185546875e-05,1,-0.31207275390625,948
-0.31494140625,10.621978973182081,-3.17352294921875e-05,1,-0.31451416015625,949
-0.3173828125,10.626861973169753,-3.199462890625e-05,1,-0.316986083984375,950
-0.31982421875,10.631744973157424,-3.2263183593750004e-05,1,-0.319366455078125,951
-0.322265625,10.636627973145096,-3.24920654296875e-05,1,-0.32177734375,952
-0.32470703125,10.641510973132768,-3.27178955078125e-05,1,-0.32421875,953
-0.3271484375,10.64639397312044,-3.2998657226562505e-05,1,-0.326690673828125,954
-0.32958984375,10.65127697310811,-3.3242797851562505e-05,1,-0.329071044921875,955
-0.33203125,10.656159973095782,-3.34625244140625e-05,1,-0.33160400390625,956
-0.33447265625,10.661042973083454,-3.3721923828125e-05,1,-0.334014892578125,957
-0.3369140625,10.665925973071126,-3.3990478515625004e-05,1,-0.336395263671875,958
-0.33935546875,10.670808973058797,-3.42071533203125e-05,1,-0.3388671875,959
-0.341796875,10.675691973046469,-3.44451904296875e-05,1,-0.341339111328125,960
-0.34423828125,10.68057497303414,-3.4722900390625004e-05,1,-0.343719482421875,961
-0.3466796875,10.685457973021812,-3.49578857421875e-05,1,-0.346221923828125,962
-0.34912109375,10.690340973009484,-3.51837158203125e-05,1,-0.348663330078125,963
-0.3515625,10.695223972997155,-3.544921875e-05,1,-0.35107421875,964
-0.35400390625,10.700106972984827,-3.5708618164062504e-05,1,-0.353546142578125,965
-0.3564453125,10.704989972972498,-3.59222412109375e-05,1,-0.35595703125,966
-0.35888671875,10.70987297296017,-3.6175537109375e-05,1,-0.358367919921875,967
-0.361328125,10.714755972947842,-3.6447143554687504e-05,1,-0.36083984375,968
-0.36376953125,10.719638972935513,-3.6676025390625e-05,1,-0.363250732421875,969
-0.3662109375,10.724521972923185,-3.68988037109375e-05,1,-0.365753173828125,970
-0.36865234375,10.729404972910856,-3.7182617187500005e-05,1,-0.368133544921875,971
-0.37109375,10.734287972898528,-3.7432861328125004e-05,1,-0.370574951171875,972
-0.37353515625,10.7391709728862,-3.7646484375e-05,1,-0.373046875,973
-0.3759765625,10.744053972873871,-3.79058837890625e-05,1,-0.375457763671875,974
-0.37841796875,10.748936972861543,-3.8174438476562504e-05,1,-0.377899169921875,975
-0.380859375,10.753819972849215,-3.8397216796875e-05,1,-0.380340576171875,976
-0.38330078125,10.758702972836886,-3.8629150390625e-05,1,-0.38275146484375,977
-0.3857421875,10.763585972824558,-3.8912963867187504e-05,1,-0.385223388671875,978
-0.38818359375,10.76846897281223,-3.91448974609375e-05,1,-0.38763427734375,979
-0.390625,10.773351972799901,-3.93707275390625e-05,1,-0.39007568359375,980
-0.39306640625,10.778234972787573,-3.96331787109375e-05,1,-0.392486572265625,981
-0.3955078125,10.783117972775244,-3.9898681640625004e-05,1,-0.394989013671875,982
-0.39794921875,10.788000972762916,-4.01123046875e-05,1,-0.397430419921875,983
-0.400390625,10.792883972750587,-4.03564453125e-05,1,-0.399871826171875,984
-0.40283203125,10.797766972738259,-4.0634155273437504e-05,1,-0.40228271484375,985
-0.4052734375,10.80264997272593,-4.08660888671875e-05,1,-0.404754638671875,986
-0.40771484375,10.807532972713602,-4.10888671875e-05,1,-0.4072265625,987
-0.41015625,10.812415972701274,-4.1363525390625005e-05,1,-0.40960693359375,988
-0.41259765625,10.817298972688945,-4.1619873046875004e-05,1,-0.412017822265625,989
-0.4150390625,10.822181972676617,-4.183349609375e-05,1,-0.414459228515625,990
-0.41748046875,10.827064972664289,-4.20928955078125e-05,1,-0.41693115234375,991
-0.419921875,10.83194797265196,-4.2358398437500004e-05,1,-0.41937255859375,992
-0.42236328125,10.836830972639632,-4.25872802734375e-05,1,-0.42181396484375,993
-0.4248046875,10.841713972627304,-4.2816162109375e-05,1,-0.4241943359375,994
-0.42724609375,10.846596972614975,-4.3096923828125004e-05,1,-0.426666259765625,995
-0.4296875,10.851479972602647,-4.3338012695312504e-05,1,-0.429168701171875,996
-0.43212890625,10.856362972590318,-4.35577392578125e-05,1,-0.431488037109375,997
-0.4345703125,10.86124597257799,-4.3817138671875e-05,1,-0.433990478515625,998
-0.43701171875,10.866128972565662,-4.4085693359375e-05,1,-0.436431884765625,999
-0.439453125,10.871011972553333,-4.43023681640625e-05,1,-0.438873291015625,1000
-0.44189453125,10.875894972541005,-4.45404052734375e-05,1,-0.441253662109375,1001
-0.4443359375,10.880777972528676,-4.4818115234375004e-05,1,-0.4437255859375,1002
-0.44677734375,10.885660972516348,-4.5053100585937505e-05,1,-0.44622802734375,1003
-0.44921875,10.89054397250402,-4.52789306640625e-05,1,-0.4486083984375,1004
-0.45166015625,10.895426972491691,-4.5547485351562505e-05,1,-0.45098876953125,1005
-0.4541015625,10.900309972479363,-4.5806884765625003e-05,1,-0.4534912109375,1006
-0.45654296875,10.905192972467034,-4.60174560546875e-05,1,-0.4559326171875,1007
-0.458984375,10.910075972454706,-4.627685546875e-05,1,-0.4583740234375,1008
-0.46142578125,10.914958972442378,-4.6545410156250003e-05,1,-0.460784912109375,1009
-0.4638671875,10.91984197243005,-4.6774291992187505e-05,1,-0.4632568359375,1010
-0.46630859375,10.924724972417721,-4.70001220703125e-05,1,-0.46563720703125,1011
-0.46875,10.929607972405393,-4.7283935546875e-05,1,-0.468109130859375,1012
-0.47119140625,10.934490972393064,-4.7528076171875004e-05,1,-0.470611572265625,1013
-0.4736328125,10.939373972380736,-4.77447509765625e-05,1,-0.472991943359375,1014
-0.47607421875,10.944256972368407,-4.8004150390625005e-05,1,-0.475494384765625,1015
-0.478515625,10.949139972356079,-4.8272705078125e-05,1,-0.477874755859375,1016
-0.48095703125,10.95402297234375,-4.8492431640625e-05,1,-0.480316162109375,1017
-0.4833984375,10.958905972331422,-4.87274169921875e-05,1,-0.482757568359375,1018
-0.48583984375,10.963788972319094,-4.90081787109375e-05,1,-0.48516845703125,1019
-0.48828125,10.968671972306765,-4.9243164062500004e-05,1,-0.48760986328125,1020
-0.49072265625,10.973554972294437,-4.94659423828125e-05,1,-0.49005126953125,1021
-0.4931640625,10.978437972282109,-4.9731445312500005e-05,1,-0.492462158203125,1022
-0.49560546875,10.98332097226978,-4.9957275390625e-05,1,-0.494903564453125,1023
-0.498046875,10.988203972257452,-5.0170898437500004e-05,1,-0.497406005859375,1024
-0.50048828125,10.993086972245123,-5.0415039062500004e-05,1,-0.499786376953125,1025
-0.5029296875,10.997969972232795,-5.0689697265625e-05,1,-0.502227783203125,1026
-0.50537109375,11.002852972220467,-5.0933837890625e-05,1,-0.504669189453125,1027
-0.5078125,11.007735972208138,-5.1147460937500005e-05,1,-0.507110595703125,1028
-0.51025390625,11.01261897219581,-5.1422119140625e-05,1,-0.50958251953125,1029
-0.5126953125,11.017501972183481,-5.1666259765625e-05,1,-0.5120849609375,1030
-0.51513671875,11.022384972171153,-5.1910400390625e-05,1,-0.514404296875,1031
-0.517578125,11.027267972158825,-5.2154541015625e-05,1,-0.516845703125,1032
-0.52001953125,11.032150972146496,-5.242919921875e-05,1,-0.519287109375,1033
-0.5224609375,11.037033972134168,-5.2642822265625e-05,1,-0.521728515625,1034
-0.52490234375,11.04191697212184,-5.2886962890625e-05,1,-0.524200439453125,1035
-0.52734375,11.046799972109511,-5.316162109375e-05,1,-0.526611328125,1036
-0.52978515625,11.051682972097183,-5.340576171875e-05,1,-0.529052734375,1037
-0.5322265625,11.056565972084854,-5.3619384765625004e-05,1,-0.531463623046875,1038
-0.53466796875,11.061448972072526,-5.389404296875e-05,1,-0.534027099609375,1039
-0.537109375,11.066331972060198,-5.4168701171875004e-05,1,-0.536376953125,1040
-0.53955078125,11.07121497204787,-5.4351806640625004e-05,1,-0.538848876953125,1041
-0.5419921875,11.07609797203554,-5.462646484375e-05,1,-0.541259765625,1042
-0.54443359375,11.080980972023212,-5.487060546875e-05,1,-0.543731689453125,1043
-0.546875,11.085863972010884,-5.511474609375e-05,1,-0.546112060546875,1044
-0.54931640625,11.090746971998556,-5.5328369140625005e-05,1,-0.548583984375,1045
-0.5517578125,11.095629971986227,-5.560302734375e-05,1,-0.550994873046875,1046
-0.55419921875,11.100512971973899,-5.5877685546875006e-05,1,-0.553436279296875,1047
-0.556640625,11.10539597196157,-5.609130859375e-05,1,-0.555877685546875,1048
-0.55908203125,11.110278971949242,-5.633544921875e-05,1,-0.55828857421875,1049
-0.5615234375,11.115161971936914,-5.6610107421875e-05,1,-0.560760498046875,1050
-0.56396484375,11.120044971924585,-5.682373046875e-05,1,-0.56317138671875,1051
-0.56640625,11.124927971912257,-5.706787109375e-05,1,-0.565582275390625,1052
-0.56884765625,11.129810971899929,-5.7342529296875e-05,1,-0.56805419921875,1053
-0.5712890625,11.1346939718876,-5.7586669921875e-05,1,-0.57049560546875,1054
-0.57373046875,11.139576971875272,-5.7800292968750004e-05,1,-0.572967529296875,1055
-0.576171875,11.144459971862943,-5.8074951171875e-05,1,-0.575408935546875,1056
-0.57861328125,11.149342971850615,-5.8319091796875e-05,1,-0.57781982421875,1057
-0.5810546875,11.154225971838287,-5.8563232421875e-05,1,-0.58026123046875,1058
-0.58349609375,11.159108971825958,-5.8807373046875e-05,1,-0.58270263671875,1059
-0.5859375,11.16399197181363,-5.9082031250000005e-05,1,-0.585113525390625,1060
-0.58837890625,11.168874971801301,-5.9295654296875e-05,1,-0.587554931640625,1061
-0.5908203125,11.173757971788973,-5.9539794921875e-05,1,-0.59002685546875,1062
-0.59326171875,11.178640971776645,-5.9814453125000006e-05,1,-0.592437744140625,1063
-0.595703125,11.183523971764316,-6.0058593750000006e-05,1,-0.59490966796875,1064
-0.59814453125,11.188406971751988,-6.0272216796875e-05,1,-0.59735107421875,1065
-0.6005859375,11.19328997173966,-6.0516357421875e-05,1,-0.599761962890625,1066
-0.60302734375,11.198172971727331,-6.0791015625e-05,1,-0.602203369140625,1067
-0.60546875,11.203055971715003,-6.103515625e-05,1,-0.604644775390625,1068
-0.60791015625,11.207938971702674,-6.1248779296875e-05,1,-0.60711669921875,1069
-0.6103515625,11.212821971690346,-6.1553955078125e-05,1,-0.60955810546875,1070
-0.61279296875,11.217704971678018,-6.1798095703125e-05,1,-0.611968994140625,1071
-0.615234375,11.222587971665689,-6.201171875e-05,1,-0.614410400390625,1072
-0.61767578125,11.22747097165336,-6.2255859375e-05,1,-0.6168212890625,1073
-0.6201171875,11.232353971641032,-6.2530517578125e-05,1,-0.619293212890625,1074
-0.62255859375,11.237236971628704,-6.2744140625e-05,1,-0.621734619140625,1075
-0.625,11.242119971616376,-6.298828125e-05,1,-0.624237060546875,1076
-0.62744140625,11.247002971604047,-6.3262939453125e-05,1,-0.626556396484375,1077
-0.6298828125,11.251885971591719,-6.3507080078125e-05,1,-0.628997802734375,1078
-0.63232421875,11.25676897157939,-6.3720703125e-05,1,-0.6314697265625,1079
-0.634765625,11.261651971567062,-6.396484375e-05,1,-0.633941650390625,1080
-0.63720703125,11.266534971554734,-6.4239501953125e-05,1,-0.636322021484375,1081
-0.6396484375,11.271417971542405,-6.4453125e-05,1,-0.638763427734375,1082
-0.64208984375,11.276300971530077,-6.4697265625e-05,1,-0.641204833984375,1083
-0.64453125,11.281183971517748,-6.4971923828125e-05,1,-0.643707275390625,1084
-0.64697265625,11.28606697150542,-6.5216064453125e-05,1,-0.6461181640625,1085
-0.6494140625,11.290949971493092,-6.54296875e-05,1,-0.648468017578125,1086
-0.65185546875,11.295832971480763,-6.5704345703125e-05,1,-0.650970458984375,1087
-0.654296875,11.300715971468435,-6.597900390625e-05,1,-0.653411865234375,1088
-0.65673828125,11.305598971456106,-6.6162109375e-05,1,-0.655914306640625,1089
-0.6591796875,11.310481971443778,-6.6436767578125e-05,1,-0.658294677734375,1090
-0.66162109375,11.31536497143145,-6.671142578125e-05,1,-0.6607666015625,1091
-0.6640625,11.320247971419121,-6.6925048828125e-05,1,-0.663177490234375,1092
-0.66650390625,11.325130971406793,-6.7169189453125e-05,1,-0.66558837890625,1093
-0.6689453125,11.330013971394465,-6.744384765625e-05,1,-0.66802978515625,1094
-0.67138671875,11.334896971382136,-6.768798828125e-05,1,-0.670440673828125,1095
-0.673828125,11.339779971369808,-6.7901611328125e-05,1,-0.67291259765625,1096
-0.67626953125,11.34466297135748,-6.817626953125e-05,1,-0.675384521484375,1097
-0.6787109375,11.349545971345151,-6.845092773437501e-05,1,-0.677764892578125,1098
-0.68115234375,11.354428971332823,-6.866455078125e-05,1,-0.68023681640625,1099
-0.68359375,11.359311971320494,-6.8878173828125e-05,1,-0.682647705078125,1100
-0.68603515625,11.364194971308166,-6.915283203125e-05,1,-0.68511962890625,1101
-0.6884765625,11.369077971295837,-6.939697265625e-05,1,-0.68756103515625,1102
-0.69091796875,11.373960971283509,-6.964111328125e-05,1,-0.689971923828125,1103
-0.693359375,11.37884397127118,-6.9915771484375e-05,1,-0.692413330078125,1104
-0.69580078125,11.383726971258852,-7.0159912109375e-05,1,-0.694793701171875,1105
-0.6982421875,11.388609971246524,-7.037353515625e-05,1,-0.697235107421875,1106
-0.70068359375,11.393492971234195,-7.061767578125e-05,1,-0.69970703125,1107
-0.703125,11.398375971221867,-7.0892333984375e-05,1,-0.702178955078125,1108
-0.70556640625,11.403258971209539,-7.110595703125e-05,1,-0.704620361328125,1109
-0.7080078125,11.40814197119721,-7.135009765625e-05,1,-0.707000732421875,1110
-0.71044921875,11.413024971184882,-7.1624755859375e-05,1,-0.709503173828125,1111
-0.712890625,11.417907971172554,-7.1868896484375e-05,1,-0.71197509765625,1112
-0.71533203125,11.422790971160225,-7.208251953125e-05,1,-0.714385986328125,1113
-0.7177734375,11.427673971147897,-7.2357177734375e-05,1,-0.716796875,1114
-0.72021484375,11.432556971135568,-7.26318359375e-05,1,-0.719268798828125,1115
-0.72265625,11.43743997112324,-7.2845458984375e-05,1,-0.721649169921875,1116
-0.72509765625,11.442322971110912,-7.305908203125e-05,1,-0.72412109375,1117
-0.7275390625,11.447205971098583,-7.33642578125e-05,1,-0.726593017578125,1118
-0.72998046875,11.452088971086255,-7.3577880859375e-05,1,-0.72900390625,1119
-0.732421875,11.456971971073926,-7.3822021484375e-05,1,-0.7314453125,1120
-0.73486328125,11.461854971061598,-7.4066162109375e-05,1,-0.733856201171875,1121
-0.7373046875,11.46673797104927,-7.43408203125e-05,1,-0.736236572265625,1122
-0.73974609375,11.471620971036941,-7.4554443359375e-05,1,-0.738739013671875,1123
-0.7421875,11.476503971024613,-7.48291015625e-05,1,-0.741180419921875,1124
-0.74462890625,11.481386971012284,-7.50732421875e-05,1,-0.743621826171875,1125
-0.7470703125,11.486269970999956,-7.53173828125e-05,1,-0.74609375,1126
-0.74951171875,11.491152970987628,-7.5531005859375e-05,1,-0.748504638671875,1127
-0.751953125,11.4960359709753,-7.583618164062501e-05,1,-0.7513427734375,1128
-0.75439453125,11.500918970962971,-7.608032226562501e-05,1,-0.75347900390625,1129
-0.7568359375,11.505801970950642,-7.62939453125e-05,1,-0.75592041015625,1130
-0.75927734375,11.510684970938314,-7.65380859375e-05,1,-0.7586669921875,1131
-0.76171875,11.515567970925986,-7.6812744140625e-05,1,-0.76080322265625,1132
-0.76416015625,11.520450970913657,-7.70263671875e-05,1,-0.7635498046875,1133
-0.7666015625,11.525333970901329,-7.72705078125e-05,1,-0.7659912109375,1134
-0.76904296875,11.530216970889,-7.7545166015625e-05,1,-0.7684326171875,1135
-0.771484375,11.535099970876672,-7.7789306640625e-05,1,-0.77056884765625,1136
-0.77392578125,11.539982970864344,-7.80029296875e-05,1,-0.7733154296875,1137
-0.7763671875,11.544865970852015,-7.82470703125e-05,1,-0.77606201171875,1138
-0.77880859375,11.549748970839687,-7.8521728515625e-05,1,-0.77850341796875,1139
-0.78125,11.554631970827359,-7.87353515625e-05,1,-0.7806396484375,1140
-0.78369140625,11.55951497081503,-7.89794921875e-05,1,-0.7830810546875,1141
-0.7861328125,11.564397970802702,-7.9254150390625e-05,1,-0.78521728515625,1142
-0.78857421875,11.569280970790373,-7.9498291015625e-05,1,-0.7879638671875,1143
-0.791015625,11.574163970778045,-7.97119140625e-05,1,-0.79010009765625,1144
-0.79345703125,11.579046970765717,-7.9986572265625e-05,1,-0.7928466796875,1145
-0.7958984375,11.583929970753388,-8.026123046875001e-05,1,-0.7952880859375,1146
-0.79833984375,11.58881297074106,-8.0474853515625e-05,1,-0.79742431640625,1147
-0.80078125,11.593695970728731,-8.0718994140625e-05,1,-0.79986572265625,1148
-0.80322265625,11.598578970716403,-8.0963134765625e-05,1,-0.802001953125,1149
-0.8056640625,11.603461970704075,-8.1207275390625e-05,1,-0.80474853515625,1150
-0.80810546875,11.608344970691746,-8.1451416015625e-05,1,-0.8074951171875,1151
-0.810546875,11.613227970679418,-8.172607421875e-05,1,-0.81024169921875,1152
-0.81298828125,11.61811097066709,-8.197021484375e-05,1,-0.8123779296875,1153
-0.8154296875,11.622993970654761,-8.2183837890625e-05,1,-0.81512451171875,1154
-0.81787109375,11.627876970642433,-8.245849609375e-05,1,-0.81695556640625,1155
-0.8203125,11.632759970630104,-8.270263671875e-05,1,-0.82000732421875,1156
-0.82275390625,11.637642970617776,-8.294677734375e-05,1,-0.8221435546875,1157
-0.8251953125,11.642525970605448,-8.3160400390625e-05,1,-0.8245849609375,1158
-0.82763671875,11.64740897059312,-8.346557617187501e-05,1,-0.8270263671875,1159
-0.830078125,11.65229197058079,-8.367919921875e-05,1,-0.8294677734375,1160
-0.83251953125,11.657174970568462,-8.3892822265625e-05,1,-0.8319091796875,1161
-0.8349609375,11.662057970556134,-8.416748046875e-05,1,-0.83404541015625,1162
-0.83740234375,11.666940970543806,-8.444213867187501e-05,1,-0.83648681640625,1163
-0.83984375,11.671823970531477,-8.465576171875e-05,1,-0.8392333984375,1164
-0.84228515625,11.676706970519149,-8.489990234375e-05,1,-0.84136962890625,1165
-0.8447265625,11.68158997050682,-8.5174560546875e-05,1,-0.8441162109375,1166
-0.84716796875,11.686472970494492,-8.538818359375e-05,1,-0.84686279296875,1167
-0.849609375,11.691355970482164,-8.563232421875e-05,1,-0.84930419921875,1168
-0.85205078125,11.696238970469835,-8.5906982421875e-05,1,-0.8514404296875,1169
-0.8544921875,11.701121970457507,-8.6151123046875e-05,1,-0.85418701171875,1170
-0.85693359375,11.706004970445179,-8.636474609375e-05,1,-0.85662841796875,1171
-0.859375,11.71088797043285,-8.6639404296875e-05,1,-0.859375,1172
-0.86181640625,11.715770970420522,-8.691406250000001e-05,1,-0.86151123046875,1173
-0.8642578125,11.720653970408193,-8.7127685546875e-05,1,-0.8642578125,1174
-0.86669921875,11.725536970395865,-8.734130859375e-05,1,-0.86639404296875,1175
-0.869140625,11.730419970383537,-8.764648437500001e-05,1,-0.8685302734375,1176
-0.87158203125,11.735302970371208,-8.7860107421875e-05,1,-0.8709716796875,1177
-0.8740234375,11.74018597035888,-8.8104248046875e-05,1,-0.87371826171875,1178
-0.87646484375,11.745068970346551,-8.8348388671875e-05,1,-0.8758544921875,1179
-0.87890625,11.749951970334223,-8.862304687500001e-05,1,-0.877685546875,1180
-0.88134765625,11.754834970321895,-8.8836669921875e-05,1,-0.88043212890625,1181
-0.8837890625,11.759717970309566,-8.9080810546875e-05,1,-0.88348388671875,1182
-0.88623046875,11.764600970297238,-8.935546875e-05,1,-0.88531494140625,1183
-0.888671875,11.76948397028491,-8.9599609375e-05,1,-0.88775634765625,1184
-0.89111328125,11.774366970272581,-8.9813232421875e-05,1,-0.89019775390625,1185
-0.8935546875,11.779249970260253,-9.011840820312501e-05,1,-0.89263916015625,1186
-0.89599609375,11.784132970247924,-9.033203125e-05,1,-0.89508056640625,1187
-0.8984375,11.789015970235596,-9.0576171875e-05,1,-0.8978271484375,1188
-0.90087890625,11.793898970223267,-9.08203125e-05,1,-0.90057373046875,1189
-0.9033203125,11.798781970210939,-9.109497070312501e-05,1,-0.90240478515625,1190
-0.90576171875,11.80366497019861,-9.130859375e-05,1,-0.90484619140625,1191
-0.908203125,11.808547970186282,-9.1552734375e-05,1,-0.9075927734375,1192
-0.91064453125,11.813430970173954,-9.182739257812501e-05,1,-0.91033935546875,1193
-0.9130859375,11.818313970161626,-9.207153320312501e-05,1,-0.91217041015625,1194
-0.91552734375,11.823196970149297,-9.228515625e-05,1,-0.91461181640625,1195
-0.91796875,11.828079970136969,-9.255981445312501e-05,1,-0.9173583984375,1196
-0.92041015625,11.83296297012464,-9.283447265625001e-05,1,-0.9197998046875,1197
-0.9228515625,11.837845970112312,-9.3017578125e-05,1,-0.9222412109375,1198
-0.92529296875,11.842728970099984,-9.326171875e-05,1,-0.9246826171875,1199
-0.927734375,11.847611970087655,-9.3536376953125e-05,1,-0.9271240234375,1200
-0.93017578125,11.852494970075327,-9.3780517578125e-05,1,-0.9295654296875,1201
-0.9326171875,11.857377970062998,-9.3994140625e-05,1,-0.93170166015625,1202
-0.93505859375,11.86226097005067,-9.4268798828125e-05,1,-0.9344482421875,1203
-0.9375,11.867143970038342,-9.454345703125001e-05,1,-0.9368896484375,1204
-0.93994140625,11.872026970026013,-9.4757080078125e-05,1,-0.93963623046875,1205
-0.9423828125,11.876909970013685,-9.5001220703125e-05,1,-0.94146728515625,1206
-0.94482421875,11.881792970001356,-9.527587890625001e-05,1,-0.94390869140625,1207
-0.947265625,11.886675969989028,-9.5489501953125e-05,1,-0.94696044921875,1208
-0.94970703125,11.8915589699767,-9.5733642578125e-05,1,-0.9490966796875,1209
-0.9521484375,11.896441969964371,-9.600830078125001e-05,1,-0.95184326171875,1210
-0.95458984375,11.901324969952043,-9.625244140625001e-05,1,-0.953369140625,1211
-0.95703125,11.906207969939715,-9.6466064453125e-05,1,-0.9564208984375,1212
-0.95947265625,11.911090969927386,-9.674072265625001e-05,1,-0.95916748046875,1213
-0.9619140625,11.915973969915058,-9.701538085937501e-05,1,-0.9613037109375,1214
-0.96435546875,11.92085696990273,-9.722900390625e-05,1,-0.96343994140625,1215
-0.966796875,11.925739969890401,-9.7442626953125e-05,1,-0.9661865234375,1216
-0.96923828125,11.930622969878073,-9.774780273437501e-05,1,-0.96832275390625,1217
-0.9716796875,11.935505969865744,-9.796142578125e-05,1,-0.97076416015625,1218
-0.97412109375,11.940388969853416,-9.820556640625e-05,1,-0.9735107421875,1219
-0.9765625,11.945271969841087,-9.848022460937501e-05,1,-0.9759521484375,1220
-0.97900390625,11.950154969828759,-9.872436523437501e-05,1,-0.9783935546875,1221
-0.9814453125,11.95503796981643,-9.893798828125e-05,1,-0.9808349609375,1222
-0.98388671875,11.959920969804102,-9.918212890625e-05,1,-0.9832763671875,1223
-0.986328125,11.964803969791774,-9.945678710937501e-05,1,-0.98602294921875,1224
-0.98876953125,11.969686969779445,-9.970092773437501e-05,1,-0.98785400390625,1225
-0.9912109375,11.974569969767117,-9.991455078125e-05,1,-0.99029541015625,1226
-0.99365234375,11.979452969754789,-0.00010018920898437501,1,-0.99273681640625,1227
-0.99609375,11.98433596974246,-0.00010043334960937501,1,-0.9954833984375,1228
-0.99853515625,11.989218969730132,-0.00010067749023437501,1,-0.99761962890625,1229
-1.0009765625,11.994101969717804,-0.000100921630859375,1,-1.00006103515625,1230
-0.99853515625,11.998984969705475,-0.00010070800781250001,1,-0.9979248046875,1231
-0.99609375,12.003867969693147,-0.00010043334960937501,1,-0.99578857421875,1232
-0.99365234375,12.008750969680818,-0.00010015869140625,1,-0.9930419921875,1233
-0.9912109375,12.01363396966849,-9.997558593750001e-05,1,-0.99090576171875,1234
-0.98876953125,12.018516969656162,-9.970092773437501e-05,1,-0.98846435546875,1235
-0.986328125,12.023399969643833,-9.942626953125e-05,1,-0.9857177734375,1236
-0.98388671875,12.028282969631505,-9.921264648437501e-05,1,-0.98297119140625,1237
-0.9814453125,12.033165969619176,-9.896850585937501e-05,1,-0.98114013671875,1238
-0.97900390625,12.038048969606848,-9.869384765625e-05,1,-0.9783935546875,1239
-0.9765625,12.04293196959452,-9.844970703125e-05,1,-0.97564697265625,1240
-0.97412109375,12.047814969582191,-9.823608398437501e-05,1,-0.97320556640625,1241
-0.9716796875,12.052697969569863,-9.796142578125e-05,1,-0.97137451171875,1242
-0.96923828125,12.057580969557534,-9.7686767578125e-05,1,-0.9686279296875,1243
-0.966796875,12.062463969545206,-9.747314453125e-05,1,-0.96588134765625,1244
-0.96435546875,12.067346969532878,-9.725952148437501e-05,1,-0.96405029296875,1245
-0.9619140625,12.07222996952055,-9.6954345703125e-05,1,-0.9613037109375,1246
-0.95947265625,12.07711296950822,-9.674072265625001e-05,1,-0.95916748046875,1247
-0.95703125,12.081995969495892,-9.649658203125001e-05,1,-0.95611572265625,1248
-0.95458984375,12.086878969483564,-9.625244140625001e-05,1,-0.95428466796875,1249
-0.9521484375,12.091761969471236,-9.5977783203125e-05,1,-0.95123291015625,1250
-0.94970703125,12.096644969458907,-9.576416015625001e-05,1,-0.9490966796875,1251
-0.947265625,12.101527969446579,-9.552001953125001e-05,1,-0.9466552734375,1252
-0.94482421875,12.10641096943425,-9.5245361328125e-05,1,-0.9442138671875,1253
-0.9423828125,12.111293969421922,-9.5001220703125e-05,1,-0.94146728515625,1254
-0.93994140625,12.116176969409594,-9.478759765625001e-05,1,-0.93963623046875,1255
-0.9375,12.121059969397265,-9.4512939453125e-05,1,-0.936279296875,1256
-0.93505859375,12.125942969384937,-9.423828125e-05,1,-0.9344482421875,1257
-0.9326171875,12.130825969372609,-9.405517578125001e-05,1,-0.93170166015625,1258
-0.93017578125,12.13570896936028,-9.3780517578125e-05,1,-0.92987060546875,1259
-0.927734375,12.140591969347952,-9.3505859375e-05,1,-0.9271240234375,1260
-0.92529296875,12.145474969335623,-9.3292236328125e-05,1,-0.9246826171875,1261
-0.9228515625,12.150357969323295,-9.3048095703125e-05,1,-0.92254638671875,1262
-0.92041015625,12.155240969310967,-9.27734375e-05,1,-0.91949462890625,1263
-0.91796875,12.160123969298638,-9.255981445312501e-05,1,-0.91766357421875,1264
-0.91552734375,12.16500696928631,-9.231567382812501e-05,1,-0.91461181640625,1265
-0.9130859375,12.169889969273981,-9.2041015625e-05,1,-0.91217041015625,1266
-0.91064453125,12.174772969261653,-9.1766357421875e-05,1,-0.90972900390625,1267
-0.908203125,12.179655969249325,-9.158325195312501e-05,1,-0.90728759765625,1268
-0.90576171875,12.184538969236996,-9.133911132812501e-05,1,-0.9051513671875,1269
-0.9033203125,12.189421969224668,-9.1064453125e-05,1,-0.90240478515625,1270
-0.90087890625,12.19430496921234,-9.08203125e-05,1,-0.9002685546875,1271
-0.8984375,12.199187969200011,-9.060668945312501e-05,1,-0.8978271484375,1272
-0.89599609375,12.204070969187683,-9.033203125e-05,1,-0.8953857421875,1273
-0.8935546875,12.208953969175354,-9.0057373046875e-05,1,-0.89324951171875,1274
-0.89111328125,12.213836969163026,-8.984375e-05,1,-0.8905029296875,1275
-0.888671875,12.218719969150698,-8.9599609375e-05,1,-0.8880615234375,1276
-0.88623046875,12.22360296913837,-8.9324951171875e-05,1,-0.8856201171875,1277
-0.8837890625,12.22848596912604,-8.9111328125e-05,1,-0.882568359375,1278
-0.88134765625,12.233368969113712,-8.88671875e-05,1,-0.88104248046875,1279
-0.87890625,12.238251969101384,-8.8592529296875e-05,1,-0.8782958984375,1280
-0.87646484375,12.243134969089056,-8.8348388671875e-05,1,-0.87554931640625,1281
-0.8740234375,12.248017969076727,-8.813476562500001e-05,1,-0.8734130859375,1282
-0.87158203125,12.252900969064399,-8.7860107421875e-05,1,-0.87066650390625,1283
-0.869140625,12.25778396905207,-8.758544921875e-05,1,-0.86883544921875,1284
-0.86669921875,12.262666969039742,-8.7371826171875e-05,1,-0.86639404296875,1285
-0.8642578125,12.267549969027414,-8.715820312500001e-05,1,-0.863037109375,1286
-0.86181640625,12.272432969015085,-8.685302734375e-05,1,-0.86151123046875,1287
-0.859375,12.277315969002757,-8.6639404296875e-05,1,-0.85906982421875,1288
-0.85693359375,12.282198968990429,-8.6395263671875e-05,1,-0.8563232421875,1289
-0.8544921875,12.2870819689781,-8.6151123046875e-05,1,-0.85357666015625,1290
-0.85205078125,12.291964968965772,-8.587646484375e-05,1,-0.8514404296875,1291
-0.849609375,12.296847968953443,-8.5662841796875e-05,1,-0.848388671875,1292
-0.84716796875,12.301730968941115,-8.5418701171875e-05,1,-0.8465576171875,1293
-0.8447265625,12.306613968928787,-8.514404296875e-05,1,-0.8441162109375,1294
-0.84228515625,12.311496968916458,-8.489990234375e-05,1,-0.84197998046875,1295
-0.83984375,12.31637996890413,-8.4686279296875e-05,1,-0.83892822265625,1296
-0.83740234375,12.321262968891801,-8.441162109375e-05,1,-0.836181640625,1297
-0.8349609375,12.326145968879473,-8.416748046875e-05,1,-0.83465576171875,1298
-0.83251953125,12.331028968867145,-8.392333984375e-05,1,-0.83160400390625,1299
-0.830078125,12.335911968854816,-8.367919921875e-05,1,-0.8294677734375,1300
-0.82763671875,12.340794968842488,-8.3404541015625e-05,1,-0.8270263671875,1301
-0.8251953125,12.34567796883016,-8.319091796875e-05,1,-0.8245849609375,1302
-0.82275390625,12.350560968817831,-8.294677734375e-05,1,-0.82183837890625,1303
-0.8203125,12.355443968805503,-8.2672119140625e-05,1,-0.82000732421875,1304
-0.81787109375,12.360326968793174,-8.245849609375e-05,1,-0.8172607421875,1305
-0.8154296875,12.365209968780846,-8.221435546875e-05,1,-0.8148193359375,1306
-0.81298828125,12.370092968768517,-8.1939697265625e-05,1,-0.81207275390625,1307
-0.810546875,12.374975968756189,-8.1695556640625e-05,1,-0.80963134765625,1308
-0.80810546875,12.37985896874386,-8.148193359375e-05,1,-0.8074951171875,1309
-0.8056640625,12.384741968731532,-8.123779296875e-05,1,-0.80535888671875,1310
-0.80322265625,12.389624968719204,-8.09326171875e-05,1,-0.80230712890625,1311
-0.80078125,12.394507968706876,-8.0718994140625e-05,1,-0.8001708984375,1312
-0.79833984375,12.399390968694547,-8.050537109375001e-05,1,-0.79803466796875,1313
-0.7958984375,12.404273968682219,-8.0230712890625e-05,1,-0.79498291015625,1314
-0.79345703125,12.40915696866989,-7.99560546875e-05,1,-0.7928466796875,1315
-0.791015625,12.414039968657562,-7.9742431640625e-05,1,-0.79010009765625,1316
-0.78857421875,12.418922968645234,-7.9498291015625e-05,1,-0.78765869140625,1317
-0.7861328125,12.423805968632905,-7.92236328125e-05,1,-0.7855224609375,1318
-0.78369140625,12.428688968620577,-7.89794921875e-05,1,-0.7830810546875,1319
-0.78125,12.433571968608248,-7.8765869140625e-05,1,-0.7806396484375,1320
-0.77880859375,12.43845496859592,-7.84912109375e-05,1,-0.7781982421875,1321
-0.7763671875,12.443337968583592,-7.82470703125e-05,1,-0.77606201171875,1322
-0.77392578125,12.448220968571263,-7.8033447265625e-05,1,-0.77362060546875,1323
-0.771484375,12.453103968558935,-7.77587890625e-05,1,-0.7708740234375,1324
-0.76904296875,12.457986968546606,-7.75146484375e-05,1,-0.76873779296875,1325
-0.7666015625,12.462869968534278,-7.7301025390625e-05,1,-0.76629638671875,1326
-0.76416015625,12.46775296852195,-7.7056884765625e-05,1,-0.76324462890625,1327
-0.76171875,12.472635968509621,-7.67822265625e-05,1,-0.7611083984375,1328
-0.75927734375,12.477518968497293,-7.65380859375e-05,1,-0.75836181640625,1329
-0.7568359375,12.482401968484965,-7.632446289062501e-05,1,-0.7562255859375,1330
-0.75439453125,12.487284968472636,-7.60498046875e-05,1,-0.7537841796875,1331
-0.751953125,12.492167968460308,-7.58056640625e-05,1,-0.7513427734375,1332
-0.74951171875,12.49705096844798,-7.55615234375e-05,1,-0.74847412109375,1333
-0.7470703125,12.501933968435651,-7.53173828125e-05,1,-0.74609375,1334
-0.74462890625,12.506816968423323,-7.5042724609375e-05,1,-0.743621826171875,1335
-0.7421875,12.511699968410994,-7.48291015625e-05,1,-0.74114990234375,1336
-0.73974609375,12.516582968398666,-7.45849609375e-05,1,-0.73870849609375,1337
-0.7373046875,12.521465968386337,-7.4310302734375e-05,1,-0.73626708984375,1338
-0.73486328125,12.526348968374009,-7.4066162109375e-05,1,-0.733856201171875,1339
-0.732421875,12.53123196836168,-7.38525390625e-05,1,-0.731414794921875,1340
-0.72998046875,12.536114968349352,-7.3577880859375e-05,1,-0.728973388671875,1341
-0.7275390625,12.540997968337024,-7.330322265625e-05,1,-0.726531982421875,1342
-0.72509765625,12.545880968324695,-7.3089599609375e-05,1,-0.724090576171875,1343
-0.72265625,12.550763968312367,-7.28759765625e-05,1,-0.72161865234375,1344
-0.72021484375,12.555646968300039,-7.257080078125e-05,1,-0.71923828125,1345
-0.7177734375,12.56052996828771,-7.2357177734375e-05,1,-0.716827392578125,1346
-0.71533203125,12.565412968275382,-7.2113037109375e-05,1,-0.714324951171875,1347
-0.712890625,12.570295968263054,-7.1868896484375e-05,1,-0.711883544921875,1348
-0.71044921875,12.575178968250725,-7.159423828125e-05,1,-0.70953369140625,1349
-0.7080078125,12.580061968238397,-7.1380615234375e-05,1,-0.707061767578125,1350
-0.70556640625,12.584944968226068,-7.1136474609375e-05,1,-0.704559326171875,1351
-0.703125,12.58982796821374,-7.086181640625e-05,1,-0.7021484375,1352
-0.70068359375,12.594710968201412,-7.061767578125e-05,1,-0.69976806640625,1353
-0.6982421875,12.599593968189083,-7.0404052734375e-05,1,-0.697265625,1354
-0.69580078125,12.604476968176755,-7.012939453125e-05,1,-0.69482421875,1355
-0.693359375,12.609359968164426,-6.988525390625e-05,1,-0.69244384765625,1356
-0.69091796875,12.614242968152098,-6.9671630859375e-05,1,-0.68994140625,1357
-0.6884765625,12.61912596813977,-6.9427490234375e-05,1,-0.687530517578125,1358
-0.68603515625,12.624008968127441,-6.915283203125e-05,1,-0.685089111328125,1359
-0.68359375,12.628891968115113,-6.890869140625e-05,1,-0.68267822265625,1360
-0.68115234375,12.633774968102784,-6.866455078125e-05,1,-0.680206298828125,1361
-0.6787109375,12.638657968090456,-6.8389892578125e-05,1,-0.67779541015625,1362
-0.67626953125,12.643540968078128,-6.817626953125e-05,1,-0.675323486328125,1363
-0.673828125,12.6484239680658,-6.793212890625e-05,1,-0.67291259765625,1364
-0.67138671875,12.65330696805347,-6.768798828125e-05,1,-0.67047119140625,1365
-0.6689453125,12.658189968041142,-6.7413330078125e-05,1,-0.668060302734375,1366
-0.66650390625,12.663072968028814,-6.719970703125e-05,1,-0.66558837890625,1367
-0.6640625,12.667955968016486,-6.695556640625e-05,1,-0.663177490234375,1368
-0.66162109375,12.672838968004157,-6.6680908203125e-05,1,-0.6607666015625,1369
-0.6591796875,12.677721967991829,-6.6436767578125e-05,1,-0.658294677734375,1370
-0.65673828125,12.6826049679795,-6.622314453125e-05,1,-0.655853271484375,1371
-0.654296875,12.687487967967172,-6.5948486328125e-05,1,-0.653411865234375,1372
-0.65185546875,12.692370967954844,-6.5704345703125e-05,1,-0.6510009765625,1373
-0.6494140625,12.697253967942515,-6.5460205078125e-05,1,-0.6485595703125,1374
-0.64697265625,12.702136967930187,-6.5216064453125e-05,1,-0.64605712890625,1375
-0.64453125,12.707019967917859,-6.494140625e-05,1,-0.643646240234375,1376
-0.64208984375,12.71190296790553,-6.4727783203125e-05,1,-0.641204833984375,1377
-0.6396484375,12.716785967893202,-6.4483642578125e-05,1,-0.638824462890625,1378
-0.63720703125,12.721668967880873,-6.4208984375e-05,1,-0.6363525390625,1379
-0.634765625,12.726551967868545,-6.396484375e-05,1,-0.63397216796875,1380
-0.63232421875,12.731434967856217,-6.3751220703125e-05,1,-0.6314697265625,1381
-0.6298828125,12.736317967843888,-6.34765625e-05,1,-0.628997802734375,1382
-0.62744140625,12.74120096783156,-6.3201904296875e-05,1,-0.6265869140625,1383
-0.625,12.746083967819231,-6.298828125e-05,1,-0.624114990234375,1384
-0.62255859375,12.750966967806903,-6.2744140625e-05,1,-0.621673583984375,1385
-0.6201171875,12.755849967794575,-6.25e-05,1,-0.619293212890625,1386
-0.61767578125,12.760732967782246,-6.2255859375e-05,1,-0.616851806640625,1387
-0.615234375,12.765615967769918,-6.2042236328125e-05,1,-0.6143798828125,1388
-0.61279296875,12.77049896775759,-6.1767578125e-05,1,-0.611968994140625,1389
-0.6103515625,12.775381967745261,-6.15234375e-05,1,-0.6094970703125,1390
-0.60791015625,12.780264967732933,-6.1279296875e-05,1,-0.607025146484375,1391
-0.60546875,12.785147967720604,-6.103515625e-05,1,-0.604644775390625,1392
-0.60302734375,12.790030967708276,-6.0760498046875e-05,1,-0.60223388671875,1393
-0.6005859375,12.794913967695948,-6.0546875e-05,1,-0.59979248046875,1394
-0.59814453125,12.79979696768362,-6.0302734375000006e-05,1,-0.5972900390625,1395
-0.595703125,12.80467996767129,-6.0028076171875e-05,1,-0.594879150390625,1396
-0.59326171875,12.809562967658962,-5.9783935546875e-05,1,-0.592498779296875,1397
-0.5908203125,12.814445967646634,-5.9570312500000005e-05,1,-0.5899658203125,1398
-0.58837890625,12.819328967634306,-5.9295654296875e-05,1,-0.5875244140625,1399
-0.5859375,12.824211967621977,-5.9051513671875e-05,1,-0.58514404296875,1400
-0.58349609375,12.829094967609649,-5.8807373046875e-05,1,-0.58270263671875,1401
-0.5810546875,12.83397796759732,-5.8563232421875e-05,1,-0.580169677734375,1402
-0.57861328125,12.838860967584992,-5.8288574218750004e-05,1,-0.57781982421875,1403
-0.576171875,12.843743967572664,-5.8074951171875e-05,1,-0.57537841796875,1404
-0.57373046875,12.848626967560335,-5.7830810546875e-05,1,-0.572967529296875,1405
-0.5712890625,12.853509967548007,-5.7586669921875e-05,1,-0.570465087890625,1406
-0.56884765625,12.858392967535679,-5.7312011718750003e-05,1,-0.568084716796875,1407
-0.56640625,12.86327596752335,-5.7098388671875e-05,1,-0.56561279296875,1408
-0.56396484375,12.868158967511022,-5.6854248046875e-05,1,-0.56317138671875,1409
-0.5615234375,12.873041967498693,-5.657958984375e-05,1,-0.560699462890625,1410
-0.55908203125,12.877924967486365,-5.633544921875e-05,1,-0.558349609375,1411
-0.556640625,12.882807967474037,-5.6121826171875006e-05,1,-0.555908203125,1412
-0.55419921875,12.887690967461708,-5.584716796875e-05,1,-0.553436279296875,1413
-0.5517578125,12.89257396744938,-5.560302734375e-05,1,-0.55096435546875,1414
-0.54931640625,12.897456967437051,-5.5389404296875005e-05,1,-0.548553466796875,1415
-0.546875,12.902339967424723,-5.511474609375e-05,1,-0.546112060546875,1416
-0.54443359375,12.907222967412395,-5.4840087890625005e-05,1,-0.543731689453125,1417
-0.5419921875,12.912105967400066,-5.462646484375e-05,1,-0.541290283203125,1418
-0.53955078125,12.916988967387738,-5.438232421875e-05,1,-0.538787841796875,1419
-0.537109375,12.92187196737541,-5.4107666015625004e-05,1,-0.536346435546875,1420
-0.53466796875,12.926754967363081,-5.389404296875e-05,1,-0.533966064453125,1421
-0.5322265625,12.931637967350753,-5.364990234375e-05,1,-0.531524658203125,1422
-0.52978515625,12.936520967338424,-5.340576171875e-05,1,-0.529022216796875,1423
-0.52734375,12.941403967326096,-5.3131103515625e-05,1,-0.526641845703125,1424
-0.52490234375,12.946286967313767,-5.291748046875e-05,1,-0.524139404296875,1425
-0.5224609375,12.951169967301439,-5.267333984375e-05,1,-0.521728515625,1426
-0.52001953125,12.95605296728911,-5.2398681640625e-05,1,-0.519287109375,1427
-0.517578125,12.960935967276782,-5.2154541015625e-05,1,-0.516876220703125,1428
-0.51513671875,12.965818967264454,-5.1940917968750005e-05,1,-0.514404296875,1429
-0.5126953125,12.970701967252126,-5.1666259765625e-05,1,-0.511993408203125,1430
-0.51025390625,12.975584967239797,-5.1422119140625e-05,1,-0.509552001953125,1431
-0.5078125,12.980467967227469,-5.1177978515625e-05,1,-0.5072021484375,1432
-0.50537109375,12.98535096721514,-5.0933837890625e-05,1,-0.504669189453125,1433
-0.5029296875,12.990233967202812,-5.0659179687500004e-05,1,-0.502227783203125,1434
-0.50048828125,12.995116967190484,-5.0445556640625e-05,1,-0.499786376953125,1435
-0.498046875,12.999999967178155,-5.0201416015625e-05,1,-0.49737548828125,1436
-0.49560546875,13.004882967165827,-4.996337890625e-05,1,-0.494903564453125,1437
-0.4931640625,13.009765967153498,-4.97161865234375e-05,1,-0.492523193359375,1438
-0.49072265625,13.01464896714117,-4.949951171875e-05,1,-0.49005126953125,1439
-0.48828125,13.019531967128842,-4.9240112304687505e-05,1,-0.48760986328125,1440
-0.48583984375,13.024414967116513,-4.89715576171875e-05,1,-0.485198974609375,1441
-0.4833984375,13.029297967104185,-4.8751831054687504e-05,1,-0.482757568359375,1442
-0.48095703125,13.034180967091856,-4.8513793945312503e-05,1,-0.480316162109375,1443
-0.478515625,13.039063967079528,-4.82391357421875e-05,1,-0.4779052734375,1444
-0.47607421875,13.0439469670672,-4.8004150390625005e-05,1,-0.47540283203125,1445
-0.4736328125,13.048829967054871,-4.77783203125e-05,1,-0.472930908203125,1446
-0.47119140625,13.053712967042543,-4.7512817382812505e-05,1,-0.47052001953125,1447
-0.46875,13.058595967030215,-4.72503662109375e-05,1,-0.468170166015625,1448
-0.46630859375,13.063478967017886,-4.7039794921875e-05,1,-0.46563720703125,1449
-0.4638671875,13.068361967005558,-4.6786499023437504e-05,1,-0.4632568359375,1450
-0.46142578125,13.07324496699323,-4.6514892578125e-05,1,-0.460784912109375,1451
-0.458984375,13.078127966980901,-4.6282958984375005e-05,1,-0.458343505859375,1452
-0.45654296875,13.083010966968573,-4.60601806640625e-05,1,-0.4559326171875,1453
-0.4541015625,13.087893966956244,-4.57794189453125e-05,1,-0.4534912109375,1454
-0.45166015625,13.092776966943916,-4.5526123046875e-05,1,-0.4510498046875,1455
-0.44921875,13.097659966931587,-4.5312500000000004e-05,1,-0.4486083984375,1456
-0.44677734375,13.102542966919259,-4.5056152343750005e-05,1,-0.4461669921875,1457
-0.4443359375,13.10742596690693,-4.478759765625e-05,1,-0.443756103515625,1458
-0.44189453125,13.112308966894602,-4.4561767578125005e-05,1,-0.441314697265625,1459
-0.439453125,13.117191966882274,-4.4329833984375003e-05,1,-0.438812255859375,1460
-0.43701171875,13.122074966869945,-4.4049072265625e-05,1,-0.4364013671875,1461
-0.4345703125,13.126957966857617,-4.38140869140625e-05,1,-0.4339599609375,1462
-0.43212890625,13.131840966845289,-4.3591308593750003e-05,1,-0.431488037109375,1463
-0.4296875,13.13672396683296,-4.3328857421875005e-05,1,-0.429107666015625,1464
-0.42724609375,13.141606966820632,-4.3060302734375e-05,1,-0.426666259765625,1465
-0.4248046875,13.146489966808304,-4.2849731445312504e-05,1,-0.424285888671875,1466
-0.42236328125,13.151372966795975,-4.2602539062500004e-05,1,-0.421783447265625,1467
-0.419921875,13.156255966783647,-4.2327880859375e-05,1,-0.419403076171875,1468
-0.41748046875,13.161138966771318,-4.2095947265625e-05,1,-0.416900634765625,1469
-0.4150390625,13.16602196675899,-4.18701171875e-05,1,-0.41448974609375,1470
-0.41259765625,13.170904966746662,-4.15985107421875e-05,1,-0.41204833984375,1471
-0.41015625,13.175787966734333,-4.13421630859375e-05,1,-0.409637451171875,1472
-0.40771484375,13.180670966722005,-4.1128540039062504e-05,1,-0.4071044921875,1473
-0.4052734375,13.185553966709676,-4.0869140625000005e-05,1,-0.40472412109375,1474
-0.40283203125,13.190436966697348,-4.06036376953125e-05,1,-0.402313232421875,1475
-0.400390625,13.19531996668502,-4.0374755859375e-05,1,-0.399871826171875,1476
-0.39794921875,13.200202966672691,-4.0145874023437503e-05,1,-0.39739990234375,1477
-0.3955078125,13.205085966660363,-3.9862060546875e-05,1,-0.394927978515625,1478
-0.39306640625,13.209968966648034,-3.96240234375e-05,1,-0.392547607421875,1479
-0.390625,13.214851966635706,-3.9404296875000004e-05,1,-0.390106201171875,1480
-0.38818359375,13.219734966623378,-3.9141845703125e-05,1,-0.387664794921875,1481
-0.3857421875,13.22461796661105,-3.8873291015625e-05,1,-0.385162353515625,1482
-0.38330078125,13.22950096659872,-3.8659667968750005e-05,1,-0.3828125,1483
-0.380859375,13.234383966586392,-3.8418579101562504e-05,1,-0.380340576171875,1484
-0.37841796875,13.239266966574064,-3.81439208984375e-05,1,-0.377899169921875,1485
-0.3759765625,13.244149966561736,-3.79058837890625e-05,1,-0.37548828125,1486
-0.37353515625,13.249032966549407,-3.7683105468750004e-05,1,-0.373046875,1487
-0.37109375,13.253915966537079,-3.741455078125e-05,1,-0.37054443359375,1488
-0.36865234375,13.25879896652475,-3.71551513671875e-05,1,-0.368133544921875,1489
-0.3662109375,13.263681966512422,-3.6941528320312504e-05,1,-0.365692138671875,1490
-0.36376953125,13.268564966500094,-3.6685180664062505e-05,1,-0.36328125,1491
-0.361328125,13.273447966487765,-3.64166259765625e-05,1,-0.36083984375,1492
-0.35888671875,13.278330966475437,-3.61846923828125e-05,1,-0.358428955078125,1493
-0.3564453125,13.283213966463109,-3.5961914062500003e-05,1,-0.355926513671875,1494
-0.35400390625,13.28809696645078,-3.568115234375e-05,1,-0.35345458984375,1495
-0.3515625,13.292979966438452,-3.54339599609375e-05,1,-0.35107421875,1496
-0.34912109375,13.297862966426123,-3.5217285156250004e-05,1,-0.348663330078125,1497
-0.3466796875,13.302745966413795,-3.4954833984375e-05,1,-0.346221923828125,1498
-0.34423828125,13.307628966401467,-3.46893310546875e-05,1,-0.343780517578125,1499
-0.341796875,13.312511966389138,-3.4466552734375e-05,1,-0.34130859375,1500
-0.33935546875,13.31739496637681,-3.4231567382812504e-05,1,-0.338897705078125,1501
-0.3369140625,13.322277966364481,-3.3953857421875e-05,1,-0.33642578125,1502
-0.33447265625,13.327160966352153,-3.37188720703125e-05,1,-0.334014892578125,1503
-0.33203125,13.332043966339825,-3.3496093750000004e-05,1,-0.331512451171875,1504
-0.32958984375,13.336926966327496,-3.32305908203125e-05,1,-0.3291015625,1505
-0.3271484375,13.341809966315168,-3.2965087890625e-05,1,-0.326751708984375,1506
-0.32470703125,13.34669296630284,-3.2757568359375004e-05,1,-0.32421875,1507
-0.322265625,13.351575966290511,-3.2507324218750004e-05,1,-0.32183837890625,1508
-0.31982421875,13.356458966278183,-3.2232666015625e-05,1,-0.319427490234375,1509
-0.3173828125,13.361341966265854,-3.2000732421875e-05,1,-0.31695556640625,1510
-0.31494140625,13.366224966253526,-3.1777954101562503e-05,1,-0.314483642578125,1511
-0.3125,13.371107966241198,-3.14971923828125e-05,1,-0.31207275390625,1512
-0.31005859375,13.37599096622887,-3.12408447265625e-05,1,-0.309600830078125,1513
-0.3076171875,13.38087396621654,-3.1030273437500005e-05,1,-0.30706787109375,1514
-0.30517578125,13.385756966204212,-3.07708740234375e-05,1,-0.30474853515625,1515
-0.302734375,13.390639966191884,-3.05023193359375e-05,1,-0.30230712890625,1516
-0.30029296875,13.395522966179556,-3.0276489257812503e-05,1,-0.29986572265625,1517
-0.2978515625,13.400405966167227,-3.00445556640625e-05,1,-0.29742431640625,1518
-0.29541015625,13.405288966154899,-2.9763793945312502e-05,1,-0.294952392578125,1519
-0.29296875,13.41017196614257,-2.95257568359375e-05,1,-0.29248046875,1520
-0.29052734375,13.415054966130242,-2.93060302734375e-05,1,-0.29010009765625,1521
-0.2880859375,13.419937966117914,-2.90435791015625e-05,1,-0.287628173828125,1522
-0.28564453125,13.424820966105585,-2.8775024414062502e-05,1,-0.285186767578125,1523
-0.283203125,13.429703966093257,-2.8564453125e-05,1,-0.282745361328125,1524
-0.28076171875,13.434586966080929,-2.83203125e-05,1,-0.28033447265625,1525
-0.2783203125,13.4394699660686,-2.80426025390625e-05,1,-0.27789306640625,1526
-0.27587890625,13.444352966056272,-2.78076171875e-05,1,-0.275482177734375,1527
-0.2734375,13.449235966043943,-2.75848388671875e-05,1,-0.2730712890625,1528
-0.27099609375,13.454118966031615,-2.7313232421875e-05,1,-0.270599365234375,1529
-0.2685546875,13.459001966019287,-2.7056884765625e-05,1,-0.268096923828125,1530
-0.26611328125,13.463884966006958,-2.684326171875e-05,1,-0.26568603515625,1531
-0.263671875,13.46876796599463,-2.6583862304687503e-05,1,-0.2633056640625,1532
-0.26123046875,13.473650965982301,-2.6315307617187502e-05,1,-0.26080322265625,1533
-0.2587890625,13.478533965969973,-2.608642578125e-05,1,-0.258392333984375,1534
-0.25634765625,13.483416965957645,-2.58575439453125e-05,1,-0.2559814453125,1535
-0.25390625,13.488299965945316,-2.55828857421875e-05,1,-0.253509521484375,1536
-0.25146484375,13.493182965932988,-2.5335693359375e-05,1,-0.25103759765625,1537
-0.2490234375,13.49806596592066,-2.51190185546875e-05,1,-0.248626708984375,1538
-0.24658203125,13.502948965908331,-2.48565673828125e-05,1,-0.246185302734375,1539
-0.244140625,13.507831965896003,-2.4588012695312503e-05,1,-0.243743896484375,1540
-0.24169921875,13.512714965883674,-2.4371337890625003e-05,1,-0.2413330078125,1541
-0.2392578125,13.517597965871346,-2.4133300781250002e-05,1,-0.2388916015625,1542
-0.23681640625,13.522480965859017,-2.3855590820312502e-05,1,-0.236419677734375,1543
-0.234375,13.527363965846689,-2.362060546875e-05,1,-0.234039306640625,1544
-0.23193359375,13.53224696583436,-2.3394775390625002e-05,1,-0.231597900390625,1545
-0.2294921875,13.537129965822032,-2.31292724609375e-05,1,-0.229156494140625,1546
-0.22705078125,13.542012965809704,-2.2866821289062502e-05,1,-0.226715087890625,1547
-0.224609375,13.546895965797376,-2.2656250000000002e-05,1,-0.2242431640625,1548
-0.22216796875,13.551778965785047,-2.2402954101562503e-05,1,-0.2218017578125,1549
-0.2197265625,13.556661965772719,-2.2128295898437502e-05,1,-0.21942138671875,1550
-0.21728515625,13.56154496576039,-2.18994140625e-05,1,-0.216949462890625,1551
-0.21484375,13.566427965748062,-2.16766357421875e-05,1,-0.2144775390625,1552
-0.21240234375,13.571310965735734,-2.1395874023437502e-05,1,-0.21209716796875,1553
-0.2099609375,13.576193965723405,-2.1142578125000003e-05,1,-0.20965576171875,1554
-0.20751953125,13.581076965711077,-2.0928955078125002e-05,1,-0.20721435546875,1555
-0.205078125,13.585959965698748,-2.06695556640625e-05,1,-0.204742431640625,1556
-0.20263671875,13.59084296568642,-2.04010009765625e-05,1,-0.202301025390625,1557
-0.2001953125,13.595725965674092,-2.01812744140625e-05,1,-0.199859619140625,1558
-0.19775390625,13.600608965661763,-1.9946289062500002e-05,1,-0.19744873046875,1559
-0.1953125,13.605491965649435,-1.9668579101562502e-05,1,-0.194976806640625,1560
-0.19287109375,13.610374965637106,-1.94305419921875e-05,1,-0.19256591796875,1561
-0.1904296875,13.615257965624778,-1.9207763671875002e-05,1,-0.190093994140625,1562
-0.18798828125,13.62014096561245,-1.89422607421875e-05,1,-0.187652587890625,1563
-0.185546875,13.625023965600121,-1.86798095703125e-05,1,-0.185211181640625,1564
-0.18310546875,13.629906965587793,-1.8469238281250002e-05,1,-0.182769775390625,1565
-0.1806640625,13.634789965575465,-1.8222045898437502e-05,1,-0.18035888671875,1566
-0.17822265625,13.639672965563136,-1.7947387695312502e-05,1,-0.177886962890625,1567
-0.17578125,13.644555965550808,-1.771240234375e-05,1,-0.175506591796875,1568
-0.17333984375,13.64943896553848,-1.74896240234375e-05,1,-0.173065185546875,1569
-0.1708984375,13.654321965526151,-1.72149658203125e-05,1,-0.17059326171875,1570
-0.16845703125,13.659204965513823,-1.69586181640625e-05,1,-0.16815185546875,1571
-0.166015625,13.664087965501494,-1.6744995117187502e-05,1,-0.165740966796875,1572
-0.16357421875,13.668970965489166,-1.64886474609375e-05,1,-0.163299560546875,1573
-0.1611328125,13.673853965476837,-1.62200927734375e-05,1,-0.16082763671875,1574
-0.15869140625,13.678736965464509,-1.59942626953125e-05,1,-0.158416748046875,1575
-0.15625,13.68361996545218,-1.5762329101562502e-05,1,-0.156036376953125,1576
-0.15380859375,13.688502965439852,-1.54815673828125e-05,1,-0.153594970703125,1577
-0.1513671875,13.693385965427524,-1.5240478515625e-05,1,-0.15106201171875,1578
-0.14892578125,13.698268965415195,-1.5020751953125e-05,1,-0.148651123046875,1579
-0.146484375,13.703151965402867,-1.47613525390625e-05,1,-0.146240234375,1580
-0.14404296875,13.708034965390539,-1.4492797851562501e-05,1,-0.143768310546875,1581
-0.1416015625,13.71291796537821,-1.4276123046875001e-05,1,-0.141326904296875,1582
-0.13916015625,13.717800965365882,-1.40380859375e-05,1,-0.138946533203125,1583
-0.13671875,13.722683965353554,-1.37603759765625e-05,1,-0.136474609375,1584
-0.13427734375,13.727566965341225,-1.3525390625000001e-05,1,-0.134063720703125,1585
-0.1318359375,13.732449965328897,-1.3299560546875e-05,1,-0.131683349609375,1586
-0.12939453125,13.737332965316568,-1.3031005859375001e-05,1,-0.12908935546875,1587
-0.126953125,13.74221596530424,-1.2771606445312501e-05,1,-0.126708984375,1588
-0.12451171875,13.747098965291912,-1.256103515625e-05,1,-0.124298095703125,1589
-0.1220703125,13.751981965279583,-1.23046875e-05,1,-0.121856689453125,1590
-0.11962890625,13.756864965267255,-1.2033081054687501e-05,1,-0.119384765625,1591
-0.1171875,13.761747965254926,-1.1804199218750001e-05,1,-0.116973876953125,1592
-0.11474609375,13.766630965242598,-1.1578369140625e-05,1,-0.114532470703125,1593
-0.1123046875,13.77151396523027,-1.1297607421875001e-05,1,-0.112060546875,1594
-0.10986328125,13.776396965217941,-1.1047363281250001e-05,1,-0.10968017578125,1595
-0.107421875,13.781279965205613,-1.0833740234375001e-05,1,-0.10723876953125,1596
-0.10498046875,13.786162965193284,-1.0574340820312501e-05,1,-0.104766845703125,1597
-0.1025390625,13.791045965180956,-1.03057861328125e-05,1,-0.102325439453125,1598
-0.10009765625,13.795928965168628,-1.00860595703125e-05,1,-0.099884033203125,1599
-0.09765625,13.8008119651563,-9.851074218750001e-06,1,-0.097503662109375,1600
-0.09521484375,13.80569496514397,-9.5703125e-06,1,-0.095001220703125,1601
-0.0927734375,13.810577965131642,-9.3353271484375e-06,1,-0.09259033203125,1602
-0.09033203125,13.815460965119314,-9.112548828125001e-06,1,-0.09014892578125,1603
-0.087890625,13.820343965106986,-8.8470458984375e-06,1,-0.087738037109375,1604
-0.08544921875,13.825226965094657,-8.59375e-06,1,-0.085205078125,1605
-0.0830078125,13.830109965082329,-8.386230468750001e-06,1,-0.082763671875,1606
-0.08056640625,13.83499296507,-8.1329345703125e-06,1,-0.080322265625,1607
-0.078125,13.839875965057672,-7.8582763671875e-06,1,-0.077880859375,1608
-0.07568359375,13.844758965045344,-7.62939453125e-06,1,-0.075439453125,1609
-0.0732421875,13.849641965033015,-7.403564453125e-06,1,-0.073028564453125,1610
-0.07080078125,13.854524965020687,-7.1258544921875e-06,1,-0.070587158203125,1611
-0.068359375,13.859407965008359,-6.87255859375e-06,1,-0.068206787109375,1612
-0.06591796875,13.86429096499603,-6.658935546875e-06,1,-0.065673828125,1613
-0.0634765625,13.869173964983702,-6.399536132812501e-06,1,-0.063262939453125,1614
-0.06103515625,13.874056964971373,-6.130981445312501e-06,1,-0.060821533203125,1615
-0.05859375,13.878939964959045,-5.908203125000001e-06,1,-0.05841064453125,1616
-0.05615234375,13.883822964946717,-5.676269531250001e-06,1,-0.055938720703125,1617
-0.0537109375,13.888705964934388,-5.392456054687501e-06,1,-0.0535888671875,1618
-0.05126953125,13.89358896492206,-5.157470703125e-06,1,-0.051116943359375,1619
-0.048828125,13.898471964909731,-4.9407958984375005e-06,1,-0.04864501953125,1620
-0.04638671875,13.903354964897403,-4.6771240234375e-06,1,-0.04619140625000001,1621
-0.0439453125,13.908237964885075,-4.4085693359375e-06,1,-0.043740844726562506,1622
-0.04150390625,13.913120964872746,-4.1979980468750005e-06,1,-0.04130249023437499,1623
-0.0390625,13.918003964860418,-3.95477294921875e-06,1,-0.03888244628906251,1624
-0.03662109375,13.92288696484809,-3.6773681640625003e-06,1,-0.03645019531249999,1625
-0.0341796875,13.927769964835761,-3.44390869140625e-06,1,-0.034005737304687506,1626
-0.03173828125,13.932652964823433,-3.2192993164062504e-06,1,-0.031576538085937494,1627
-0.029296875,13.937535964811104,-2.94921875e-06,1,-0.029122924804687506,1628
-0.02685546875,13.942418964798776,-2.6904296875e-06,1,-0.026681518554687506,1629
-0.0244140625,13.947301964786448,-2.4786376953125e-06,1,-0.024240112304687506,1630
-0.02197265625,13.95218496477412,-2.2201538085937503e-06,1,-0.021801757812500003,1631
-0.01953125,13.95706796476179,-1.9525146484375003e-06,1,-0.019381713867187497,1632
-0.01708984375,13.961950964749462,-1.7242431640625e-06,1,-0.016937255859375,1633
-0.0146484375,13.966833964737134,-1.4959716796875e-06,1,-0.014489746093750006,1634
-0.01220703125,13.971716964724806,-1.2139892578125e-06,1,-0.012063598632812506,1635
-0.009765625,13.976599964712477,-9.716796875e-07,1,-0.009634399414062494,1636
-0.00732421875,13.981482964700149,-7.546997070312501e-07,1,-0.0071929931640624944,1637
-0.0048828125,13.98636596468782,-4.940795898437501e-07,1,-0.0047454833984375,1638
-0.00244140625,13.991248964675492,-2.2409057617187507e-07,1,-0.0023071289062499972,1639
0.0,13.996131964663164,-7.995605468749945e-09,1,0.0001373291015625,1640
