SetpointApplied,CalcTime,EI_0.CalcCurrent,ScanNumber,EI_0.CalcPotential,Index
0.00244140625,5.841890985250643,1.6043090820312498e-08,1,0.0025726318359375056,1
0.0048828125,5.846773985238315,9.271240234375005e-10,1,0.0050109863281249944,2
0.00732421875,5.851656985225986,-2.1200561523437498e-08,1,0.007458496093750003,3
0.009765625,5.856539985213658,9.503173828125e-09,1,0.009875488281249997,4
0.01220703125,5.8614229852013295,1.67755126953125e-08,1,0.012347412109374997,5
0.0146484375,5.866305985189001,-1.507568359375e-08,1,0.014782714843750003,6
0.01708984375,5.871188985176673,-2.7099609374999997e-09,1,0.017205810546875006,7
0.01953125,5.876071985164344,1.8939208984375e-08,1,0.019631958007812506,8
0.02197265625,5.880954985152016,-3.1890869140624998e-09,1,0.0220794677734375,9
0.0244140625,5.885837985139688,-1.6195678710937498e-08,1,0.024554443359374997,10
0.02685546875,5.890720985127359,1.697998046875e-08,1,0.0269622802734375,11
0.029296875,5.895603985115031,6.6680908203125e-09,1,0.0294036865234375,12
0.03173828125,5.900486985102702,-1.6464233398437498e-08,1,0.0318634033203125,13
0.0341796875,5.905369985090374,2.8442382812499945e-10,1,0.034271240234375,14
0.03662109375,5.910252985078046,2.0086669921875e-08,1,0.0366943359375,15
0.0390625,5.915135985065717,-1.38153076171875e-08,1,0.039147949218750006,16
0.04150390625,5.920018985053389,-1.4166259765624999e-08,1,0.041583251953125004,17
0.0439453125,5.9249019850410605,1.4791870117187499e-08,1,0.04404296875,18
0.04638671875,5.929784985028732,1.8209838867187493e-09,1,0.0464630126953125,19
0.048828125,5.934667985016404,-2.04254150390625e-08,1,0.0489166259765625,20
0.05126953125,5.939550985004075,5.0811767578124994e-09,1,0.05120849609375,21
0.0537109375,5.944433984991747,1.6720581054687498e-08,1,0.053680419921875,22
0.05615234375,5.9493169849794185,-1.640625e-08,1,0.056182861328125,23
0.05859375,5.95419998496709,-4.501342773437499e-09,1,0.05853271484375,24
0.06103515625,5.959082984954762,1.695556640625e-08,1,0.06097412109375,25
0.0634765625,5.963965984942433,-1.4813232421875002e-09,1,0.063446044921875,26
0.06591796875,5.968848984930105,-1.79229736328125e-08,1,0.065887451171875,27
0.068359375,5.973731984917777,1.60736083984375e-08,1,0.068328857421875,28
0.07080078125,5.978614984905448,1.14837646484375e-08,1,0.070770263671875,29
0.0732421875,5.98349798489312,-1.6094970703125e-08,1,0.0732421875,30
0.07568359375,5.988380984880791,-1.0998535156250002e-09,1,0.075653076171875,31
0.078125,5.993263984868463,2.1630859375e-08,1,0.07794189453125,32
0.08056640625,5.998146984856135,-8.9202880859375e-09,1,0.080535888671875,33
0.0830078125,6.003029984843806,-1.62445068359375e-08,1,0.082916259765625,34
0.08544921875,6.007912984831478,1.4859008789062499e-08,1,0.085357666015625,35
0.087890625,6.0127959848191495,3.1158447265625e-09,1,0.087799072265625,36
0.09033203125,6.017678984806821,-1.839599609375e-08,1,0.090301513671875,37
0.0927734375,6.022561984794493,2.8533935546875e-09,1,0.092681884765625,38
0.09521484375,6.027444984782164,1.6918945312499998e-08,1,0.095184326171875,39
0.09765625,6.032327984769836,-1.75811767578125e-08,1,0.09765625,40
0.10009765625,6.0372109847575075,-7.153320312499999e-09,1,0.100067138671875,41
0.1025390625,6.042093984745179,1.61285400390625e-08,1,0.1024169921875,42
0.10498046875,6.046976984732851,-4.9133300781249723e-11,1,0.104949951171875,43
0.107421875,6.051859984720522,-2.00592041015625e-08,1,0.10736083984375,44
0.10986328125,6.056742984708194,1.25335693359375e-08,1,0.10980224609375,45
0.1123046875,6.0616259846958656,1.5325927734375e-08,1,0.1121826171875,46
0.11474609375,6.066508984683537,-1.50482177734375e-08,1,0.11468505859375,47
0.1171875,6.071391984671209,-1.9793701171874996e-09,1,0.117095947265625,48
0.11962890625,6.07627498465888,2.0263671875e-08,1,0.11944580078125,49
0.1220703125,6.081157984646552,-5.0811767578124994e-09,1,0.121978759765625,50
0.12451171875,6.086040984634224,-1.59393310546875e-08,1,0.12445068359375,51
0.126953125,6.090923984621895,1.607666015625e-08,1,0.1268310546875,52
0.12939453125,6.095806984609567,4.89501953125e-09,1,0.129302978515625,53
0.1318359375,6.100689984597238,-1.68792724609375e-08,1,0.131744384765625,54
0.13427734375,6.10557298458491,1.3577270507812503e-09,1,0.13421630859375,55
0.13671875,6.110455984572582,1.84814453125e-08,1,0.13629150390625,56
0.13916015625,6.115338984560253,-1.650390625e-08,1,0.13909912109375,57
0.1416015625,6.120221984547925,-1.1407470703125e-08,1,0.141510009765625,58
0.14404296875,6.1251049845355965,1.56829833984375e-08,1,0.14385986328125,59
0.146484375,6.129987984523268,1.123046875e-09,1,0.1463623046875,60
0.14892578125,6.13487098451094,-2.1154785156249998e-08,1,0.148834228515625,61
0.1513671875,6.139753984498611,8.41064453125e-09,1,0.151214599609375,62
0.15380859375,6.144636984486283,1.69403076171875e-08,1,0.153717041015625,63
0.15625,6.1495199844739545,-1.52679443359375e-08,1,0.15618896484375,64
0.15869140625,6.154402984461626,-3.0975341796875e-09,1,0.1585693359375,65
0.1611328125,6.159285984449298,1.8475341796875e-08,1,0.160980224609375,66
0.16357421875,6.164168984436969,-2.8961181640624997e-09,1,0.163421630859375,67
0.166015625,6.169051984424641,-1.64031982421875e-08,1,0.165863037109375,68
0.16845703125,6.173934984412313,1.71539306640625e-08,1,0.168304443359375,69
0.1708984375,6.178817984399984,7.67822265625e-09,1,0.17071533203125,70
0.17333984375,6.183700984387656,-1.64154052734375e-08,1,0.173187255859375,71
0.17578125,6.188583984375327,-3.6926269531249724e-11,1,0.1756591796875,72
0.17822265625,6.193466984362999,2.0709228515625e-08,1,0.17767333984375,73
0.1806640625,6.198349984350671,-1.2725830078125e-08,1,0.180511474609375,74
0.18310546875,6.203232984338342,-1.49078369140625e-08,1,0.18292236328125,75
0.185546875,6.208115984326014,1.4657592773437499e-08,1,0.18536376953125,76
0.18798828125,6.2129989843136855,2.0709228515624997e-09,1,0.187835693359375,77
0.1904296875,6.217881984301357,-1.97418212890625e-08,1,0.19024658203125,78
0.19287109375,6.222764984289029,4.718017578125e-09,1,0.192718505859375,79
0.1953125,6.2276479842767,1.66961669921875e-08,1,0.195098876953125,80
0.19775390625,6.232530984264372,-1.656494140625e-08,1,0.197601318359375,81
0.2001953125,6.2374139842520435,-4.806518554687499e-09,1,0.2000732421875,82
0.20263671875,6.242296984239715,1.6864013671875e-08,1,0.20245361328125,83
0.205078125,6.247179984227387,-1.2774658203124997e-09,1,0.20489501953125,84
0.20751953125,6.252062984215058,-1.81549072265625e-08,1,0.20733642578125,85
0.2099609375,6.25694598420273,1.5802001953125e-08,1,0.20977783203125,86
0.21240234375,6.261828984190402,1.2072753906249999e-08,1,0.212158203125,87
0.21484375,6.266711984178073,-1.59515380859375e-08,1,0.2147216796875,88
0.21728515625,6.271594984165745,-1.2115478515624999e-09,1,0.217132568359375,89
0.2197265625,6.276477984153416,2.1533203125e-08,1,0.219390869140625,90
0.22216796875,6.281360984141088,-8.349609375e-09,1,0.222015380859375,91
0.224609375,6.28624398412876,-1.62139892578125e-08,1,0.224456787109375,92
0.22705078125,6.291126984116431,1.4968872070312498e-08,1,0.22686767578125,93
0.2294921875,6.296009984104103,3.2714843749999997e-09,1,0.229278564453125,94
0.23193359375,6.3008929840917745,-1.81854248046875e-08,1,0.23175048828125,95
0.234375,6.305775984079446,2.7130126953124998e-09,1,0.234161376953125,96
0.23681640625,6.310658984067118,1.6973876953125e-08,1,0.236572265625,97
0.2392578125,6.315541984054789,-1.7657470703125e-08,1,0.239044189453125,98
0.24169921875,6.320424984042461,-7.650756835937499e-09,1,0.241424560546875,99
0.244140625,6.3253079840301325,1.6189575195312498e-08,1,0.243865966796875,100
0.24658203125,6.330190984017804,1.3946533203124944e-10,1,0.246368408203125,101
0.2490234375,6.335073984005476,-2.0324707031249998e-08,1,0.248809814453125,102
0.25146484375,6.339956983993147,1.2069702148437499e-08,1,0.251190185546875,103
0.25390625,6.344839983980819,1.5652465820312498e-08,1,0.253631591796875,104
0.25634765625,6.3497229839684906,-1.5014648437499998e-08,1,0.25616455078125,105
0.2587890625,6.354605983956162,-2.0983886718749996e-09,1,0.258544921875,106
0.26123046875,6.359488983943834,2.00286865234375e-08,1,0.260711669921875,107
0.263671875,6.364371983931505,-4.7821044921875e-09,1,0.263427734375,108
0.26611328125,6.369254983919177,-1.59820556640625e-08,1,0.265869140625,109
0.2685546875,6.374137983906849,1.6241455078124998e-08,1,0.268310546875,110
0.27099609375,6.37902098389452,5.1116943359375e-09,1,0.270751953125,111
0.2734375,6.383903983882192,-1.67938232421875e-08,1,0.273193359375,112
0.27587890625,6.388786983869863,1.1871337890625e-09,1,0.275634765625,113
0.2783203125,6.393669983857535,1.875e-08,1,0.2774658203125,114
0.28076171875,6.398552983845207,-1.6171264648437498e-08,1,0.280517578125,115
0.283203125,6.403435983832878,-1.1932373046874999e-08,1,0.282989501953125,116
0.28564453125,6.40831898382055,1.5509033203125e-08,1,0.285369873046875,117
0.2880859375,6.4132019838082215,1.2670898437499994e-09,1,0.287841796875,118
0.29052734375,6.418084983795893,-2.0962524414062498e-08,1,0.290283203125,119
0.29296875,6.422967983783565,7.80029296875e-09,1,0.29266357421875,120
0.29541015625,6.427850983771236,1.69586181640625e-08,1,0.29510498046875,121
0.2978515625,6.432733983758908,-1.54205322265625e-08,1,0.297637939453125,122
0.30029296875,6.4376169837465795,-3.2562255859374997e-09,1,0.300048828125,123
0.302734375,6.442499983734251,1.83013916015625e-08,1,0.3023681640625,124
0.30517578125,6.447382983721923,-2.6794433593749998e-09,1,0.30487060546875,125
0.3076171875,6.452265983709594,-1.658935546875e-08,1,0.307373046875,126
0.31005859375,6.457148983697266,1.71661376953125e-08,1,0.309783935546875,127
0.3125,6.462031983684938,8.1756591796875e-09,1,0.312225341796875,128
0.31494140625,6.466914983672609,-1.64764404296875e-08,1,0.314697265625,129
0.3173828125,6.471797983660281,-1.9409179687499972e-10,1,0.317138671875,130
0.31982421875,6.476680983647952,2.10357666015625e-08,1,0.319183349609375,131
0.322265625,6.481563983635624,-1.22314453125e-08,1,0.321990966796875,132
0.32470703125,6.486446983623296,-1.5231323242187498e-08,1,0.324462890625,133
0.3271484375,6.491329983610967,1.4630126953125e-08,1,0.32684326171875,134
0.32958984375,6.496212983598639,2.0996093749999997e-09,1,0.329315185546875,135
0.33203125,6.5010959835863105,-1.93603515625e-08,1,0.331756591796875,136
0.33447265625,6.505978983573982,4.2938232421875e-09,1,0.334259033203125,137
0.3369140625,6.510861983561654,1.66107177734375e-08,1,0.33660888671875,138
0.33935546875,6.515744983549325,-1.6766357421875e-08,1,0.339080810546875,139
0.341796875,6.520627983536997,-5.0994873046875e-09,1,0.341522216796875,140
0.34423828125,6.5255109835246685,1.6754150390625e-08,1,0.34393310546875,141
0.3466796875,6.53039398351234,-1.0574340820312499e-09,1,0.346405029296875,142
0.34912109375,6.535276983500012,-1.84600830078125e-08,1,0.348876953125,143
0.3515625,6.540159983487683,1.54144287109375e-08,1,0.351226806640625,144
0.35400390625,6.545042983475355,1.2640380859375e-08,1,0.35369873046875,145
0.3564453125,6.549925983463027,-1.5716552734374998e-08,1,0.35614013671875,146
0.35888671875,6.554808983450698,-1.3281249999999995e-09,1,0.358673095703125,147
0.361328125,6.55969198343837,2.1484375e-08,1,0.360931396484375,148
0.36376953125,6.564574983426041,-7.733154296875e-09,1,0.363494873046875,149
0.3662109375,6.569457983413713,-1.6192626953125e-08,1,0.36590576171875,150
0.36865234375,6.574340983401385,1.513671875e-08,1,0.368316650390625,151
0.37109375,6.579223983389056,3.5247802734374996e-09,1,0.370758056640625,152
0.37353515625,6.584106983376728,-1.790771484375e-08,1,0.373291015625,153
0.3759765625,6.5889899833643994,2.4871826171875e-09,1,0.37567138671875,154
0.37841796875,6.593872983352071,1.71539306640625e-08,1,0.378082275390625,155
0.380859375,6.598755983339743,-1.7620849609374998e-08,1,0.38055419921875,156
0.38330078125,6.603638983327414,-8.2305908203125e-09,1,0.38299560546875,157
0.3857421875,6.608521983315086,1.62872314453125e-08,1,0.385406494140625,158
0.38818359375,6.6134049833027575,3.350830078125005e-10,1,0.387847900390625,159
0.390625,6.618287983290429,-2.06787109375e-08,1,0.390380859375,160
0.39306640625,6.623170983278101,1.14715576171875e-08,1,0.3927001953125,161
0.3955078125,6.628053983265772,1.60003662109375e-08,1,0.395172119140625,162
0.39794921875,6.632936983253444,-1.49658203125e-08,1,0.397674560546875,163
0.400390625,6.6378199832411156,-2.2100830078124992e-09,1,0.400115966796875,164
0.40283203125,6.642702983228787,1.9683837890625e-08,1,0.402191162109375,165
0.4052734375,6.647585983216459,-4.2297363281249994e-09,1,0.404937744140625,166
0.40771484375,6.65246898320413,-1.59881591796875e-08,1,0.40740966796875,167
0.41015625,6.657351983191802,1.6436767578125e-08,1,0.40972900390625,168
0.41259765625,6.662234983179474,5.3802490234375e-09,1,0.4122314453125,169
0.4150390625,6.667117983167145,-1.6815185546875e-08,1,0.41473388671875,170
0.41748046875,6.672000983154817,9.692382812499996e-10,1,0.417144775390625,171
0.419921875,6.676883983142488,1.9073486328125e-08,1,0.418853759765625,172
0.42236328125,6.68176698313016,-1.5704345703124998e-08,1,0.422027587890625,173
0.4248046875,6.686649983117832,-1.2478637695312499e-08,1,0.424407958984375,174
0.42724609375,6.691532983105503,1.53106689453125e-08,1,0.42681884765625,175
0.4296875,6.696415983093175,1.3763427734375e-09,1,0.4293212890625,176
0.43212890625,6.7012989830808465,-2.0861816406249998e-08,1,0.431854248046875,177
0.4345703125,6.706181983068518,7.1441650390625e-09,1,0.434173583984375,178
0.43701171875,6.71106498305619,1.69525146484375e-08,1,0.4366455078125,179
0.439453125,6.715947983043861,-1.558837890625e-08,1,0.439056396484375,180
0.44189453125,6.720830983031533,-3.515625e-09,1,0.44158935546875,181
0.4443359375,6.7257139830192045,1.80145263671875e-08,1,0.443939208984375,182
0.44677734375,6.730596983006876,-2.4444580078125e-09,1,0.446441650390625,183
0.44921875,6.735479982994548,-1.67236328125e-08,1,0.448883056640625,184
0.45166015625,6.740362982982219,1.71539306640625e-08,1,0.4512939453125,185
0.4541015625,6.745245982969891,8.801269531249999e-09,1,0.453643798828125,186
0.45654296875,6.750128982957563,-1.6592407226562498e-08,1,0.456146240234375,187
0.458984375,6.755011982945234,-4.293823242187494e-10,1,0.458587646484375,188
0.46142578125,6.759894982932906,2.135009765625e-08,1,0.46063232421875,189
0.4638671875,6.764777982920577,-1.16241455078125e-08,1,0.463409423828125,190
0.46630859375,6.769660982908249,-1.5441894531249998e-08,1,0.4659423828125,191
0.46875,6.774543982895921,1.4581298828124999e-08,1,0.46832275390625,192
0.47119140625,6.779426982883592,2.24609375e-09,1,0.4708251953125,193
0.4736328125,6.784309982871264,-1.91253662109375e-08,1,0.473236083984375,194
0.47607421875,6.7891929828589355,3.9154052734375e-09,1,0.47564697265625,195
0.478515625,6.794075982846607,1.66229248046875e-08,1,0.478057861328125,196
0.48095703125,6.798958982834279,-1.6943359374999998e-08,1,0.4805908203125,197
0.4833984375,6.80384198282195,-5.3466796875e-09,1,0.48297119140625,198
0.48583984375,6.808724982809622,1.66778564453125e-08,1,0.48541259765625,199
0.48828125,6.8136079827972935,-8.502197265624997e-10,1,0.48785400390625,200
0.49072265625,6.818490982784965,-1.86920166015625e-08,1,0.4903564453125,201
0.4931640625,6.823373982772637,1.492919921875e-08,1,0.492706298828125,202
0.49560546875,6.828256982760308,1.3168334960937499e-08,1,0.49517822265625,203
0.498046875,6.83313998274798,-1.56158447265625e-08,1,0.4976806640625,204
0.50048828125,6.838022982735652,-1.4425659179687494e-09,1,0.500030517578125,205
0.5029296875,6.842905982723323,2.1365356445312498e-08,1,0.50238037109375,206
0.50537109375,6.847788982710995,-7.14111328125e-09,1,0.50494384765625,207
0.5078125,6.852671982698666,-1.6241455078124998e-08,1,0.507354736328125,208
0.51025390625,6.857554982686338,1.52496337890625e-08,1,0.509796142578125,209
0.5126953125,6.86243798267401,3.7170410156249998e-09,1,0.512237548828125,210
0.51513671875,6.867320982661681,-1.7681884765625e-08,1,0.514678955078125,211
0.517578125,6.872203982649353,2.4099731445312495e-09,1,0.517059326171875,212
0.52001953125,6.8770869826370244,1.73675537109375e-08,1,0.518890380859375,213
0.5224609375,6.881969982624696,-1.7437744140625e-08,1,0.522003173828125,214
0.52490234375,6.886852982612368,-8.8226318359375e-09,1,0.524444580078125,215
0.52734375,6.891735982600039,1.6323852539062498e-08,1,0.52679443359375,216
0.52978515625,6.896618982587711,5.3253173828125e-10,1,0.529327392578125,217
0.5322265625,6.9015019825753825,-2.09869384765625e-08,1,0.531768798828125,218
0.53466796875,6.906384982563054,1.08795166015625e-08,1,0.534149169921875,219
0.537109375,6.911267982550726,1.62628173828125e-08,1,0.536590576171875,220
0.53955078125,6.916150982538397,-1.4947509765625e-08,1,0.5390625,221
0.5419921875,6.921033982526069,-2.2674560546874997e-09,1,0.541534423828125,222
0.54443359375,6.9259169825137405,1.9378662109374998e-08,1,0.543914794921875,223
0.546875,6.930799982501412,-3.79638671875e-09,1,0.54638671875,224
0.54931640625,6.935682982489084,-1.600341796875e-08,1,0.548858642578125,225
0.5517578125,6.940565982476755,1.6604614257812498e-08,1,0.55126953125,226
0.55419921875,6.945448982464427,5.7525634765625e-09,1,0.553741455078125,227
0.556640625,6.950331982452099,-1.66778564453125e-08,1,0.556182861328125,228
0.55908203125,6.95521498243977,7.730102539062505e-10,1,0.55853271484375,229
0.5615234375,6.960097982427442,1.93511962890625e-08,1,0.55999755859375,230
0.56396484375,6.964980982415113,-1.507568359375e-08,1,0.563385009765625,231
0.56640625,6.969863982402785,-1.30523681640625e-08,1,0.56591796875,232
0.56884765625,6.974746982390457,1.513671875e-08,1,0.568267822265625,233
0.5712890625,6.979629982378128,1.5145874023437505e-09,1,0.57073974609375,234
0.57373046875,6.9845129823658,-2.08343505859375e-08,1,0.57330322265625,235
0.576171875,6.9893959823534715,6.5795898437499995e-09,1,0.57562255859375,236
0.57861328125,6.994278982341143,1.689453125e-08,1,0.578033447265625,237
0.5810546875,6.999161982328815,-1.5774536132812498e-08,1,0.580535888671875,238
0.58349609375,7.004044982316486,-3.7078857421875e-09,1,0.582977294921875,239
0.5859375,7.008927982304158,1.7602539062499998e-08,1,0.585357666015625,240
0.58837890625,7.0138109822918295,-2.1942138671875e-09,1,0.587799072265625,241
0.5908203125,7.018693982279501,-1.7010498046875e-08,1,0.59027099609375,242
0.59326171875,7.023576982267173,1.6949462890625e-08,1,0.592742919921875,243
0.595703125,7.028459982254844,9.4329833984375e-09,1,0.5950927734375,244
0.59814453125,7.033342982242516,-1.6516113281249998e-08,1,0.597564697265625,245
0.6005859375,7.038225982230188,-6.054687500000002e-10,1,0.60003662109375,246
0.60302734375,7.043108982217859,2.1527099609375e-08,1,0.601959228515625,247
0.60546875,7.047991982205531,-1.10107421875e-08,1,0.60491943359375,248
0.60791015625,7.052874982193202,-1.5716552734374998e-08,1,0.60736083984375,249
0.6103515625,7.057757982180874,1.468505859375e-08,1,0.60968017578125,250
0.61279296875,7.062640982168546,2.47802734375e-09,1,0.612213134765625,251
0.615234375,7.067523982156217,-1.8927001953125e-08,1,0.6146240234375,252
0.61767578125,7.072406982143889,3.5919189453125e-09,1,0.6170654296875,253
0.6201171875,7.0772899821315605,1.6604614257812498e-08,1,0.6195068359375,254
0.62255859375,7.082172982119232,-1.71783447265625e-08,1,0.62200927734375,255
0.625,7.087055982106904,-5.67626953125e-09,1,0.624420166015625,256
0.62744140625,7.091938982094575,1.6619873046875e-08,1,0.6268310546875,257
0.6298828125,7.096821982082247,-6.787109375000002e-10,1,0.6292724609375,258
0.63232421875,7.1017049820699185,-1.89788818359375e-08,1,0.631805419921875,259
0.634765625,7.10658798205759,1.4318847656249999e-08,1,0.6341552734375,260
0.63720703125,7.111470982045262,1.3824462890625e-08,1,0.636566162109375,261
0.6396484375,7.116353982032933,-1.54144287109375e-08,1,0.63909912109375,262
0.64208984375,7.121236982020605,-1.5655517578125e-09,1,0.64141845703125,263
0.64453125,7.126119982008277,2.12677001953125e-08,1,0.643707275390625,264
0.64697265625,7.131002981995948,-6.5826416015624995e-09,1,0.6463623046875,265
0.6494140625,7.13588598198362,-1.62445068359375e-08,1,0.648834228515625,266
0.65185546875,7.140768981971291,1.54083251953125e-08,1,0.6512451171875,267
0.654296875,7.145651981958963,3.9611816406249995e-09,1,0.6536865234375,268
0.65673828125,7.150534981946635,-1.7422485351562498e-08,1,0.656158447265625,269
0.6591796875,7.155417981934306,2.1182250976562496e-09,1,0.6585693359375,270
0.66162109375,7.160300981921978,1.75628662109375e-08,1,0.6602783203125,271
0.6640625,7.1651839819096494,-1.7431640625e-08,1,0.6634521484375,272
0.66650390625,7.170066981897321,-9.4268798828125e-09,1,0.6658935546875,273
0.6689453125,7.174949981884993,1.6278076171875e-08,1,0.668304443359375,274
0.67138671875,7.179832981872664,6.961059570312497e-10,1,0.670745849609375,275
0.673828125,7.184715981860336,-2.11212158203125e-08,1,0.673248291015625,276
0.67626953125,7.1895989818480075,1.03546142578125e-08,1,0.67559814453125,277
0.6787109375,7.194481981835679,1.64947509765625e-08,1,0.6781005859375,278
0.68115234375,7.199364981823351,-1.49749755859375e-08,1,0.68048095703125,279
0.68359375,7.204247981811022,-2.4505615234375e-09,1,0.6829833984375,280
0.68603515625,7.209130981798694,1.92047119140625e-08,1,0.685394287109375,281
0.6884765625,7.2140139817863655,-3.497314453125e-09,1,0.687774658203125,282
0.69091796875,7.218896981774037,-1.6043090820312498e-08,1,0.6903076171875,283
0.693359375,7.223779981761709,1.67724609375e-08,1,0.692718505859375,284
0.69580078125,7.22866298174938,6.097412109374999e-09,1,0.69512939453125,285
0.6982421875,7.233545981737052,-1.6650390624999998e-08,1,0.6976318359375,286
0.70068359375,7.238428981724724,5.786132812499997e-10,1,0.699981689453125,287
0.703125,7.243311981712395,1.96685791015625e-08,1,0.70135498046875,288
0.70556640625,7.248194981700067,-1.41632080078125e-08,1,0.7049560546875,289
0.7080078125,7.253077981687738,-1.3525390625e-08,1,0.707366943359375,290
0.71044921875,7.25796098167541,1.49932861328125e-08,1,0.709747314453125,291
0.712890625,7.262843981663082,1.6192626953124997e-09,1,0.71221923828125,292
0.71533203125,7.267726981650753,-2.0751953124999998e-08,1,0.714691162109375,293
0.7177734375,7.272609981638425,6.0546875e-09,1,0.71710205078125,294
0.72021484375,7.2774929816260965,1.6864013671875e-08,1,0.71954345703125,295
0.72265625,7.282375981613768,-1.59576416015625e-08,1,0.722015380859375,296
0.72509765625,7.28725898160144,-3.9642333984374996e-09,1,0.724456787109375,297
0.7275390625,7.292141981589111,1.7422485351562498e-08,1,0.726837158203125,298
0.72998046875,7.297024981576783,-2.0233154296875e-09,1,0.729278564453125,299
0.732421875,7.3019079815644545,-1.72271728515625e-08,1,0.731719970703125,300
0.73486328125,7.306790981552126,1.67694091796875e-08,1,0.734161376953125,301
0.7373046875,7.311673981539798,1.00799560546875e-08,1,0.736572265625,302
0.73974609375,7.316556981527469,-1.6464233398437498e-08,1,0.73907470703125,303
0.7421875,7.321439981515141,-7.885742187500002e-10,1,0.741485595703125,304
0.74462890625,7.326322981502813,2.1685791015624998e-08,1,0.74322509765625,305
0.7470703125,7.331205981490484,-1.0366821289062499e-08,1,0.74639892578125,306
0.74951171875,7.336088981478156,-1.5936279296875e-08,1,0.748809814453125,307
0.751953125,7.340971981465827,1.4642333984374999e-08,1,0.75103759765625,308
0.75439453125,7.345854981453499,2.47802734375e-09,1,0.75347900390625,309
0.7568359375,7.350737981441171,-1.888427734375e-08,1,0.755615234375,310
0.75927734375,7.355620981428842,3.570556640625e-09,1,0.75775146484375,311
0.76171875,7.360503981416514,1.6580200195312498e-08,1,0.76080322265625,312
0.76416015625,7.3653869814041855,-1.71783447265625e-08,1,0.76324462890625,313
0.7666015625,7.370269981391857,-5.6793212890625e-09,1,0.765380859375,314
0.76904296875,7.375152981379529,1.65679931640625e-08,1,0.76812744140625,315
0.771484375,7.3800359813672,-7.052612304687497e-10,1,0.76995849609375,316
0.77392578125,7.384918981354872,-1.89544677734375e-08,1,0.772705078125,317
0.7763671875,7.3898019813425435,1.4349365234375e-08,1,0.7757568359375,318
0.77880859375,7.394684981330215,1.3845825195312499e-08,1,0.77728271484375,319
0.78125,7.399567981317887,-1.539306640625e-08,1,0.780029296875,320
0.78369140625,7.404450981305558,-1.5771484375000004e-09,1,0.782470703125,321
0.7861328125,7.40933398129323,2.13714599609375e-08,1,0.78460693359375,322
0.78857421875,7.414216981280902,-6.607055664062499e-09,1,0.787353515625,323
0.791015625,7.419099981268573,-1.62200927734375e-08,1,0.78948974609375,324
0.79345703125,7.423982981256245,1.53839111328125e-08,1,0.79193115234375,325
0.7958984375,7.428865981243916,3.9276123046874995e-09,1,0.794677734375,326
0.79833984375,7.433748981231588,-1.741943359375e-08,1,0.79742431640625,327
0.80078125,7.43863198121926,2.1514892578124998e-09,1,0.799560546875,328
0.80322265625,7.443514981206931,1.756591796875e-08,1,0.80169677734375,329
0.8056640625,7.448397981194603,-1.7376708984375e-08,1,0.804443359375,330
0.80810546875,7.4532809811822744,-9.405517578125e-09,1,0.80657958984375,331
0.810546875,7.458163981169946,1.62109375e-08,1,0.80902099609375,332
0.81298828125,7.463046981157618,6.564331054687497e-10,1,0.81146240234375,333
0.8154296875,7.467929981145289,-2.1142578124999998e-08,1,0.81451416015625,334
0.81787109375,7.472812981132961,1.0333251953125e-08,1,0.81634521484375,335
0.8203125,7.4776959811206325,1.6473388671875e-08,1,0.819091796875,336
0.82275390625,7.482578981108304,-1.5026855468749998e-08,1,0.821533203125,337
0.8251953125,7.487461981095976,-2.47802734375e-09,1,0.82427978515625,338
0.82763671875,7.492344981083647,1.917724609375e-08,1,0.82672119140625,339
0.830078125,7.497227981071319,-3.5308837890625e-09,1,0.82855224609375,340
0.83251953125,7.5021109810589905,-1.60064697265625e-08,1,0.83099365234375,341
0.8349609375,7.506993981046662,1.68243408203125e-08,1,0.833740234375,342
0.83740234375,7.511876981034334,6.0699462890624995e-09,1,0.83587646484375,343
0.83984375,7.516759981022005,-1.6717529296875e-08,1,0.83892822265625,344
0.84228515625,7.521642981009677,5.755615234374997e-10,1,0.84075927734375,345
0.8447265625,7.526525980997349,1.9720458984375e-08,1,0.84381103515625,346
0.84716796875,7.53140898098502,-1.44744873046875e-08,1,0.845947265625,347
0.849609375,7.536291980972692,-1.3592529296875e-08,1,0.848388671875,348
0.85205078125,7.541174980960363,1.4971923828125e-08,1,0.850830078125,349
0.8544921875,7.546057980948035,1.6317749023437494e-09,1,0.853271484375,350
0.85693359375,7.550940980935707,-2.0721435546874997e-08,1,0.85540771484375,351
0.859375,7.555823980923378,6.0211181640625e-09,1,0.85784912109375,352
0.86181640625,7.56070698091105,1.68853759765625e-08,1,0.860595703125,353
0.8642578125,7.5655899808987215,-1.59332275390625e-08,1,0.863037109375,354
0.86669921875,7.570472980886393,-3.91845703125e-09,1,0.86517333984375,355
0.869140625,7.575355980874065,1.7404174804687498e-08,1,0.86761474609375,356
0.87158203125,7.580238980861736,-2.044677734375e-09,1,0.87005615234375,357
0.8740234375,7.585121980849408,-1.7269897460937498e-08,1,0.872802734375,358
0.87646484375,7.5900049808370795,1.67755126953125e-08,1,0.87493896484375,359
0.87890625,7.594887980824751,1.00433349609375e-08,1,0.87738037109375,360
0.88134765625,7.599770980812423,-1.650390625e-08,1,0.87982177734375,361
0.8837890625,7.604653980800094,-7.809448242187502e-10,1,0.882568359375,362
0.88623046875,7.609536980787766,2.17376708984375e-08,1,0.885009765625,363
0.888671875,7.614419980775438,-1.0433959960937499e-08,1,0.887451171875,364
0.89111328125,7.619302980763109,-1.5966796874999998e-08,1,0.889892578125,365
0.8935546875,7.624185980750781,1.46240234375e-08,1,0.89202880859375,366
0.89599609375,7.629068980738452,2.6458740234374998e-09,1,0.89447021484375,367
0.8984375,7.633951980726124,-1.8753051757812498e-08,1,0.89691162109375,368
0.90087890625,7.638834980713796,3.277587890625e-09,1,0.899658203125,369
0.9033203125,7.643717980701467,1.661376953125e-08,1,0.90179443359375,370
0.90576171875,7.648600980689139,-1.73370361328125e-08,1,0.904541015625,371
0.908203125,7.6534839806768105,-6.0363769531249995e-09,1,0.906982421875,372
0.91064453125,7.658366980664482,1.63848876953125e-08,1,0.90911865234375,373
0.9130859375,7.663249980652154,-5.255126953124994e-10,1,0.91094970703125,374
0.91552734375,7.668132980639825,-1.93389892578125e-08,1,0.9136962890625,375
0.91796875,7.673015980627497,1.36810302734375e-08,1,0.91644287109375,376
0.92041015625,7.6778989806151685,1.435546875e-08,1,0.91888427734375,377
0.9228515625,7.68278198060284,-1.52587890625e-08,1,0.9210205078125,378
0.92529296875,7.687664980590512,-1.6650390624999996e-09,1,0.92376708984375,379
0.927734375,7.692547980578183,2.1136474609374998e-08,1,0.92620849609375,380
0.93017578125,7.697430980565855,-6.01806640625e-09,1,0.928955078125,381
0.9326171875,7.702313980553527,-1.61407470703125e-08,1,0.931396484375,382
0.93505859375,7.707196980541198,1.5631103515625e-08,1,0.933837890625,383
0.9375,7.71207998052887,4.1992187499999995e-09,1,0.936279296875,384
0.93994140625,7.716962980516541,-1.71783447265625e-08,1,0.93902587890625,385
0.9423828125,7.721845980504213,1.8756103515624995e-09,1,0.94085693359375,386
0.94482421875,7.726728980491885,1.77825927734375e-08,1,0.943603515625,387
0.947265625,7.731611980479556,-1.71783447265625e-08,1,0.9454345703125,388
0.94970703125,7.736494980467228,-1.01348876953125e-08,1,0.948486328125,389
0.9521484375,7.741377980454899,1.6107177734374998e-08,1,0.9503173828125,390
0.95458984375,7.746260980442571,8.496093750000002e-10,1,0.9527587890625,391
0.95703125,7.751143980430243,-2.1246337890625e-08,1,0.95550537109375,392
0.95947265625,7.756026980417914,9.695434570312499e-09,1,0.9576416015625,393
0.9619140625,7.760909980405586,1.673583984375e-08,1,0.960693359375,394
0.96435546875,7.7657929803932575,-1.5039062499999998e-08,1,0.96282958984375,395
0.966796875,7.770675980380929,-2.685546875e-09,1,0.965576171875,396
0.96923828125,7.775558980368601,1.90032958984375e-08,1,0.9674072265625,397
0.9716796875,7.780441980356272,-3.2623291015625e-09,1,0.97015380859375,398
0.97412109375,7.785324980343944,-1.6107177734374998e-08,1,0.972900390625,399
0.9765625,7.7902079803316155,1.6986083984375e-08,1,0.9747314453125,400
0.97900390625,7.795090980319287,6.5216064453125e-09,1,0.977783203125,401
0.9814453125,7.799973980306959,-1.65374755859375e-08,1,0.9796142578125,402
0.98388671875,7.80485698029463,3.344726562499997e-10,1,0.982666015625,403
0.986328125,7.809739980282302,1.99951171875e-08,1,0.98480224609375,404
0.98876953125,7.814622980269974,-1.38153076171875e-08,1,0.987548828125,405
0.9912109375,7.819505980257645,-1.40716552734375e-08,1,0.98968505859375,406
0.99365234375,7.824388980245317,1.4849853515624999e-08,1,0.992431640625,407
0.99609375,7.829271980232988,1.7633056640625004e-09,1,0.99456787109375,408
0.99853515625,7.83415498022066,-2.0529174804687498e-08,1,0.997314453125,409
1.0009765625,7.839037980208332,5.5603027343749995e-09,1,0.99945068359375,410
0.99853515625,7.843920980196003,1.6790771484374998e-08,1,0.997314453125,411
0.99609375,7.848803980183675,-1.61102294921875e-08,1,0.99456787109375,412
0.99365234375,7.8536869801713465,-4.156494140625e-09,1,0.9918212890625,413
0.9912109375,7.858569980159018,1.7071533203124998e-08,1,0.98968505859375,414
0.98876953125,7.86345298014669,-1.7843627929687494e-09,1,0.987548828125,415
0.986328125,7.868335980134361,-1.751708984375e-08,1,0.98480224609375,416
0.98388671875,7.873218980122033,1.654052734375e-08,1,0.98236083984375,417
0.9814453125,7.8781019801097045,1.0781860351562499e-08,1,0.98052978515625,418
0.97900390625,7.882984980097376,-1.634521484375e-08,1,0.9771728515625,419
0.9765625,7.887867980085048,-9.5062255859375e-10,1,0.97503662109375,420
0.97412109375,7.892750980072719,2.178955078125e-08,1,0.97259521484375,421
0.9716796875,7.897633980060391,-9.6710205078125e-09,1,0.97015380859375,422
0.96923828125,7.902516980048063,-1.61346435546875e-08,1,0.9674072265625,423
0.966796875,7.907399980035734,1.46759033203125e-08,1,0.96527099609375,424
0.96435546875,7.912282980023406,2.8411865234375e-09,1,0.96282958984375,425
0.9619140625,7.917165980011077,-1.8618774414062498e-08,1,0.960693359375,426
0.95947265625,7.922048979998749,3.0548095703125e-09,1,0.95794677734375,427
0.95703125,7.926931979986421,1.66534423828125e-08,1,0.95550537109375,428
0.95458984375,7.931814979974092,-1.7529296875e-08,1,0.95306396484375,429
0.9521484375,7.936697979961764,-6.506347656249999e-09,1,0.95123291015625,430
0.94970703125,7.9415809799494355,1.6329956054687498e-08,1,0.94757080078125,431
0.947265625,7.946463979937107,-2.4658203125000053e-10,1,0.94573974609375,432
0.94482421875,7.951346979924779,-1.96319580078125e-08,1,0.943603515625,433
0.9423828125,7.95622997991245,1.3134765625e-08,1,0.9405517578125,434
0.93994140625,7.961112979900122,1.48406982421875e-08,1,0.938720703125,435
0.9375,7.9659959798877935,-1.5155029296874998e-08,1,0.9356689453125,436
0.93505859375,7.970878979875465,-1.8341064453125e-09,1,0.93353271484375,437
0.9326171875,7.975761979863137,2.08465576171875e-08,1,0.93109130859375,438
0.93017578125,7.980644979850808,-5.4840087890625e-09,1,0.92926025390625,439
0.927734375,7.98552797983848,-1.60736083984375e-08,1,0.926513671875,440
0.92529296875,7.990410979826152,1.578369140625e-08,1,0.924072265625,441
0.9228515625,7.995293979813823,4.5074462890624995e-09,1,0.92132568359375,442
0.92041015625,8.000176979801495,-1.7007446289062498e-08,1,0.9185791015625,443
0.91796875,8.005059979789166,1.6424560546874995e-09,1,0.91644287109375,444
0.91552734375,8.009942979776838,1.81182861328125e-08,1,0.91400146484375,445
0.9130859375,8.01482597976451,-1.6961669921875e-08,1,0.91217041015625,446
0.91064453125,8.019708979752181,-1.08123779296875e-08,1,0.909423828125,447
0.908203125,8.024591979739853,1.60064697265625e-08,1,0.906982421875,448
0.90576171875,8.029474979727524,1.02081298828125e-09,1,0.904541015625,449
0.9033203125,8.034357979715196,-2.13104248046875e-08,1,0.90179443359375,450
0.90087890625,8.039240979702868,9.033203125e-09,1,0.89935302734375,451
0.8984375,8.04412397969054,1.69036865234375e-08,1,0.8966064453125,452
0.89599609375,8.04900697967821,-1.50726318359375e-08,1,0.89447021484375,453
0.8935546875,8.053889979665882,-2.8625488281249997e-09,1,0.89263916015625,454
0.89111328125,8.058772979653554,1.87164306640625e-08,1,0.88958740234375,455
0.888671875,8.063655979641226,-3.0303955078125e-09,1,0.887451171875,456
0.88623046875,8.068538979628897,-1.62200927734375e-08,1,0.88470458984375,457
0.8837890625,8.073421979616569,1.708984375e-08,1,0.88226318359375,458
0.88134765625,8.07830497960424,7.0068359375e-09,1,0.880126953125,459
0.87890625,8.083187979591912,-1.6400146484374998e-08,1,0.8770751953125,460
0.87646484375,8.088070979579584,1.5258789062499999e-10,1,0.87493896484375,461
0.8740234375,8.092953979567255,2.03460693359375e-08,1,0.872802734375,462
0.87158203125,8.097836979554927,-1.33392333984375e-08,1,0.870361328125,463
0.869140625,8.102719979542599,-1.4523315429687499e-08,1,0.86822509765625,464
0.86669921875,8.10760297953027,1.4721679687499999e-08,1,0.865478515625,465
0.8642578125,8.112485979517942,1.9268798828125003e-09,1,0.8624267578125,466
0.86181640625,8.117368979505613,-2.0144653320312498e-08,1,0.860595703125,467
0.859375,8.122251979493285,5.1239013671875e-09,1,0.858154296875,468
0.85693359375,8.127134979480957,1.6674804687499998e-08,1,0.85540771484375,469
0.8544921875,8.132017979468628,-1.63665771484375e-08,1,0.85296630859375,470
0.85205078125,8.1369009794563,-4.498291015625e-09,1,0.85052490234375,471
0.849609375,8.141783979443971,1.69708251953125e-08,1,0.84808349609375,472
0.84716796875,8.146666979431643,-1.52130126953125e-09,1,0.8465576171875,473
0.8447265625,8.151549979419315,-1.77886962890625e-08,1,0.843505859375,474
0.84228515625,8.156432979406986,1.617431640625e-08,1,0.8404541015625,475
0.83984375,8.161315979394658,1.1453247070312499e-08,1,0.83831787109375,476
0.83740234375,8.16619897938233,-1.6143798828125e-08,1,0.836181640625,477
0.8349609375,8.171081979370001,-1.0980224609375006e-09,1,0.8331298828125,478
0.83251953125,8.175964979357673,2.1691894531249998e-08,1,0.83099365234375,479
0.830078125,8.180847979345344,-8.9630126953125e-09,1,0.82855224609375,480
0.82763671875,8.185730979333016,-1.62506103515625e-08,1,0.826416015625,481
0.8251953125,8.190613979320688,1.47674560546875e-08,1,0.823974609375,482
0.82275390625,8.19549697930836,3.0914306640625e-09,1,0.8209228515625,483
0.8203125,8.20037997929603,-1.83074951171875e-08,1,0.81878662109375,484
0.81787109375,8.205262979283702,2.8808593749999997e-09,1,0.816650390625,485
0.8154296875,8.210145979271374,1.6748046875e-08,1,0.814208984375,486
0.81298828125,8.215028979259046,-1.76605224609375e-08,1,0.81207275390625,487
0.810546875,8.219911979246717,-7.086181640624999e-09,1,0.809326171875,488
0.80810546875,8.224794979234389,1.6265869140624998e-08,1,0.80657958984375,489
0.8056640625,8.22967797922206,-5.706787109374944e-11,1,0.80474853515625,490
0.80322265625,8.234560979209732,-2.00897216796875e-08,1,0.80169677734375,491
0.80078125,8.239443979197404,1.2591552734375e-08,1,0.79925537109375,492
0.79833984375,8.244326979185075,1.539306640625e-08,1,0.79681396484375,493
0.7958984375,8.249209979172747,-1.50421142578125e-08,1,0.79437255859375,494
0.79345703125,8.254092979160419,-1.9744873046875e-09,1,0.79193115234375,495
0.791015625,8.25897597914809,2.0349121093749998e-08,1,0.78948974609375,496
0.78857421875,8.263858979135762,-5.108642578125e-09,1,0.78765869140625,497
0.7861328125,8.268741979123433,-1.60064697265625e-08,1,0.78460693359375,498
0.78369140625,8.273624979111105,1.602783203125e-08,1,0.78216552734375,499
0.78125,8.278507979098777,4.8187255859375e-09,1,0.780029296875,500
0.77880859375,8.283390979086448,-1.68212890625e-08,1,0.777587890625,501
0.7763671875,8.28827397907412,1.3763427734375e-09,1,0.775146484375,502
0.77392578125,8.293156979061791,1.84722900390625e-08,1,0.772705078125,503
0.771484375,8.298039979049463,-1.6546630859375e-08,1,0.77056884765625,504
0.76904296875,8.302922979037135,-1.14227294921875e-08,1,0.767822265625,505
0.7666015625,8.307805979024806,1.5728759765625e-08,1,0.76507568359375,506
0.76416015625,8.312688979012478,1.1514282226562504e-09,1,0.76324462890625,507
0.76171875,8.31757197900015,-2.1197509765625e-08,1,0.760498046875,508
0.75927734375,8.322454978987821,8.328247070312499e-09,1,0.758056640625,509
0.7568359375,8.327337978975493,1.69769287109375e-08,1,0.75531005859375,510
0.75439453125,8.332220978963164,-1.52099609375e-08,1,0.75347900390625,511
0.751953125,8.337103978950836,-3.0914306640625e-09,1,0.75103759765625,512
0.74951171875,8.341986978938507,1.81549072265625e-08,1,0.74871826171875,513
0.7470703125,8.346869978926179,-2.6275634765624998e-09,1,0.74639892578125,514
0.74462890625,8.35175297891385,-1.65435791015625e-08,1,0.743927001953125,515
0.7421875,8.356635978901522,1.72088623046875e-08,1,0.741424560546875,516
0.73974609375,8.361518978889194,8.2305908203125e-09,1,0.739013671875,517
0.7373046875,8.366401978876866,-1.658935546875e-08,1,0.736572265625,518
0.73486328125,8.371284978864537,-2.471923828125e-10,1,0.734161376953125,519
0.732421875,8.376167978852209,2.1142578124999998e-08,1,0.73095703125,520
0.72998046875,8.38105097883988,-1.2069702148437499e-08,1,0.72930908203125,521
0.7275390625,8.385933978827552,-1.5264892578125e-08,1,0.72686767578125,522
0.72509765625,8.390816978815224,1.46026611328125e-08,1,0.724334716796875,523
0.72265625,8.395699978802895,2.2033691406249998e-09,1,0.72198486328125,524
0.72021484375,8.400582978790567,-1.932373046875e-08,1,0.719573974609375,525
0.7177734375,8.405465978778238,4.205322265625e-09,1,0.71710205078125,526
0.71533203125,8.41034897876591,1.6516113281249998e-08,1,0.714630126953125,527
0.712890625,8.415231978753582,-1.68182373046875e-08,1,0.71221923828125,528
0.71044921875,8.420114978741253,-5.1788330078125e-09,1,0.70977783203125,529
0.7080078125,8.424997978728925,1.68182373046875e-08,1,0.70733642578125,530
0.70556640625,8.429880978716596,-1.1257934570312502e-09,1,0.704833984375,531
0.703125,8.434763978704268,-1.85638427734375e-08,1,0.702545166015625,532
0.70068359375,8.43964697869194,1.5237426757812498e-08,1,0.700042724609375,533
0.6982421875,8.444529978679611,1.2762451171875e-08,1,0.697540283203125,534
0.69580078125,8.449412978667283,-1.5768432617187498e-08,1,0.695159912109375,535
0.693359375,8.454295978654955,-1.39312744140625e-09,1,0.6927490234375,536
0.69091796875,8.459178978642626,2.14385986328125e-08,1,0.69000244140625,537
0.6884765625,8.464061978630298,-7.580566406249999e-09,1,0.6878662109375,538
0.68603515625,8.46894497861797,-1.619873046875e-08,1,0.685394287109375,539
0.68359375,8.473827978605641,1.52069091796875e-08,1,0.68292236328125,540
0.68115234375,8.478710978593313,3.6132812499999997e-09,1,0.6805419921875,541
0.6787109375,8.483593978580984,-1.78680419921875e-08,1,0.678070068359375,542
0.67626953125,8.488476978568656,2.484130859375e-09,1,0.67559814453125,543
0.673828125,8.493359978556327,1.7108154296875e-08,1,0.673187255859375,544
0.67138671875,8.498242978543999,-1.77032470703125e-08,1,0.6707763671875,545
0.6689453125,8.50312597853167,-8.334350585937499e-09,1,0.6683349609375,546
0.66650390625,8.508008978519342,1.63482666015625e-08,1,0.665863037109375,547
0.6640625,8.512891978507014,3.3660888671875055e-10,1,0.66339111328125,548
0.66162109375,8.517774978494685,-2.07550048828125e-08,1,0.661041259765625,549
0.6591796875,8.522657978482357,1.1328124999999999e-08,1,0.658538818359375,550
0.65673828125,8.527540978470029,1.6046142578125e-08,1,0.656158447265625,551
0.654296875,8.5324239784577,-1.4962768554687498e-08,1,0.65374755859375,552
0.65185546875,8.537306978445372,-2.2683715820312505e-09,1,0.65130615234375,553
0.6494140625,8.542189978433044,1.96075439453125e-08,1,0.6483154296875,554
0.64697265625,8.547072978420715,-4.156494140625e-09,1,0.6463623046875,555
0.64453125,8.551955978408387,-1.595458984375e-08,1,0.6439208984375,556
0.64208984375,8.556838978396058,1.64825439453125e-08,1,0.641448974609375,557
0.6396484375,8.56172197838373,5.4779052734375e-09,1,0.639007568359375,558
0.63720703125,8.566604978371402,-1.6766357421875e-08,1,0.6365966796875,559
0.634765625,8.571487978359073,9.289550781250002e-10,1,0.63421630859375,560
0.63232421875,8.576370978346745,1.9171142578125e-08,1,0.6307373046875,561
0.6298828125,8.581253978334416,-1.5606689453125e-08,1,0.629302978515625,562
0.62744140625,8.586136978322088,-1.2646484375e-08,1,0.6268310546875,563
0.625,8.59101997830976,1.53045654296875e-08,1,0.624420166015625,564
0.62255859375,8.595902978297431,1.3958740234375002e-09,1,0.6219482421875,565
0.6201171875,8.600785978285103,-2.0861816406249998e-08,1,0.61956787109375,566
0.61767578125,8.605668978272774,6.9610595703125e-09,1,0.617095947265625,567
0.615234375,8.610551978260446,1.69464111328125e-08,1,0.6146240234375,568
0.61279296875,8.615434978248118,-1.5570068359374998e-08,1,0.61224365234375,569
0.6103515625,8.62031797823579,-3.5400390625e-09,1,0.609771728515625,570
0.60791015625,8.62520097822346,1.7831420898437498e-08,1,0.6072998046875,571
0.60546875,8.630083978211132,-2.3559570312499998e-09,1,0.60491943359375,572
0.60302734375,8.634966978198804,-1.673583984375e-08,1,0.602508544921875,573
0.6005859375,8.639849978186476,1.71630859375e-08,1,0.60003662109375,574
0.59814453125,8.644732978174147,9.0240478515625e-09,1,0.597564697265625,575
0.595703125,8.649615978161819,-1.6580200195312498e-08,1,0.59515380859375,576
0.59326171875,8.65449897814949,-4.687499999999998e-10,1,0.59271240234375,577
0.5908203125,8.659381978137162,2.1423339843749998e-08,1,0.58984375,578
0.58837890625,8.664264978124834,-1.1407470703125e-08,1,0.587799072265625,579
0.5859375,8.669147978112505,-1.5673828125e-08,1,0.58538818359375,580
0.58349609375,8.674030978100177,1.4584350585937499e-08,1,0.58294677734375,581
0.5810546875,8.678913978087849,2.3773193359375e-09,1,0.58050537109375,582
0.57861328125,8.68379697807552,-1.904296875e-08,1,0.578094482421875,583
0.576171875,8.688679978063192,3.8055419921875e-09,1,0.575653076171875,584
0.57373046875,8.693562978050863,1.6470336914062498e-08,1,0.5731201171875,585
0.5712890625,8.698445978038535,-1.70745849609375e-08,1,0.57073974609375,586
0.56884765625,8.703328978026207,-5.401611328125e-09,1,0.568359375,587
0.56640625,8.708211978013878,1.669921875e-08,1,0.565826416015625,588
0.56396484375,8.71309497800155,-8.065795898437505e-10,1,0.563446044921875,589
0.5615234375,8.717977977989221,-1.8777465820312498e-08,1,0.56103515625,590
0.55908203125,8.722860977976893,1.4730834960937499e-08,1,0.55859375,591
0.556640625,8.727743977964565,1.33392333984375e-08,1,0.556121826171875,592
0.55419921875,8.732626977952236,-1.5521240234375e-08,1,0.5537109375,593
0.5517578125,8.737509977939908,-1.4706420898437501e-09,1,0.551239013671875,594
0.54931640625,8.74239297792758,2.1505737304687498e-08,1,0.548675537109375,595
0.546875,8.747275977915251,-6.948852539062499e-09,1,0.54638671875,596
0.54443359375,8.752158977902923,-1.62811279296875e-08,1,0.543975830078125,597
0.5419921875,8.757041977890594,1.5240478515625e-08,1,0.541412353515625,598
0.53955078125,8.761924977878266,3.8116455078125e-09,1,0.539031982421875,599
0.537109375,8.766807977865938,-1.75140380859375e-08,1,0.53662109375,600
0.53466796875,8.77169097785361,2.2979736328125e-09,1,0.534149169921875,601
0.5322265625,8.77657397784128,1.73583984375e-08,1,0.53173828125,602
0.52978515625,8.781456977828952,-1.7510986328125e-08,1,0.529327392578125,603
0.52734375,8.786339977816624,-9.033203125e-09,1,0.526885986328125,604
0.52490234375,8.791222977804296,1.63360595703125e-08,1,0.524383544921875,605
0.5224609375,8.796105977791967,5.767822265625e-10,1,0.522003173828125,606
0.52001953125,8.800988977779639,-2.10540771484375e-08,1,0.519561767578125,607
0.517578125,8.80587197776731,1.0647583007812499e-08,1,0.51708984375,608
0.51513671875,8.810754977754982,1.64154052734375e-08,1,0.514678955078125,609
0.5126953125,8.815637977742654,-1.4923095703125e-08,1,0.512237548828125,610
0.51025390625,8.820520977730325,-2.3773193359375e-09,1,0.509796142578125,611
0.5078125,8.825403977717997,1.932373046875e-08,1,0.507293701171875,612
0.50537109375,8.830286977705669,-3.6346435546875e-09,1,0.504913330078125,613
0.5029296875,8.83516997769334,-1.59637451171875e-08,1,0.502471923828125,614
0.50048828125,8.840052977681012,1.66961669921875e-08,1,0.500030517578125,615
0.498046875,8.844935977668683,5.84716796875e-09,1,0.49761962890625,616
0.49560546875,8.849818977656355,-1.66595458984375e-08,1,0.495208740234375,617
0.4931640625,8.854701977644027,6.814575195312506e-10,1,0.492767333984375,618
0.49072265625,8.859584977631698,1.9427490234375e-08,1,0.489501953125,619
0.48828125,8.86446797761937,-1.4871215820312499e-08,1,0.487823486328125,620
0.48583984375,8.869350977607041,-1.3235473632812499e-08,1,0.48541259765625,621
0.4833984375,8.874233977594713,1.5103149414062498e-08,1,0.482940673828125,622
0.48095703125,8.879116977582385,1.5356445312499994e-09,1,0.4805908203125,623
0.478515625,8.883999977570056,-2.08282470703125e-08,1,0.47808837890625,624
0.47607421875,8.888882977557728,6.301879882812499e-09,1,0.475677490234375,625
0.4736328125,8.8937659775454,1.69158935546875e-08,1,0.473175048828125,626
0.47119140625,8.898648977533071,-1.57958984375e-08,1,0.470794677734375,627
0.46875,8.903531977520743,-3.8177490234375e-09,1,0.46832275390625,628
0.46630859375,8.908414977508414,1.75140380859375e-08,1,0.465850830078125,629
0.4638671875,8.913297977496086,-2.1026611328125e-09,1,0.4635009765625,630
0.46142578125,8.918180977483757,-1.7047119140625e-08,1,0.46099853515625,631
0.458984375,8.923063977471429,1.6961669921875e-08,1,0.458526611328125,632
0.45654296875,8.9279469774591,9.6771240234375e-09,1,0.456085205078125,633
0.4541015625,8.932829977446772,-1.65130615234375e-08,1,0.45367431640625,634
0.45166015625,8.937712977434444,-6.765747070312494e-10,1,0.451263427734375,635
0.44921875,8.942595977422116,2.1704101562499998e-08,1,0.448394775390625,636
0.44677734375,8.947478977409787,-1.0647583007812499e-08,1,0.446441650390625,637
0.4443359375,8.952361977397459,-1.58660888671875e-08,1,0.443939208984375,638
0.44189453125,8.95724497738513,1.4599609375e-08,1,0.441497802734375,639
0.439453125,8.962127977372802,2.5115966796875e-09,1,0.4390869140625,640
0.43701171875,8.967010977360474,-1.881103515625e-08,1,0.43670654296875,641
0.4345703125,8.971893977348145,3.4515380859375e-09,1,0.434234619140625,642
0.43212890625,8.976776977335817,1.6580200195312498e-08,1,0.43182373046875,643
0.4296875,8.981659977323488,-1.72607421875e-08,1,0.429351806640625,644
0.42724609375,8.98654297731116,-5.87158203125e-09,1,0.4268798828125,645
0.4248046875,8.991425977298832,1.6571044921875e-08,1,0.4244384765625,646
0.42236328125,8.996308977286503,-5.795288085937503e-10,1,0.42205810546875,647
0.419921875,9.001191977274175,-1.9140625e-08,1,0.41961669921875,648
0.41748046875,9.006074977261846,1.4038085937499999e-08,1,0.4171142578125,649
0.4150390625,9.010957977249518,1.400146484375e-08,1,0.4146728515625,650
0.41259765625,9.01584097723719,-1.53472900390625e-08,1,0.412200927734375,651
0.41015625,9.020723977224861,-1.6317749023437494e-09,1,0.409820556640625,652
0.40771484375,9.025606977212533,2.12615966796875e-08,1,0.407257080078125,653
0.4052734375,9.030489977200205,-6.28662109375e-09,1,0.40496826171875,654
0.40283203125,9.035372977187876,-1.6171264648437498e-08,1,0.402587890625,655
0.400390625,9.040255977175548,1.54327392578125e-08,1,0.4000244140625,656
0.39794921875,9.04513897716322,4.052734375e-09,1,0.3975830078125,657
0.3955078125,9.050021977150891,-1.71905517578125e-08,1,0.39520263671875,658
0.39306640625,9.054904977138563,1.9772338867187502e-09,1,0.392730712890625,659
0.390625,9.059787977126234,1.76422119140625e-08,1,0.38983154296875,660
0.38818359375,9.064670977113906,-1.7327880859374998e-08,1,0.387847900390625,661
0.3857421875,9.069553977101577,-9.747314453125e-09,1,0.38543701171875,662
0.38330078125,9.074436977089249,1.62139892578125e-08,1,0.382965087890625,663
0.380859375,9.07931997707692,8.0413818359375e-10,1,0.380584716796875,664
0.37841796875,9.084202977064592,-2.1212768554687498e-08,1,0.37811279296875,665
0.3759765625,9.089085977052264,9.991455078125e-09,1,0.375640869140625,666
0.37353515625,9.093968977039935,1.661376953125e-08,1,0.373199462890625,667
0.37109375,9.098851977027607,-1.50054931640625e-08,1,0.370849609375,668
0.36865234375,9.103734977015279,-2.5848388671875e-09,1,0.368316650390625,669
0.3662109375,9.10861797700295,1.9046020507812498e-08,1,0.36590576171875,670
0.36376953125,9.113500976990622,-3.350830078125e-09,1,0.36346435546875,671
0.361328125,9.118383976978294,-1.5948486328125e-08,1,0.36102294921875,672
0.35888671875,9.123266976965965,1.690673828125e-08,1,0.3585205078125,673
0.3564453125,9.128149976953637,6.2835693359375e-09,1,0.356109619140625,674
0.35400390625,9.133032976941308,-1.65740966796875e-08,1,0.35369873046875,675
0.3515625,9.13791597692898,4.794311523437497e-10,1,0.351287841796875,676
0.34912109375,9.142798976916652,1.9873046875e-08,1,0.3480224609375,677
0.3466796875,9.147681976904323,-1.412353515625e-08,1,0.346343994140625,678
0.34423828125,9.152564976891995,-1.3848876953124999e-08,1,0.344024658203125,679
0.341796875,9.157447976879666,1.4871215820312499e-08,1,0.3414306640625,680
0.33935546875,9.162330976867338,1.7205810546875004e-09,1,0.33905029296875,681
0.3369140625,9.16721397685501,-2.0654296875e-08,1,0.336639404296875,682
0.33447265625,9.172096976842681,5.828857421874999e-09,1,0.334197998046875,683
0.33203125,9.176979976830353,1.6867065429687498e-08,1,0.331756591796875,684
0.32958984375,9.181862976818024,-1.605224609375e-08,1,0.329315185546875,685
0.3271484375,9.186745976805696,-4.0954589843749995e-09,1,0.326873779296875,686
0.32470703125,9.191628976793368,1.727294921875e-08,1,0.324432373046875,687
0.322265625,9.19651197678104,-1.8771362304687496e-09,1,0.32196044921875,688
0.31982421875,9.20139497676871,-1.73858642578125e-08,1,0.319610595703125,689
0.3173828125,9.206277976756382,1.66717529296875e-08,1,0.317108154296875,690
0.31494140625,9.211160976744054,1.0379028320312499e-08,1,0.314605712890625,691
0.3125,9.216043976731726,-1.64337158203125e-08,1,0.312255859375,692
0.31005859375,9.220926976719397,-8.782958984375005e-10,1,0.309783935546875,693
0.3076171875,9.225809976707069,2.17529296875e-08,1,0.30706787109375,694
0.30517578125,9.23069297669474,-9.942626953125e-09,1,0.30487060546875,695
0.302734375,9.235575976682412,-1.6036987304687498e-08,1,0.302490234375,696
0.30029296875,9.240458976670084,1.46026611328125e-08,1,0.300048828125,697
0.2978515625,9.245341976657755,2.801513671875e-09,1,0.29754638671875,698
0.29541015625,9.250224976645427,-1.8585205078125e-08,1,0.295135498046875,699
0.29296875,9.255107976633099,3.1402587890625e-09,1,0.292694091796875,700
0.29052734375,9.25999097662077,1.6619873046875e-08,1,0.290191650390625,701
0.2880859375,9.264873976608442,-1.7468261718749998e-08,1,0.287841796875,702
0.28564453125,9.269756976596113,-6.3079833984374995e-09,1,0.285430908203125,703
0.283203125,9.274639976583785,1.63787841796875e-08,1,0.28289794921875,704
0.28076171875,9.279522976571457,-3.924560546874997e-10,1,0.280517578125,705
0.2783203125,9.284405976559128,-1.95098876953125e-08,1,0.278076171875,706
0.27587890625,9.2892889765468,1.331787109375e-08,1,0.275634765625,707
0.2734375,9.294171976534471,1.4709472656249999e-08,1,0.27313232421875,708
0.27099609375,9.299054976522143,-1.51947021484375e-08,1,0.27081298828125,709
0.2685546875,9.303937976509815,-1.7724609375000004e-09,1,0.26824951171875,710
0.26611328125,9.308820976497486,2.093505859375e-08,1,0.265716552734375,711
0.263671875,9.313703976485158,-5.6854248046875e-09,1,0.263397216796875,712
0.26123046875,9.31858697647283,-1.60980224609375e-08,1,0.26104736328125,713
0.2587890625,9.323469976460501,1.57318115234375e-08,1,0.258544921875,714
0.25634765625,9.328352976448173,4.449462890625e-09,1,0.256103515625,715
0.25390625,9.333235976435844,-1.7041015625e-08,1,0.253692626953125,716
0.25146484375,9.338118976423516,1.7263793945312494e-09,1,0.251251220703125,717
0.2490234375,9.343001976411188,1.79931640625e-08,1,0.248321533203125,718
0.24658203125,9.34788497639886,-1.7047119140625e-08,1,0.246368408203125,719
0.244140625,9.35276797638653,-1.04705810546875e-08,1,0.24395751953125,720
0.24169921875,9.357650976374202,1.60003662109375e-08,1,0.241485595703125,721
0.2392578125,9.362533976361874,9.713745117187506e-10,1,0.239044189453125,722
0.23681640625,9.367416976349546,-2.13104248046875e-08,1,0.236663818359375,723
0.234375,9.372299976337217,9.228515625e-09,1,0.234130859375,724
0.23193359375,9.377182976324889,1.68060302734375e-08,1,0.231719970703125,725
0.2294921875,9.38206597631256,-1.5069580078125e-08,1,0.229278564453125,726
0.22705078125,9.386948976300232,-2.7679443359375e-09,1,0.226898193359375,727
0.224609375,9.391831976287904,1.881103515625e-08,1,0.224395751953125,728
0.22216796875,9.396714976275575,-3.1158447265625e-09,1,0.222015380859375,729
0.2197265625,9.401597976263247,-1.6168212890625e-08,1,0.219512939453125,730
0.21728515625,9.406480976250919,1.7123413085937498e-08,1,0.21710205078125,731
0.21484375,9.41136397623859,6.842041015625e-09,1,0.21466064453125,732
0.21240234375,9.416246976226262,-1.65557861328125e-08,1,0.212188720703125,733
0.2099609375,9.421129976213933,2.386474609374994e-10,1,0.209716796875,734
0.20751953125,9.426012976201605,2.0266723632812498e-08,1,0.20684814453125,735
0.205078125,9.430895976189277,-1.34490966796875e-08,1,0.204864501953125,736
0.20263671875,9.435778976176948,-1.4410400390625e-08,1,0.202484130859375,737
0.2001953125,9.44066197616462,1.4721679687499999e-08,1,0.20001220703125,738
0.19775390625,9.445544976152291,1.8618774414062496e-09,1,0.19757080078125,739
0.1953125,9.450427976139963,-2.02850341796875e-08,1,0.1951904296875,740
0.19287109375,9.455310976127635,5.2520751953124994e-09,1,0.19268798828125,741
0.1904296875,9.460193976115306,1.6729736328125e-08,1,0.190216064453125,742
0.18798828125,9.465076976102978,-1.6259765624999998e-08,1,0.1878662109375,743
0.185546875,9.46995997609065,-4.376220703125e-09,1,0.185394287109375,744
0.18310546875,9.474842976078321,1.69708251953125e-08,1,0.182952880859375,745
0.1806640625,9.479725976065993,-1.5863037109375004e-09,1,0.18048095703125,746
0.17822265625,9.484608976053664,-1.77093505859375e-08,1,0.17816162109375,747
0.17578125,9.489491976041336,1.63604736328125e-08,1,0.175567626953125,748
0.17333984375,9.494374976029007,1.1151123046875e-08,1,0.17315673828125,749
0.1708984375,9.499257976016679,-1.62750244140625e-08,1,0.1707763671875,750
0.16845703125,9.50414097600435,-1.0592651367187497e-09,1,0.1683349609375,751
0.166015625,9.509023975992022,2.16888427734375e-08,1,0.1656494140625,752
0.16357421875,9.513906975979694,-9.207153320312499e-09,1,0.16339111328125,753
0.1611328125,9.518789975967366,-1.62109375e-08,1,0.161041259765625,754
0.15869140625,9.523672975955037,1.474609375e-08,1,0.1585693359375,755
0.15625,9.528555975942709,3.021240234375e-09,1,0.1561279296875,756
0.15380859375,9.53343897593038,-1.8389892578125e-08,1,0.153717041015625,757
0.1513671875,9.538321975918052,2.9083251953125e-09,1,0.15130615234375,758
0.14892578125,9.543204975905724,1.67236328125e-08,1,0.148773193359375,759
0.146484375,9.548087975893395,-1.76239013671875e-08,1,0.1463623046875,760
0.14404296875,9.552970975881067,-6.9213867187499995e-09,1,0.143951416015625,761
0.1416015625,9.557853975868738,1.62811279296875e-08,1,0.141510009765625,762
0.13916015625,9.56273697585641,-1.220703125e-10,1,0.1390380859375,763
0.13671875,9.567619975844082,-1.998291015625e-08,1,0.1365966796875,764
0.13427734375,9.572502975831753,1.2744140624999999e-08,1,0.1341552734375,765
0.1318359375,9.577385975819425,1.5252685546875e-08,1,0.131683349609375,766
0.12939453125,9.582268975807096,-1.5045166015625e-08,1,0.129302978515625,767
0.126953125,9.587151975794768,-1.9317626953125e-09,1,0.126861572265625,768
0.12451171875,9.59203497578244,2.049560546875e-08,1,0.124267578125,769
0.1220703125,9.596917975770111,-5.279541015625e-09,1,0.12200927734375,770
0.11962890625,9.601800975757783,-1.60186767578125e-08,1,0.11956787109375,771
0.1171875,9.606683975745455,1.5979003906249998e-08,1,0.117034912109375,772
0.11474609375,9.611566975733126,4.736328125e-09,1,0.114654541015625,773
0.1123046875,9.616449975720798,-1.69342041015625e-08,1,0.11224365234375,774
0.10986328125,9.62133297570847,1.42822265625e-09,1,0.10980224609375,775
0.107421875,9.626215975696141,1.84051513671875e-08,1,0.106964111328125,776
0.10498046875,9.631098975683813,-1.6619873046875e-08,1,0.10491943359375,777
0.1025390625,9.635981975671484,-1.11358642578125e-08,1,0.102508544921875,778
0.10009765625,9.640864975659156,1.5777587890625e-08,1,0.100006103515625,779
0.09765625,9.645747975646827,1.1038208007812494e-09,1,0.097564697265625,780
0.09521484375,9.650630975634499,-2.1212768554687498e-08,1,0.095123291015625,781
0.0927734375,9.65551397562217,8.5540771484375e-09,1,0.09271240234375,782
0.09033203125,9.660396975609842,1.69525146484375e-08,1,0.090240478515625,783
0.087890625,9.665279975597514,-1.51702880859375e-08,1,0.087799072265625,784
0.08544921875,9.670162975585185,-3.0334472656249997e-09,1,0.08538818359375,785
0.0830078125,9.675045975572857,1.849365234375e-08,1,0.08294677734375,786
0.08056640625,9.679928975560529,-2.923583984375e-09,1,0.0804443359375,787
0.078125,9.6848119755482,-1.629638671875e-08,1,0.078125,788
0.07568359375,9.689694975535872,1.71875e-08,1,0.075592041015625,789
0.0732421875,9.694577975523544,7.4554443359375e-09,1,0.07318115234375,790
0.07080078125,9.699460975511215,-1.6461181640625e-08,1,0.07073974609375,791
0.068359375,9.704343975498887,-2.7465820312502774e-12,1,0.068328857421875,792
0.06591796875,9.709226975486558,2.071533203125e-08,1,0.065673828125,793
0.0634765625,9.71410997547423,-1.2808227539062499e-08,1,0.063385009765625,794
0.06103515625,9.718992975461902,-1.49261474609375e-08,1,0.06097412109375,795
0.05859375,9.723875975449573,1.4645385742187499e-08,1,0.05853271484375,796
0.05615234375,9.728758975437245,2.0211791992187507e-09,1,0.05609130859375,797
0.0537109375,9.733641975424916,-1.9720458984375e-08,1,0.053680419921875,798
0.05126953125,9.738524975412588,4.6844482421875e-09,1,0.05120849609375,799
0.048828125,9.74340797540026,1.6741943359375e-08,1,0.0488861083984375,800
0.04638671875,9.748290975387931,-1.6314697265625e-08,1,0.046472167968750006,801
0.0439453125,9.753173975375603,-4.4036865234374995e-09,1,0.044024658203125004,802
0.04150390625,9.758056975363274,1.700439453125e-08,1,0.0415863037109375,803
0.0390625,9.762939975350946,-1.5600585937499993e-09,1,0.039141845703125004,804
0.03662109375,9.767822975338618,-1.7803955078125e-08,1,0.036721801757812506,805
0.0341796875,9.77270597532629,1.62841796875e-08,1,0.03427734375000001,806
0.03173828125,9.77758897531396,1.12701416015625e-08,1,0.031842041015625,807
0.029296875,9.782471975301632,-1.6180419921875e-08,1,0.029385375976562503,808
0.02685546875,9.787354975289304,-1.0693359375000003e-09,1,0.026959228515625003,809
0.0244140625,9.792237975276976,2.1762084960937498e-08,1,0.024542236328124994,810
0.02197265625,9.797120975264647,-9.173583984375e-09,1,0.0220947265625,811
0.01953125,9.802003975252319,-1.6247558593749998e-08,1,0.019656372070312497,812
0.01708984375,9.80688697523999,1.4730834960937499e-08,1,0.017178344726562503,813
0.0146484375,9.811769975227662,3.0487060546874997e-09,1,0.014761352539062494,814
0.01220703125,9.816652975215334,-1.8353271484375e-08,1,0.012326049804687503,815
0.009765625,9.821535975203005,2.9510498046874998e-09,1,0.009884643554687503,816
0.00732421875,9.826418975190677,1.6714477539062498e-08,1,0.0074554443359375056,817
0.0048828125,9.831301975178349,-1.7666625976562498e-08,1,0.005001831054687503,818
0.00244140625,9.83618497516602,-6.976318359375e-09,1,0.0025665283203124972,819
0.0,9.841067975153692,1.62689208984375e-08,1,0.00012512207031249722,820
-0.00244140625,9.845950975141363,-6.439208984374972e-11,1,-0.0022979736328125056,821
-0.0048828125,9.850833975129035,-2.0043945312499998e-08,1,-0.004711914062500003,822
-0.00732421875,9.855716975116707,1.2530517578125e-08,1,-0.0071777343749999944,823
-0.009765625,9.860599975104378,1.52587890625e-08,1,-0.009606933593750006,824
-0.01220703125,9.86548297509205,-1.50421142578125e-08,1,-0.012048339843750006,825
-0.0146484375,9.870365975079721,-1.917724609375e-09,1,-0.0144805908203125,826
-0.01708984375,9.875248975067393,2.04345703125e-08,1,-0.016912841796874994,827
-0.01953125,9.880131975055065,-5.169677734375e-09,1,-0.019381713867187497,828
-0.02197265625,9.885014975042736,-1.6021728515625e-08,1,-0.021798706054687506,829
-0.0244140625,9.889897975030408,1.60125732421875e-08,1,-0.024255371093750006,830
-0.02685546875,9.89478097501808,4.7821044921875e-09,1,-0.026678466796874994,831
-0.029296875,9.899663975005751,-1.6854858398437498e-08,1,-0.02911071777343749,832
-0.03173828125,9.904546974993423,1.4559936523437497e-09,1,-0.03157348632812501,833
-0.0341796875,9.909429974981094,1.834716796875e-08,1,-0.03399963378906251,834
-0.03662109375,9.914312974968766,-1.66107177734375e-08,1,-0.03643798828125,835
-0.0390625,9.919195974956438,-1.1273193359375e-08,1,-0.03889160156249999,836
-0.04150390625,9.92407897494411,1.57989501953125e-08,1,-0.04132385253906251,837
-0.0439453125,9.92896197493178,1.1444091796875e-09,1,-0.04376220703125,838
-0.04638671875,9.933844974919452,-2.1160888671874998e-08,1,-0.046179199218749994,839
-0.048828125,9.938727974907124,8.459472656249999e-09,1,-0.048651123046874994,840
-0.05126953125,9.943610974894796,1.7053222656249998e-08,1,-0.05120849609375,841
-0.0537109375,9.948493974882467,-1.5289306640624998e-08,1,-0.053558349609375,842
-0.05615234375,9.953376974870139,-3.2745361328124998e-09,1,-0.0560302734375,843
-0.05859375,9.95825997485781,1.8228149414062498e-08,1,-0.058502197265625,844
-0.06103515625,9.963142974845482,-2.691650390625e-09,1,-0.0609130859375,845
-0.0634765625,9.968025974833154,-1.64398193359375e-08,1,-0.063262939453125,846
-0.06591796875,9.972908974820825,1.7254638671875e-08,1,-0.0657958984375,847
-0.068359375,9.977791974808497,8.0780029296875e-09,1,-0.068267822265625,848
-0.07080078125,9.982674974796168,-1.65008544921875e-08,1,-0.0706787109375,849
-0.0732421875,9.98755797478384,-2.0416259765625027e-10,1,-0.073089599609375,850
-0.07568359375,9.992440974771512,2.108154296875e-08,1,-0.075653076171875,851
-0.078125,9.997323974759183,-1.2197875976562499e-08,1,-0.077911376953125,852
-0.08056640625,10.002206974746855,-1.522216796875e-08,1,-0.080413818359375,853
-0.0830078125,10.007089974734527,1.45660400390625e-08,1,-0.082855224609375,854
-0.08544921875,10.011972974722198,2.093505859375e-09,1,-0.085296630859375,855
-0.087890625,10.01685597470987,-1.93328857421875e-08,1,-0.087738037109375,856
-0.09033203125,10.021738974697541,4.3914794921875e-09,1,-0.09014892578125,857
-0.0927734375,10.026621974685213,1.6586303710937498e-08,1,-0.09259033203125,858
-0.09521484375,10.031504974672885,-1.67694091796875e-08,1,-0.095062255859375,859
-0.09765625,10.036387974660556,-4.8675537109375e-09,1,-0.09747314453125,860
-0.10009765625,10.041270974648228,1.6851806640625e-08,1,-0.09991455078125,861
-0.1025390625,10.0461539746359,-1.1163330078125006e-09,1,-0.10235595703125,862
-0.10498046875,10.051036974623571,-1.8414306640624998e-08,1,-0.104766845703125,863
-0.107421875,10.055919974611243,1.54876708984375e-08,1,-0.10723876953125,864
-0.10986328125,10.060802974598914,1.2628173828125e-08,1,-0.1097412109375,865
-0.1123046875,10.065685974586586,-1.5780639648437498e-08,1,-0.112152099609375,866
-0.11474609375,10.070568974574257,-1.3110351562499996e-09,1,-0.114593505859375,867
-0.1171875,10.075451974561929,2.161865234375e-08,1,-0.117034912109375,868
-0.11962890625,10.0803349745496,-7.757568359375e-09,1,-0.119415283203125,869
-0.1220703125,10.085217974537272,-1.6323852539062498e-08,1,-0.121826171875,870
-0.12451171875,10.090100974524944,1.50421142578125e-08,1,-0.124298095703125,871
-0.126953125,10.094983974512616,3.4881591796875e-09,1,-0.1268310546875,872
-0.12939453125,10.099866974500287,-1.78619384765625e-08,1,-0.129180908203125,873
-0.1318359375,10.104749974487959,2.52685546875e-09,1,-0.13165283203125,874
-0.13427734375,10.10963297447563,1.7077636718749998e-08,1,-0.134063720703125,875
-0.13671875,10.114515974463302,-1.7684936523437498e-08,1,-0.136505126953125,876
-0.13916015625,10.119398974450974,-8.0810546875e-09,1,-0.138916015625,877
-0.1416015625,10.124281974438645,1.634521484375e-08,1,-0.14141845703125,878
-0.14404296875,10.129164974426317,3.1890869140625e-10,1,-0.143798828125,879
-0.146484375,10.134047974413988,-2.07550048828125e-08,1,-0.14617919921875,880
-0.14892578125,10.13893097440166,1.1474609375e-08,1,-0.148681640625,881
-0.1513671875,10.143813974389332,1.5960693359375e-08,1,-0.151153564453125,882
-0.15380859375,10.148696974377003,-1.49322509765625e-08,1,-0.153533935546875,883
-0.15625,10.153579974364675,-2.2308349609375e-09,1,-0.156005859375,884
-0.15869140625,10.158462974352346,1.9580078125e-08,1,-0.158477783203125,885
-0.1611328125,10.163345974340018,-4.1595458984375e-09,1,-0.160888671875,886
-0.16357421875,10.16822897432769,-1.5948486328125e-08,1,-0.163330078125,887
-0.166015625,10.173111974315361,1.6452026367187498e-08,1,-0.165863037109375,888
-0.16845703125,10.177994974303033,5.33447265625e-09,1,-0.168182373046875,889
-0.1708984375,10.182877974290705,-1.6738891601562498e-08,1,-0.17059326171875,890
-0.17333984375,10.187760974278376,9.524536132812496e-10,1,-0.173095703125,891
-0.17578125,10.192643974266048,1.90582275390625e-08,1,-0.17584228515625,892
-0.17822265625,10.19752697425372,-1.5777587890625e-08,1,-0.17791748046875,893
-0.1806640625,10.202409974241391,-1.25e-08,1,-0.180389404296875,894
-0.18310546875,10.207292974229063,1.5350341796875e-08,1,-0.182861328125,895
-0.185546875,10.212175974216734,1.3668823242187503e-09,1,-0.185302734375,896
-0.18798828125,10.217058974204406,-2.095947265625e-08,1,-0.187713623046875,897
-0.1904296875,10.221941974192077,7.223510742187499e-09,1,-0.19012451171875,898
-0.19287109375,10.226824974179749,1.70166015625e-08,1,-0.19256591796875,899
-0.1953125,10.23170797416742,-1.5509033203125e-08,1,-0.19500732421875,900
-0.19775390625,10.236590974155092,-3.4759521484374997e-09,1,-0.197479248046875,901
-0.2001953125,10.241473974142764,1.78466796875e-08,1,-0.199920654296875,902
-0.20263671875,10.246356974130435,-2.45361328125e-09,1,-0.20233154296875,903
-0.205078125,10.251239974118107,-1.6656494140624998e-08,1,-0.204742431640625,904
-0.20751953125,10.256122974105779,1.72149658203125e-08,1,-0.207244873046875,905
-0.2099609375,10.26100597409345,8.721923828125e-09,1,-0.209625244140625,906
-0.21240234375,10.265888974081122,-1.6595458984375e-08,1,-0.212066650390625,907
-0.21484375,10.270771974068793,-4.031372070312497e-10,1,-0.214447021484375,908
-0.21728515625,10.275654974056465,2.14263916015625e-08,1,-0.217010498046875,909
-0.2197265625,10.280537974044137,-1.16241455078125e-08,1,-0.219451904296875,910
-0.22216796875,10.285420974031808,-1.55731201171875e-08,1,-0.221832275390625,911
-0.224609375,10.29030397401948,1.45416259765625e-08,1,-0.22430419921875,912
-0.22705078125,10.295186974007152,2.2430419921875e-09,1,-0.2266845703125,913
-0.2294921875,10.300069973994823,-1.9122314453124998e-08,1,-0.229156494140625,914
-0.23193359375,10.304952973982495,3.9825439453125e-09,1,-0.23162841796875,915
-0.234375,10.309835973970166,1.65618896484375e-08,1,-0.23406982421875,916
-0.23681640625,10.314718973957838,-1.69830322265625e-08,1,-0.236419677734375,917
-0.2392578125,10.31960197394551,-5.2734375e-09,1,-0.238922119140625,918
-0.24169921875,10.324484973933181,1.6720581054687498e-08,1,-0.2413330078125,919
-0.244140625,10.329367973920853,-8.816528320312502e-10,1,-0.24383544921875,920
-0.24658203125,10.334250973908524,-1.8695068359374998e-08,1,-0.246246337890625,921
-0.2490234375,10.339133973896196,1.49200439453125e-08,1,-0.248687744140625,922
-0.25146484375,10.344016973883868,1.3189697265625e-08,1,-0.25115966796875,923
-0.25390625,10.34889997387154,-1.561279296875e-08,1,-0.253570556640625,924
-0.25634765625,10.35378297385921,-1.4758300781249997e-09,1,-0.256011962890625,925
-0.2587890625,10.358665973846882,2.1340942382812498e-08,1,-0.258453369140625,926
-0.26123046875,10.363548973834554,-7.083129882812499e-09,1,-0.2608642578125,927
-0.263671875,10.368431973822226,-1.627197265625e-08,1,-0.26324462890625,928
-0.26611328125,10.373314973809897,1.5203857421875e-08,1,-0.265777587890625,929
-0.2685546875,10.378197973797569,3.7261962890624996e-09,1,-0.268157958984375,930
-0.27099609375,10.38308097378524,-1.75811767578125e-08,1,-0.270599365234375,931
-0.2734375,10.387963973772912,2.28271484375e-09,1,-0.273040771484375,932
-0.27587890625,10.392846973760584,1.7242431640625e-08,1,-0.275543212890625,933
-0.2783203125,10.397729973748255,-1.766357421875e-08,1,-0.277923583984375,934
-0.28076171875,10.402612973735927,-8.7158203125e-09,1,-0.28033447265625,935
-0.283203125,10.407495973723599,1.64093017578125e-08,1,-0.2828369140625,936
-0.28564453125,10.41237897371127,5.078125000000002e-10,1,-0.285247802734375,937
-0.2880859375,10.417261973698942,-2.10693359375e-08,1,-0.287628173828125,938
-0.29052734375,10.422144973686613,1.0913085937499999e-08,1,-0.2901611328125,939
-0.29296875,10.427027973674285,1.62384033203125e-08,1,-0.292572021484375,940
-0.29541015625,10.431910973661957,-1.49261474609375e-08,1,-0.294952392578125,941
-0.2978515625,10.436793973649628,-2.3883056640624996e-09,1,-0.297454833984375,942
-0.30029296875,10.4416769736373,1.94000244140625e-08,1,-0.2999267578125,943
-0.302734375,10.446559973624971,-3.80859375e-09,1,-0.3023681640625,944
-0.30517578125,10.451442973612643,-1.59698486328125e-08,1,-0.30474853515625,945
-0.3076171875,10.456325973600315,1.66473388671875e-08,1,-0.3072509765625,946
-0.31005859375,10.461208973587986,5.67626953125e-09,1,-0.309661865234375,947
-0.3125,10.466091973575658,-1.67633056640625e-08,1,-0.312042236328125,948
-0.31494140625,10.47097497356333,7.519531250000002e-10,1,-0.3145751953125,949
-0.3173828125,10.475857973551001,1.9439697265625e-08,1,-0.31719970703125,950
-0.31982421875,10.480740973538673,-1.5130615234375e-08,1,-0.31939697265625,951
-0.322265625,10.485623973526344,-1.29974365234375e-08,1,-0.321807861328125,952
-0.32470703125,10.490506973514016,1.52099609375e-08,1,-0.3243408203125,953
-0.3271484375,10.495389973501688,1.4819335937499997e-09,1,-0.3267822265625,954
-0.32958984375,10.50027297348936,-2.0941162109375e-08,1,-0.329132080078125,955
-0.33203125,10.50515597347703,6.60400390625e-09,1,-0.331634521484375,956
-0.33447265625,10.510038973464702,1.697998046875e-08,1,-0.3341064453125,957
-0.3369140625,10.514921973452374,-1.57196044921875e-08,1,-0.336456298828125,958
-0.33935546875,10.519804973440046,-3.6956787109374997e-09,1,-0.3388671875,959
-0.341796875,10.524687973427717,1.756591796875e-08,1,-0.3414306640625,960
-0.34423828125,10.529570973415389,-2.2338867187499997e-09,1,-0.34381103515625,961
-0.3466796875,10.53445397340306,-1.69158935546875e-08,1,-0.34619140625,962
-0.34912109375,10.539336973390732,1.7047119140625e-08,1,-0.348724365234375,963
-0.3515625,10.544219973378404,9.3963623046875e-09,1,-0.3511962890625,964
-0.35400390625,10.549102973366075,-1.663818359375e-08,1,-0.353546142578125,965
-0.3564453125,10.553985973353747,-5.944824218750005e-10,1,-0.355987548828125,966
-0.35888671875,10.558868973341418,2.16461181640625e-08,1,-0.35845947265625,967
-0.361328125,10.56375197332909,-1.0992431640625e-08,1,-0.36090087890625,968
-0.36376953125,10.568634973316762,-1.57470703125e-08,1,-0.363372802734375,969
-0.3662109375,10.573517973304433,1.4590454101562499e-08,1,-0.365753173828125,970
-0.36865234375,10.578400973292105,2.4719238281249997e-09,1,-0.368194580078125,971
-0.37109375,10.583283973279777,-1.8804931640625e-08,1,-0.37060546875,972
-0.37353515625,10.588166973267448,3.5064697265625e-09,1,-0.37310791015625,973
-0.3759765625,10.59304997325512,1.649169921875e-08,1,-0.37554931640625,974
-0.37841796875,10.597932973242791,-1.72027587890625e-08,1,-0.3779296875,975
-0.380859375,10.602815973230463,-5.5999755859375e-09,1,-0.380401611328125,976
-0.38330078125,10.607698973218135,1.6522216796874998e-08,1,-0.382843017578125,977
-0.3857421875,10.612581973205806,-6.628417968749994e-10,1,-0.385284423828125,978
-0.38818359375,10.617464973193478,-1.90216064453125e-08,1,-0.3876953125,979
-0.390625,10.62234797318115,1.4349365234375e-08,1,-0.390167236328125,980
-0.39306640625,10.627230973168821,1.37542724609375e-08,1,-0.39263916015625,981
-0.3955078125,10.632113973156493,-1.54266357421875e-08,1,-0.394989013671875,982
-0.39794921875,10.636996973144164,-1.5603637695312504e-09,1,-0.3974609375,983
-0.400390625,10.641879973131836,2.135009765625e-08,1,-0.399993896484375,984
-0.40283203125,10.646762973119507,-6.5521240234375e-09,1,-0.402313232421875,985
-0.4052734375,10.651645973107179,-1.62322998046875e-08,1,-0.404693603515625,986
-0.40771484375,10.65652897309485,1.53839111328125e-08,1,-0.407257080078125,987
-0.41015625,10.661411973082522,3.96728515625e-09,1,-0.409637451171875,988
-0.41259765625,10.666294973070194,-1.73126220703125e-08,1,-0.412139892578125,989
-0.4150390625,10.671177973057866,2.14263916015625e-09,1,-0.414520263671875,990
-0.41748046875,10.676060973045537,1.749267578125e-08,1,-0.417022705078125,991
-0.419921875,10.680943973033209,-1.7462158203124998e-08,1,-0.41943359375,992
-0.42236328125,10.68582697302088,-9.4451904296875e-09,1,-0.42181396484375,993
-0.4248046875,10.690709973008552,1.62994384765625e-08,1,-0.424285888671875,994
-0.42724609375,10.695592972996224,6.695556640625002e-10,1,-0.42669677734375,995
-0.4296875,10.700475972983895,-2.1246337890625e-08,1,-0.429168701171875,996
-0.43212890625,10.705358972971567,1.0229492187499999e-08,1,-0.43170166015625,997
-0.4345703125,10.710241972959238,1.66229248046875e-08,1,-0.43408203125,998
-0.43701171875,10.71512497294691,-1.4956665039062498e-08,1,-0.436431884765625,999
-0.439453125,10.720007972934582,-2.496337890625e-09,1,-0.438934326171875,1000
-0.44189453125,10.724890972922253,1.915283203125e-08,1,-0.44140625,1001
-0.4443359375,10.729773972909925,-3.5186767578125e-09,1,-0.44378662109375,1002
-0.44677734375,10.734656972897596,-1.5979003906249998e-08,1,-0.446197509765625,1003
-0.44921875,10.739539972885268,1.6860961914062498e-08,1,-0.44866943359375,1004
-0.45166015625,10.74442297287294,6.063842773437499e-09,1,-0.451171875,1005
-0.4541015625,10.749305972860611,-1.67083740234375e-08,1,-0.453521728515625,1006
-0.45654296875,10.754188972848283,5.426025390625005e-10,1,-0.456024169921875,1007
-0.458984375,10.759071972835955,1.9717407226562498e-08,1,-0.4586181640625,1008
-0.46142578125,10.763954972823626,-1.4410400390625e-08,1,-0.460845947265625,1009
-0.4638671875,10.768837972811298,-1.3555908203124999e-08,1,-0.463226318359375,1010
-0.46630859375,10.77372097279897,1.49871826171875e-08,1,-0.465789794921875,1011
-0.46875,10.778603972786641,1.6287231445312493e-09,1,-0.46820068359375,1012
-0.47119140625,10.783486972774313,-2.07183837890625e-08,1,-0.47064208984375,1013
-0.4736328125,10.788369972761984,5.9814453125e-09,1,-0.47308349609375,1014
-0.47607421875,10.793252972749656,1.6888427734375e-08,1,-0.475555419921875,1015
-0.478515625,10.798135972737327,-1.5936279296875e-08,1,-0.47796630859375,1016
-0.48095703125,10.803018972724999,-3.9520263671875e-09,1,-0.4803466796875,1017
-0.4833984375,10.80790197271267,1.73065185546875e-08,1,-0.482879638671875,1018
-0.48583984375,10.812784972700342,-1.96533203125e-09,1,-0.4852294921875,1019
-0.48828125,10.817667972688014,-1.71630859375e-08,1,-0.48773193359375,1020
-0.49072265625,10.822550972675685,1.6851806640625e-08,1,-0.490142822265625,1021
-0.4931640625,10.827433972663357,1.0101318359374999e-08,1,-0.49261474609375,1022
-0.49560546875,10.832316972651029,-1.65374755859375e-08,1,-0.495025634765625,1023
-0.498046875,10.8371999726387,-7.977294921875002e-10,1,-0.497406005859375,1024
-0.50048828125,10.842082972626372,2.17987060546875e-08,1,-0.4998779296875,1025
-0.5029296875,10.846965972614043,-1.0302734374999999e-08,1,-0.5023193359375,1026
-0.50537109375,10.851848972601715,-1.59881591796875e-08,1,-0.5047607421875,1027
-0.5078125,10.856731972589387,1.46148681640625e-08,1,-0.5072021484375,1028
-0.51025390625,10.861614972577058,2.6519775390625e-09,1,-0.509552001953125,1029
-0.5126953125,10.86649797256473,-1.87042236328125e-08,1,-0.512054443359375,1030
-0.51513671875,10.871380972552402,3.2409667968749998e-09,1,-0.5145263671875,1031
-0.517578125,10.876263972540073,1.6497802734375e-08,1,-0.5169677734375,1032
-0.52001953125,10.881146972527745,-1.739501953125e-08,1,-0.5194091796875,1033
-0.5224609375,10.886029972515416,-6.0729980468749996e-09,1,-0.52178955078125,1034
-0.52490234375,10.890912972503088,1.6357421875e-08,1,-0.524200439453125,1035
-0.52734375,10.89579597249076,-4.891967773437505e-10,1,-0.526641845703125,1036
-0.52978515625,10.900678972478431,-1.934814453125e-08,1,-0.52911376953125,1037
-0.5322265625,10.905561972466103,1.36810302734375e-08,1,-0.53155517578125,1038
-0.53466796875,10.910444972453774,1.4337158203125e-08,1,-0.5340576171875,1039
-0.537109375,10.915327972441446,-1.53106689453125e-08,1,-0.536468505859375,1040
-0.53955078125,10.920210972429118,-1.7041015625000002e-09,1,-0.538848876953125,1041
-0.5419921875,10.92509397241679,2.1212768554687498e-08,1,-0.541412353515625,1042
-0.54443359375,10.92997697240446,-6.0028076171874995e-09,1,-0.543731689453125,1043
-0.546875,10.934859972392132,-1.6183471679687498e-08,1,-0.546173095703125,1044
-0.54931640625,10.939742972379804,1.56158447265625e-08,1,-0.5487060546875,1045
-0.5517578125,10.944625972367476,4.2938232421875e-09,1,-0.55108642578125,1046
-0.55419921875,10.949508972355147,-1.70623779296875e-08,1,-0.553558349609375,1047
-0.556640625,10.954391972342819,1.8954467773437496e-09,1,-0.555999755859375,1048
-0.55908203125,10.95927497233049,1.78375244140625e-08,1,-0.558441162109375,1049
-0.5615234375,10.964157972318162,-1.7141723632812498e-08,1,-0.560821533203125,1050
-0.56396484375,10.969040972305834,-1.0156249999999999e-08,1,-0.563262939453125,1051
-0.56640625,10.973923972293505,1.6125488281249998e-08,1,-0.56573486328125,1052
-0.56884765625,10.978806972281177,8.822631835937497e-10,1,-0.56817626953125,1053
-0.5712890625,10.983689972268849,-2.1295166015624998e-08,1,-0.570556640625,1054
-0.57373046875,10.98857297225652,9.5733642578125e-09,1,-0.573089599609375,1055
-0.576171875,10.993455972244192,1.6778564453125e-08,1,-0.57550048828125,1056
-0.57861328125,10.998338972231863,-1.50054931640625e-08,1,-0.577880859375,1057
-0.5810546875,11.003221972219535,-2.630615234375e-09,1,-0.580352783203125,1058
-0.58349609375,11.008104972207207,1.88140869140625e-08,1,-0.58282470703125,1059
-0.5859375,11.012987972194878,-3.1982421875e-09,1,-0.58526611328125,1060
-0.58837890625,11.01787097218255,-1.607666015625e-08,1,-0.587615966796875,1061
-0.5908203125,11.022753972170221,1.70196533203125e-08,1,-0.59014892578125,1062
-0.59326171875,11.027636972157893,6.5673828125e-09,1,-0.59259033203125,1063
-0.595703125,11.032519972145565,-1.650390625e-08,1,-0.594940185546875,1064
-0.59814453125,11.037402972133236,-3.35693359375e-11,1,-0.597412109375,1065
-0.6005859375,11.042285972120908,2.0068359374999998e-08,1,-0.600006103515625,1066
-0.60302734375,11.04716897210858,-1.3800048828125e-08,1,-0.602325439453125,1067
-0.60546875,11.052051972096251,-1.41387939453125e-08,1,-0.604736328125,1068
-0.60791015625,11.056934972083923,1.4794921874999999e-08,1,-0.607208251953125,1069
-0.6103515625,11.061817972071594,1.8426513671875005e-09,1,-0.609649658203125,1070
-0.61279296875,11.066700972059266,-2.042236328125e-08,1,-0.612030029296875,1071
-0.615234375,11.071583972046938,5.4901123046874994e-09,1,-0.614501953125,1072
-0.61767578125,11.07646697203461,1.6778564453125e-08,1,-0.616943359375,1073
-0.6201171875,11.08134997202228,-1.61651611328125e-08,1,-0.619354248046875,1074
-0.62255859375,11.086232972009952,-4.1900634765625e-09,1,-0.621826171875,1075
-0.625,11.091115971997624,1.702880859375e-08,1,-0.624237060546875,1076
-0.62744140625,11.095998971985296,-1.74407958984375e-09,1,-0.626708984375,1077
-0.6298828125,11.100881971972967,-1.75262451171875e-08,1,-0.62908935546875,1078
-0.63232421875,11.105764971960639,1.654052734375e-08,1,-0.631561279296875,1079
-0.634765625,11.11064797194831,1.08154296875e-08,1,-0.634063720703125,1080
-0.63720703125,11.115530971935982,-1.6375732421874998e-08,1,-0.636383056640625,1081
-0.6396484375,11.120413971923654,-8.520507812499994e-10,1,-0.638885498046875,1082
-0.64208984375,11.125296971911325,2.1771240234375e-08,1,-0.641326904296875,1083
-0.64453125,11.130179971898997,-9.649658203125e-09,1,-0.643768310546875,1084
-0.64697265625,11.135062971886668,-1.6189575195312498e-08,1,-0.646209716796875,1085
-0.6494140625,11.13994597187434,1.4712524414062499e-08,1,-0.64862060546875,1086
-0.65185546875,11.144828971862012,2.923583984375e-09,1,-0.651123046875,1087
-0.654296875,11.149711971849683,-1.8524169921875e-08,1,-0.65350341796875,1088
-0.65673828125,11.154594971837355,3.009033203125e-09,1,-0.655914306640625,1089
-0.6591796875,11.159477971825027,1.66839599609375e-08,1,-0.658416748046875,1090
-0.66162109375,11.164360971812698,-1.7535400390625e-08,1,-0.660797119140625,1091
-0.6640625,11.16924397180037,-6.6497802734374995e-09,1,-0.663299560546875,1092
-0.66650390625,11.174126971788041,1.6323852539062498e-08,1,-0.665771484375,1093
-0.6689453125,11.179009971775713,-2.3040771484375e-10,1,-0.668121337890625,1094
-0.67138671875,11.183892971763385,-1.9744873046875e-08,1,-0.6705322265625,1095
-0.673828125,11.188775971751056,1.3018798828124999e-08,1,-0.673065185546875,1096
-0.67626953125,11.193658971738728,1.4984130859375e-08,1,-0.675445556640625,1097
-0.6787109375,11.1985419717264,-1.5090942382812498e-08,1,-0.677886962890625,1098
-0.68115234375,11.203424971714071,-1.7916870117187495e-09,1,-0.6802978515625,1099
-0.68359375,11.208307971701743,2.0727539062499998e-08,1,-0.68280029296875,1100
-0.68603515625,11.213190971689414,-5.4473876953125e-09,1,-0.685272216796875,1101
-0.6884765625,11.218073971677086,-1.60675048828125e-08,1,-0.687591552734375,1102
-0.69091796875,11.222956971664757,1.5826416015625e-08,1,-0.69012451171875,1103
-0.693359375,11.227839971652429,4.534912109374999e-09,1,-0.692535400390625,1104
-0.69580078125,11.2327229716401,-1.6925048828124998e-08,1,-0.694915771484375,1105
-0.6982421875,11.237605971627772,1.5557861328125005e-09,1,-0.6973876953125,1106
-0.70068359375,11.242488971615444,1.81243896484375e-08,1,-0.699920654296875,1107
-0.703125,11.247371971603116,-1.688232421875e-08,1,-0.702301025390625,1108
-0.70556640625,11.252254971590787,-1.0836791992187499e-08,1,-0.704681396484375,1109
-0.7080078125,11.257137971578459,1.5914916992187498e-08,1,-0.70721435546875,1110
-0.71044921875,11.26202097156613,1.0607910156249998e-09,1,-0.70965576171875,1111
-0.712890625,11.266903971553802,-2.12158203125e-08,1,-0.712066650390625,1112
-0.71533203125,11.271786971541474,8.8592529296875e-09,1,-0.714447021484375,1113
-0.7177734375,11.276669971529145,1.689453125e-08,1,-0.716949462890625,1114
-0.72021484375,11.281552971516817,-1.51214599609375e-08,1,-0.719329833984375,1115
-0.72265625,11.286435971504488,-2.825927734375e-09,1,-0.7218017578125,1116
-0.72509765625,11.29131897149216,1.864013671875e-08,1,-0.724273681640625,1117
-0.7275390625,11.296201971479832,-2.9998779296874997e-09,1,-0.72662353515625,1118
-0.72998046875,11.301084971467503,-1.6156005859375e-08,1,-0.72906494140625,1119
-0.732421875,11.305967971455175,1.7138671875e-08,1,-0.73162841796875,1120
-0.73486328125,11.310850971442846,7.135009765625e-09,1,-0.734039306640625,1121
-0.7373046875,11.315733971430518,-1.6452026367187498e-08,1,-0.7364501953125,1122
-0.73974609375,11.32061697141819,1.6418457031250055e-10,1,-0.738861083984375,1123
-0.7421875,11.325499971405861,2.0452880859374998e-08,1,-0.74139404296875,1124
-0.74462890625,11.330382971393533,-1.31134033203125e-08,1,-0.743682861328125,1125
-0.7470703125,11.335265971381205,-1.46209716796875e-08,1,-0.746185302734375,1126
-0.74951171875,11.340148971368876,1.4721679687499999e-08,1,-0.7486572265625,1127
-0.751953125,11.345031971356548,1.8463134765625e-09,1,-0.7513427734375,1128
-0.75439453125,11.34991497134422,-2.04803466796875e-08,1,-0.7537841796875,1129
-0.7568359375,11.354797971331891,5.46875e-09,1,-0.75653076171875,1130
-0.75927734375,11.359680971319563,1.6729736328125e-08,1,-0.75927734375,1131
-0.76171875,11.364563971307234,-1.62445068359375e-08,1,-0.76202392578125,1132
-0.76416015625,11.369446971294906,-4.2755126953125e-09,1,-0.76324462890625,1133
-0.7666015625,11.374329971282577,1.70562744140625e-08,1,-0.76629638671875,1134
-0.76904296875,11.379212971270249,-1.6928100585937495e-09,1,-0.7684326171875,1135
-0.771484375,11.38409597125792,-1.7532348632812498e-08,1,-0.77117919921875,1136
-0.77392578125,11.388978971245592,1.64764404296875e-08,1,-0.77301025390625,1137
-0.7763671875,11.393861971233264,1.0839843749999999e-08,1,-0.77606201171875,1138
-0.77880859375,11.398744971220935,-1.6302490234375e-08,1,-0.77789306640625,1139
-0.78125,11.403627971208607,-9.173583984374997e-10,1,-0.78033447265625,1140
-0.78369140625,11.408510971196279,2.1749877929687498e-08,1,-0.78338623046875,1141
-0.7861328125,11.41339397118395,-9.548950195312499e-09,1,-0.7855224609375,1142
-0.78857421875,11.418276971171622,-1.6180419921875e-08,1,-0.78826904296875,1143
-0.791015625,11.423159971159293,1.4730834960937499e-08,1,-0.79010009765625,1144
-0.79345703125,11.428042971146965,2.9083251953125e-09,1,-0.79254150390625,1145
-0.7958984375,11.432925971134637,-1.845703125e-08,1,-0.7952880859375,1146
-0.79833984375,11.437808971122308,3.0303955078125e-09,1,-0.7977294921875,1147
-0.80078125,11.44269197110998,1.66778564453125e-08,1,-0.80047607421875,1148
-0.80322265625,11.447574971097652,-1.7559814453125e-08,1,-0.80230712890625,1149
-0.8056640625,11.452457971085323,-6.732177734375e-09,1,-0.8050537109375,1150
-0.80810546875,11.457340971072995,1.6302490234375e-08,1,-0.80718994140625,1151
-0.810546875,11.462223971060666,-2.1789550781250027e-10,1,-0.8099365234375,1152
-0.81298828125,11.467106971048338,-1.981201171875e-08,1,-0.8123779296875,1153
-0.8154296875,11.47198997103601,1.2945556640624999e-08,1,-0.81512451171875,1154
-0.81787109375,11.476872971023681,1.4935302734375e-08,1,-0.8172607421875,1155
-0.8203125,11.481755971011353,-1.50604248046875e-08,1,-0.82000732421875,1156
-0.82275390625,11.486638970999024,-1.8331909179687494e-09,1,-0.8221435546875,1157
-0.8251953125,11.491521970986696,2.0681762695312498e-08,1,-0.8245849609375,1158
-0.82763671875,11.496404970974368,-5.450439453125e-09,1,-0.82672119140625,1159
-0.830078125,11.50128797096204,-1.6049194335937498e-08,1,-0.8294677734375,1160
-0.83251953125,11.50617097094971,1.58660888671875e-08,1,-0.83160400390625,1161
-0.8349609375,11.511053970937382,4.5043945312499995e-09,1,-0.83465576171875,1162
-0.83740234375,11.515936970925054,-1.6925048828124998e-08,1,-0.8367919921875,1163
-0.83984375,11.520819970912726,1.5542602539062505e-09,1,-0.8392333984375,1164
-0.84228515625,11.525702970900397,1.8218994140625e-08,1,-0.84136962890625,1165
-0.8447265625,11.530585970888069,-1.6851806640625e-08,1,-0.84381103515625,1166
-0.84716796875,11.53546897087574,-1.08184814453125e-08,1,-0.8465576171875,1167
-0.849609375,11.540351970863412,1.5924072265625e-08,1,-0.84869384765625,1168
-0.85205078125,11.545234970851084,1.0565185546874995e-09,1,-0.85174560546875,1169
-0.8544921875,11.550117970838755,-2.1282958984374998e-08,1,-0.8538818359375,1170
-0.85693359375,11.555000970826427,8.871459960937499e-09,1,-0.85601806640625,1171
-0.859375,11.559883970814099,1.6876220703125e-08,1,-0.85845947265625,1172
-0.86181640625,11.56476697080177,-1.51580810546875e-08,1,-0.8612060546875,1173
-0.8642578125,11.569649970789442,-2.8717041015625e-09,1,-0.86395263671875,1174
-0.86669921875,11.574532970777113,1.864013671875e-08,1,-0.86669921875,1175
-0.869140625,11.579415970764785,-3.0487060546874997e-09,1,-0.86822509765625,1176
-0.87158203125,11.584298970752457,-1.62567138671875e-08,1,-0.87127685546875,1177
-0.8740234375,11.589181970740128,1.70928955078125e-08,1,-0.8734130859375,1178
-0.87646484375,11.5940649707278,7.1685791015625e-09,1,-0.8758544921875,1179
-0.87890625,11.598947970715471,-1.650390625e-08,1,-0.8782958984375,1180
-0.88134765625,11.603830970703143,9.948730468749972e-11,1,-0.88104248046875,1181
-0.8837890625,11.608713970690815,2.04986572265625e-08,1,-0.8837890625,1182
-0.88623046875,11.613596970678486,-1.3140869140625e-08,1,-0.88592529296875,1183
-0.888671875,11.618479970666158,-1.46697998046875e-08,1,-0.88775634765625,1184
-0.89111328125,11.62336297065383,1.4663696289062499e-08,1,-0.89080810546875,1185
-0.8935546875,11.628245970641501,2.0117187499999994e-09,1,-0.8929443359375,1186
-0.89599609375,11.633128970629173,-1.9979858398437498e-08,1,-0.89508056640625,1187
-0.8984375,11.638011970616844,4.977416992187499e-09,1,-0.8978271484375,1188
-0.90087890625,11.642894970604516,1.66168212890625e-08,1,-0.90057373046875,1189
-0.9033203125,11.647777970592188,-1.6461181640625e-08,1,-0.9027099609375,1190
-0.90576171875,11.65266097057986,-4.5623779296875e-09,1,-0.9051513671875,1191
-0.908203125,11.65754397056753,1.6873168945312498e-08,1,-0.9075927734375,1192
-0.91064453125,11.662426970555202,-1.4627075195312505e-09,1,-0.90972900390625,1193
-0.9130859375,11.667309970542874,-1.78558349609375e-08,1,-0.91278076171875,1194
-0.91552734375,11.672192970530546,1.6070556640625e-08,1,-0.914306640625,1195
-0.91796875,11.677075970518217,1.16302490234375e-08,1,-0.91705322265625,1196
-0.92041015625,11.681958970505889,-1.60858154296875e-08,1,-0.91949462890625,1197
-0.9228515625,11.68684197049356,-1.0565185546874995e-09,1,-0.9222412109375,1198
-0.92529296875,11.691724970481232,2.17132568359375e-08,1,-0.92437744140625,1199
-0.927734375,11.696607970468904,-8.813476562499999e-09,1,-0.9271240234375,1200
-0.93017578125,11.701490970456575,-1.6259765624999998e-08,1,-0.9295654296875,1201
-0.9326171875,11.706373970444247,1.48162841796875e-08,1,-0.9320068359375,1202
-0.93505859375,11.711256970431918,3.1707763671874997e-09,1,-0.93414306640625,1203
-0.9375,11.71613997041959,-1.824951171875e-08,1,-0.9368896484375,1204
-0.93994140625,11.721022970407262,2.825927734375e-09,1,-0.9393310546875,1205
-0.9423828125,11.725905970394933,1.68243408203125e-08,1,-0.94146728515625,1206
-0.94482421875,11.730788970382605,-1.7657470703125e-08,1,-0.9442138671875,1207
-0.947265625,11.735671970370277,-7.2845458984375e-09,1,-0.94635009765625,1208
-0.94970703125,11.740554970357948,1.6247558593749998e-08,1,-0.94940185546875,1209
-0.9521484375,11.74543797034562,-5.493164062500555e-12,1,-0.9515380859375,1210
-0.95458984375,11.750320970333291,-2.0190429687499998e-08,1,-0.953369140625,1211
-0.95703125,11.755203970320963,1.23565673828125e-08,1,-0.9564208984375,1212
-0.95947265625,11.760086970308635,1.5429687499999998e-08,1,-0.9588623046875,1213
-0.9619140625,11.764969970296306,-1.5014648437499998e-08,1,-0.96099853515625,1214
-0.96435546875,11.769852970283978,-1.9772338867187502e-09,1,-0.96405029296875,1215
-0.966796875,11.77473597027165,2.0208740234374998e-08,1,-0.96649169921875,1216
-0.96923828125,11.779618970259321,-5.0323486328125e-09,1,-0.96832275390625,1217
-0.9716796875,11.784501970246993,-1.5972900390624998e-08,1,-0.9716796875,1218
-0.97412109375,11.789384970234664,1.6189575195312498e-08,1,-0.9735107421875,1219
-0.9765625,11.794267970222336,4.8675537109375e-09,1,-0.9759521484375,1220
-0.97900390625,11.799150970210007,-1.683349609375e-08,1,-0.97869873046875,1221
-0.9814453125,11.804033970197679,1.2792968749999993e-09,1,-0.9808349609375,1222
-0.98388671875,11.80891697018535,1.8554687499999998e-08,1,-0.98358154296875,1223
-0.986328125,11.813799970173022,-1.640625e-08,1,-0.98541259765625,1224
-0.98876953125,11.818682970160694,-1.1523437499999999e-08,1,-0.98785400390625,1225
-0.9912109375,11.823565970148366,1.5640258789062498e-08,1,-0.9906005859375,1226
-0.99365234375,11.828448970136037,1.2103271484374997e-09,1,-0.9930419921875,1227
-0.99609375,11.833331970123709,-2.11456298828125e-08,1,-0.9954833984375,1228
-0.99853515625,11.83821497011138,8.187866210937499e-09,1,-0.99761962890625,1229
-1.0009765625,11.843097970099052,1.7001342773437498e-08,1,-1.0003662109375,1230
-0.99853515625,11.847980970086724,-1.5240478515625e-08,1,-0.9979248046875,1231
-0.99609375,11.852863970074395,-3.1097412109375e-09,1,-0.99517822265625,1232
-0.99365234375,11.857746970062067,1.834716796875e-08,1,-0.9930419921875,1233
-0.9912109375,11.862629970049738,-2.81982421875e-09,1,-0.99029541015625,1234
-0.98876953125,11.86751297003741,-1.6436767578125e-08,1,-0.98785400390625,1235
-0.986328125,11.872395970025082,1.71905517578125e-08,1,-0.9857177734375,1236
-0.98388671875,11.877278970012753,7.769775390625e-09,1,-0.98297119140625,1237
-0.9814453125,11.882161970000425,-1.64886474609375e-08,1,-0.9808349609375,1238
-0.97900390625,11.887044969988096,-1.4709472656249944e-10,1,-0.97808837890625,1239
-0.9765625,11.891927969975768,2.08709716796875e-08,1,-0.97564697265625,1240
-0.97412109375,11.89681096996344,-1.2506103515625e-08,1,-0.97381591796875,1241
-0.9716796875,11.901693969951111,-1.50665283203125e-08,1,-0.9710693359375,1242
-0.96923828125,11.906576969938783,1.4572143554687499e-08,1,-0.96832275390625,1243
-0.966796875,11.911459969926455,2.1630859375000004e-09,1,-0.96649169921875,1244
-0.96435546875,11.916342969914126,-1.95281982421875e-08,1,-0.96343994140625,1245
-0.9619140625,11.921225969901798,4.547119140625e-09,1,-0.960693359375,1246
-0.95947265625,11.92610896988947,1.654052734375e-08,1,-0.9588623046875,1247
-0.95703125,11.930991969877141,-1.6656494140624998e-08,1,-0.9564208984375,1248
-0.95458984375,11.935874969864813,-4.8980712890625e-09,1,-0.9539794921875,1249
-0.9521484375,11.940757969852484,1.67449951171875e-08,1,-0.950927734375,1250
-0.94970703125,11.945640969840156,-1.226806640625e-09,1,-0.9490966796875,1251
-0.947265625,11.950523969827827,-1.8212890625e-08,1,-0.94635009765625,1252
-0.94482421875,11.955406969815499,1.56768798828125e-08,1,-0.94390869140625,1253
-0.9423828125,11.96028996980317,1.2225341796875e-08,1,-0.94207763671875,1254
-0.93994140625,11.965172969790842,-1.58660888671875e-08,1,-0.9393310546875,1255
-0.9375,11.970055969778514,-1.1914062500000002e-09,1,-0.9368896484375,1256
-0.93505859375,11.974938969766185,2.1600341796875e-08,1,-0.93414306640625,1257
-0.9326171875,11.979821969753857,-8.111572265625e-09,1,-0.9320068359375,1258
-0.93017578125,11.984704969741529,-1.6314697265625e-08,1,-0.9295654296875,1259
-0.927734375,11.9895879697292,1.497802734375e-08,1,-0.9271240234375,1260
-0.92529296875,11.994470969716872,3.4027099609375e-09,1,-0.92437744140625,1261
-0.9228515625,11.999353969704543,-1.80206298828125e-08,1,-0.9222412109375,1262
-0.92041015625,12.004236969692215,2.6275634765624998e-09,1,-0.91949462890625,1263
-0.91796875,12.009119969679887,1.7022705078125e-08,1,-0.9173583984375,1264
-0.91552734375,12.014002969667558,-1.771240234375e-08,1,-0.91461181640625,1265
-0.9130859375,12.01888596965523,-7.8125e-09,1,-0.91217041015625,1266
-0.91064453125,12.023768969642902,1.630859375e-08,1,-0.9100341796875,1267
-0.908203125,12.028651969630573,2.1606445312500054e-10,1,-0.90789794921875,1268
-0.90576171875,12.033534969618245,-2.052001953125e-08,1,-0.904541015625,1269
-0.9033203125,12.038417969605916,1.1773681640625e-08,1,-0.9027099609375,1270
-0.90087890625,12.043300969593588,1.5777587890625e-08,1,-0.90057373046875,1271
-0.8984375,12.04818396958126,-1.495361328125e-08,1,-0.8984375,1272
-0.89599609375,12.053066969568931,-2.142333984375e-09,1,-0.894775390625,1273
-0.8935546875,12.057949969556603,1.98028564453125e-08,1,-0.8929443359375,1274
-0.89111328125,12.062832969544274,-4.4830322265625e-09,1,-0.89019775390625,1275
-0.888671875,12.067715969531946,-1.5948486328125e-08,1,-0.8880615234375,1276
-0.88623046875,12.072598969519618,1.63543701171875e-08,1,-0.88592529296875,1277
-0.8837890625,12.07748196950729,5.249023437499999e-09,1,-0.882568359375,1278
-0.88134765625,12.08236496949496,-1.68060302734375e-08,1,-0.88104248046875,1279
-0.87890625,12.087247969482632,1.0699462890624996e-09,1,-0.87799072265625,1280
-0.87646484375,12.092130969470304,1.88720703125e-08,1,-0.87615966796875,1281
-0.8740234375,12.097013969457976,-1.5991210937499998e-08,1,-0.8734130859375,1282
-0.87158203125,12.101896969445647,-1.2210083007812499e-08,1,-0.8709716796875,1283
-0.869140625,12.106779969433319,1.54449462890625e-08,1,-0.86883544921875,1284
-0.86669921875,12.11166296942099,1.3269042968750005e-09,1,-0.86639404296875,1285
-0.8642578125,12.116545969408662,-2.09869384765625e-08,1,-0.86395263671875,1286
-0.86181640625,12.121428969396334,7.519531249999999e-09,1,-0.8612060546875,1287
-0.859375,12.126311969384005,1.700439453125e-08,1,-0.8587646484375,1288
-0.85693359375,12.131194969371677,-1.54266357421875e-08,1,-0.85662841796875,1289
-0.8544921875,12.136077969359349,-3.3294677734375e-09,1,-0.8538818359375,1290
-0.85205078125,12.14096096934702,1.8084716796875e-08,1,-0.8514404296875,1291
-0.849609375,12.145843969334692,-2.5848388671875e-09,1,-0.84930419921875,1292
-0.84716796875,12.150726969322363,-1.6595458984375e-08,1,-0.8465576171875,1293
-0.8447265625,12.155609969310035,1.71966552734375e-08,1,-0.84442138671875,1294
-0.84228515625,12.160492969297707,8.325195312499999e-09,1,-0.8416748046875,1295
-0.83984375,12.165375969285378,-1.65679931640625e-08,1,-0.8392333984375,1296
-0.83740234375,12.17025896927305,-2.8656005859375025e-10,1,-0.8367919921875,1297
-0.8349609375,12.175141969260721,2.12677001953125e-08,1,-0.83404541015625,1298
-0.83251953125,12.180024969248393,-1.19110107421875e-08,1,-0.83160400390625,1299
-0.830078125,12.184907969236065,-1.5423583984374998e-08,1,-0.82977294921875,1300
-0.82763671875,12.189790969223736,1.4544677734375e-08,1,-0.8270263671875,1301
-0.8251953125,12.194673969211408,2.2430419921875e-09,1,-0.82489013671875,1302
-0.82275390625,12.19955696919908,-1.9250488281249998e-08,1,-0.82244873046875,1303
-0.8203125,12.204439969186751,4.1412353515625e-09,1,-0.8197021484375,1304
-0.81787109375,12.209322969174423,1.65618896484375e-08,1,-0.81695556640625,1305
-0.8154296875,12.214205969162094,-1.689453125e-08,1,-0.8148193359375,1306
-0.81298828125,12.219088969149766,-5.1788330078125e-09,1,-0.81207275390625,1307
-0.810546875,12.223971969137438,1.67724609375e-08,1,-0.8099365234375,1308
-0.80810546875,12.22885496912511,-1.0052490234375002e-09,1,-0.8074951171875,1309
-0.8056640625,12.23373796911278,-1.85821533203125e-08,1,-0.80474853515625,1310
-0.80322265625,12.238620969100452,1.5225219726562498e-08,1,-0.80230712890625,1311
-0.80078125,12.243503969088124,1.2875366210937499e-08,1,-0.8001708984375,1312
-0.79833984375,12.248386969075796,-1.5628051757812498e-08,1,-0.79803466796875,1313
-0.7958984375,12.253269969063467,-1.3229370117187499e-09,1,-0.7952880859375,1314
-0.79345703125,12.258152969051139,2.1429443359374998e-08,1,-0.7928466796875,1315
-0.791015625,12.26303596903881,-7.4676513671875e-09,1,-0.79010009765625,1316
-0.78857421875,12.267918969026482,-1.6278076171875e-08,1,-0.78765869140625,1317
-0.7861328125,12.272801969014154,1.5130615234375e-08,1,-0.7855224609375,1318
-0.78369140625,12.277684969001825,3.6163330078125e-09,1,-0.78338623046875,1319
-0.78125,12.282567968989497,-1.77337646484375e-08,1,-0.7806396484375,1320
-0.77880859375,12.287450968977168,2.374267578125e-09,1,-0.7781982421875,1321
-0.7763671875,12.29233396896484,1.71630859375e-08,1,-0.7757568359375,1322
-0.77392578125,12.297216968952512,-1.768798828125e-08,1,-0.77301025390625,1323
-0.771484375,12.302099968940183,-8.462524414062499e-09,1,-0.77117919921875,1324
-0.76904296875,12.306982968927855,1.6375732421874998e-08,1,-0.76873779296875,1325
-0.7666015625,12.311865968915527,4.3182373046875e-10,1,-0.76568603515625,1326
-0.76416015625,12.316748968903198,-2.08709716796875e-08,1,-0.7635498046875,1327
-0.76171875,12.32163196889087,1.12060546875e-08,1,-0.7611083984375,1328
-0.75927734375,12.326514968878541,1.61346435546875e-08,1,-0.75927734375,1329
-0.7568359375,12.331397968866213,-1.49078369140625e-08,1,-0.75653076171875,1330
-0.75439453125,12.336280968853885,-2.3001098632812493e-09,1,-0.75408935546875,1331
-0.751953125,12.341163968841556,1.9476318359375e-08,1,-0.751953125,1332
-0.74951171875,12.346046968829228,-3.6590576171875e-09,1,-0.748687744140625,1333
-0.7470703125,12.3509299688169,-1.59393310546875e-08,1,-0.746185302734375,1334
-0.74462890625,12.355812968804571,1.66900634765625e-08,1,-0.7437744140625,1335
-0.7421875,12.360695968792243,5.8654785156249995e-09,1,-0.7413330078125,1336
-0.73974609375,12.365578968779914,-1.6644287109374998e-08,1,-0.7388916015625,1337
-0.7373046875,12.370461968767586,6.323242187499994e-10,1,-0.7364501953125,1338
-0.73486328125,12.375344968755257,1.9525146484374998e-08,1,-0.734100341796875,1339
-0.732421875,12.380227968742929,-1.4788818359374999e-08,1,-0.731536865234375,1340
-0.72998046875,12.3851109687306,-1.3299560546874999e-08,1,-0.729034423828125,1341
-0.7275390625,12.389993968718272,1.5026855468749998e-08,1,-0.72674560546875,1342
-0.72509765625,12.394876968705944,1.6125488281250003e-09,1,-0.72418212890625,1343
-0.72265625,12.399759968693616,-2.080078125e-08,1,-0.721771240234375,1344
-0.72021484375,12.404642968681287,6.365966796875e-09,1,-0.7193603515625,1345
-0.7177734375,12.409525968668959,1.69219970703125e-08,1,-0.716949462890625,1346
-0.71533203125,12.41440896865663,-1.58416748046875e-08,1,-0.71441650390625,1347
-0.712890625,12.419291968644302,-3.8269042968749995e-09,1,-0.712005615234375,1348
-0.71044921875,12.424174968631974,1.74560546875e-08,1,-0.7095947265625,1349
-0.7080078125,12.429057968619645,-2.1667480468749997e-09,1,-0.707122802734375,1350
-0.70556640625,12.433940968607317,-1.7034912109375e-08,1,-0.704742431640625,1351
-0.703125,12.438823968594988,1.69525146484375e-08,1,-0.702301025390625,1352
-0.70068359375,12.44370696858266,9.7015380859375e-09,1,-0.699920654296875,1353
-0.6982421875,12.448589968570332,-1.6586303710937498e-08,1,-0.6973876953125,1354
-0.69580078125,12.453472968558003,-6.591796875e-10,1,-0.694976806640625,1355
-0.693359375,12.458355968545675,2.1743774414062497e-08,1,-0.692626953125,1356
-0.69091796875,12.463238968533346,-1.06689453125e-08,1,-0.6900634765625,1357
-0.6884765625,12.468121968521018,-1.5863037109375e-08,1,-0.687652587890625,1358
-0.68603515625,12.47300496850869,1.4575195312499999e-08,1,-0.685211181640625,1359
-0.68359375,12.477887968496361,2.581787109375e-09,1,-0.68280029296875,1360
-0.68115234375,12.482770968484033,-1.8783569335937498e-08,1,-0.680328369140625,1361
-0.6787109375,12.487653968471705,3.363037109375e-09,1,-0.677886962890625,1362
-0.67626953125,12.492536968459376,1.6592407226562498e-08,1,-0.67547607421875,1363
-0.673828125,12.497419968447048,-1.73004150390625e-08,1,-0.672943115234375,1364
-0.67138671875,12.50230296843472,-5.95703125e-09,1,-0.67059326171875,1365
-0.6689453125,12.507185968422391,1.6580200195312498e-08,1,-0.668182373046875,1366
-0.66650390625,12.512068968410063,-5.728149414062494e-10,1,-0.66571044921875,1367
-0.6640625,12.516951968397734,-1.9195556640625e-08,1,-0.663238525390625,1368
-0.66162109375,12.521834968385406,1.39984130859375e-08,1,-0.660888671875,1369
-0.6591796875,12.526717968373077,1.40960693359375e-08,1,-0.65838623046875,1370
-0.65673828125,12.531600968360749,-1.53411865234375e-08,1,-0.65594482421875,1371
-0.654296875,12.53648396834842,-1.5570068359374995e-09,1,-0.65350341796875,1372
-0.65185546875,12.541366968336092,2.1148681640624998e-08,1,-0.65106201171875,1373
-0.6494140625,12.546249968323764,-6.26220703125e-09,1,-0.64862060546875,1374
-0.64697265625,12.551132968311435,-1.61376953125e-08,1,-0.646209716796875,1375
-0.64453125,12.556015968299107,1.5484619140625e-08,1,-0.64385986328125,1376
-0.64208984375,12.560898968286779,4.034423828125e-09,1,-0.641326904296875,1377
-0.6396484375,12.56578196827445,-1.7193603515624998e-08,1,-0.63885498046875,1378
-0.63720703125,12.570664968262122,1.9842529296874995e-09,1,-0.636444091796875,1379
-0.634765625,12.575547968249793,1.766357421875e-08,1,-0.634063720703125,1380
-0.63232421875,12.580430968237465,-1.73187255859375e-08,1,-0.631561279296875,1381
-0.6298828125,12.585313968225137,-9.7259521484375e-09,1,-0.629119873046875,1382
-0.62744140625,12.590196968212808,1.614990234375e-08,1,-0.62677001953125,1383
-0.625,12.59507996820048,8.038330078125003e-10,1,-0.624237060546875,1384
-0.62255859375,12.599962968188152,-2.1282958984374998e-08,1,-0.621795654296875,1385
-0.6201171875,12.604845968175823,9.963989257812499e-09,1,-0.619384765625,1386
-0.61767578125,12.609728968163495,1.6644287109374998e-08,1,-0.616973876953125,1387
-0.615234375,12.614611968151166,-1.5008544921875e-08,1,-0.614471435546875,1388
-0.61279296875,12.619494968138838,-2.52685546875e-09,1,-0.612091064453125,1389
-0.6103515625,12.62437796812651,1.90948486328125e-08,1,-0.609619140625,1390
-0.60791015625,12.629260968114181,-3.387451171875e-09,1,-0.607208251953125,1391
-0.60546875,12.634143968101853,-1.6033935546875e-08,1,-0.60467529296875,1392
-0.60302734375,12.639026968089524,1.695556640625e-08,1,-0.602294921875,1393
-0.6005859375,12.643909968077196,6.2896728515625e-09,1,-0.599853515625,1394
-0.59814453125,12.648792968064868,-1.671142578125e-08,1,-0.597412109375,1395
-0.595703125,12.65367596805254,4.336547851562497e-10,1,-0.595001220703125,1396
-0.59326171875,12.65855896804021,1.9830322265625e-08,1,-0.59259033203125,1397
-0.5908203125,12.663441968027882,-1.41265869140625e-08,1,-0.590118408203125,1398
-0.58837890625,12.668324968015554,-1.38763427734375e-08,1,-0.58758544921875,1399
-0.5859375,12.673207968003226,1.4855957031249999e-08,1,-0.585205078125,1400
-0.58349609375,12.678090967990897,1.7547607421874998e-09,1,-0.582763671875,1401
-0.5810546875,12.682973967978569,-2.0587158203124997e-08,1,-0.580291748046875,1402
-0.57861328125,12.68785696796624,5.7403564453125e-09,1,-0.577911376953125,1403
-0.576171875,12.692739967953912,1.68060302734375e-08,1,-0.57550048828125,1404
-0.57373046875,12.697622967941584,-1.6061401367187498e-08,1,-0.572998046875,1405
-0.5712890625,12.702505967929255,-4.071044921875e-09,1,-0.57061767578125,1406
-0.56884765625,12.707388967916927,1.727294921875e-08,1,-0.56817626953125,1407
-0.56640625,12.712271967904599,-1.885986328125e-09,1,-0.56573486328125,1408
-0.56396484375,12.71715496789227,-1.7391967773437498e-08,1,-0.563232421875,1409
-0.5615234375,12.722037967879942,1.67083740234375e-08,1,-0.5609130859375,1410
-0.55908203125,12.726920967867613,1.053466796875e-08,1,-0.55841064453125,1411
-0.556640625,12.731803967855285,-1.6452026367187498e-08,1,-0.555908203125,1412
-0.55419921875,12.736686967842957,-8.215332031249994e-10,1,-0.553497314453125,1413
-0.5517578125,12.741569967830628,2.176513671875e-08,1,-0.5511474609375,1414
-0.54931640625,12.7464529678183,-1.0009765625e-08,1,-0.548614501953125,1415
-0.546875,12.751335967805971,-1.6046142578125e-08,1,-0.546142578125,1416
-0.54443359375,12.756218967793643,1.463623046875e-08,1,-0.54376220703125,1417
-0.5419921875,12.761101967781315,2.801513671875e-09,1,-0.5413818359375,1418
-0.53955078125,12.765984967768986,-1.8603515625e-08,1,-0.538848876953125,1419
-0.537109375,12.770867967756658,3.0914306640625e-09,1,-0.53643798828125,1420
-0.53466796875,12.77575096774433,1.6604614257812498e-08,1,-0.5340576171875,1421
-0.5322265625,12.780633967732001,-1.7437744140625e-08,1,-0.531524658203125,1422
-0.52978515625,12.785516967719673,-6.3079833984374995e-09,1,-0.52911376953125,1423
-0.52734375,12.790399967707344,1.632080078125e-08,1,-0.526702880859375,1424
-0.52490234375,12.795282967695016,-3.744506835937494e-10,1,-0.52423095703125,1425
-0.5224609375,12.800165967682688,-1.9488525390625e-08,1,-0.5218505859375,1426
-0.52001953125,12.80504896767036,1.32720947265625e-08,1,-0.519378662109375,1427
-0.517578125,12.80993196765803,1.4691162109375e-08,1,-0.516937255859375,1428
-0.51513671875,12.814814967645702,-1.51824951171875e-08,1,-0.514495849609375,1429
-0.5126953125,12.819697967633374,-1.6806030273437494e-09,1,-0.5120849609375,1430
-0.51025390625,12.824580967621046,2.0928955078125e-08,1,-0.50970458984375,1431
-0.5078125,12.829463967608717,-5.7861328125e-09,1,-0.507171630859375,1432
-0.50537109375,12.834346967596389,-1.60919189453125e-08,1,-0.504730224609375,1433
-0.5029296875,12.83922996758406,1.575927734375e-08,1,-0.502288818359375,1434
-0.50048828125,12.844112967571732,4.449462890625e-09,1,-0.499908447265625,1435
-0.498046875,12.848995967559404,-1.7059326171874998e-08,1,-0.497406005859375,1436
-0.49560546875,12.853878967547075,1.7358398437500005e-09,1,-0.49505615234375,1437
-0.4931640625,12.858761967534747,1.79901123046875e-08,1,-0.492645263671875,1438
-0.49072265625,12.863644967522418,-1.7007446289062498e-08,1,-0.4901123046875,1439
-0.48828125,12.86852796751009,-1.0455322265625e-08,1,-0.48773193359375,1440
-0.48583984375,12.873410967497762,1.59942626953125e-08,1,-0.485260009765625,1441
-0.4833984375,12.878293967485433,9.600830078124996e-10,1,-0.482818603515625,1442
-0.48095703125,12.883176967473105,-2.1347045898437498e-08,1,-0.4803466796875,1443
-0.478515625,12.888059967460777,9.2437744140625e-09,1,-0.47796630859375,1444
-0.47607421875,12.892942967448448,1.68365478515625e-08,1,-0.4755859375,1445
-0.4736328125,12.89782596743612,-1.50238037109375e-08,1,-0.473052978515625,1446
-0.47119140625,12.902708967423791,-2.734375e-09,1,-0.470611572265625,1447
-0.46875,12.907591967411463,1.88262939453125e-08,1,-0.468231201171875,1448
-0.46630859375,12.912474967399135,-3.1494140625e-09,1,-0.465728759765625,1449
-0.4638671875,12.917357967386806,-1.61376953125e-08,1,-0.4632568359375,1450
-0.46142578125,12.922240967374478,1.7071533203124998e-08,1,-0.46087646484375,1451
-0.458984375,12.92712396736215,6.77490234375e-09,1,-0.45849609375,1452
-0.45654296875,12.932006967349821,-1.6546630859375e-08,1,-0.4559326171875,1453
-0.4541015625,12.936889967337493,2.3559570312499945e-10,1,-0.45355224609375,1454
-0.45166015625,12.941772967325164,2.0166015625e-08,1,-0.451202392578125,1455
-0.44921875,12.946655967312836,-1.34735107421875e-08,1,-0.44873046875,1456
-0.44677734375,12.951538967300507,-1.43646240234375e-08,1,-0.446197509765625,1457
-0.4443359375,12.956421967288179,1.4730834960937499e-08,1,-0.44384765625,1458
-0.44189453125,12.96130496727585,1.9183349609374997e-09,1,-0.441314697265625,1459
-0.439453125,12.966187967263522,-2.03216552734375e-08,1,-0.43890380859375,1460
-0.43701171875,12.971070967251194,5.2642822265625e-09,1,-0.43646240234375,1461
-0.4345703125,12.975953967238866,1.6741943359375e-08,1,-0.434112548828125,1462
-0.43212890625,12.980836967226537,-1.622314453125e-08,1,-0.43157958984375,1463
-0.4296875,12.985719967214209,-4.388427734375e-09,1,-0.429168701171875,1464
-0.42724609375,12.99060296720188,1.6961669921875e-08,1,-0.426788330078125,1465
-0.4248046875,12.995485967189552,-1.64642333984375e-09,1,-0.424346923828125,1466
-0.42236328125,13.000368967177224,-1.7684936523437498e-08,1,-0.421844482421875,1467
-0.419921875,13.005251967164895,1.63787841796875e-08,1,-0.419464111328125,1468
-0.41748046875,13.010134967152567,1.11358642578125e-08,1,-0.417022705078125,1469
-0.4150390625,13.015017967140238,-1.6217041015625e-08,1,-0.414520263671875,1470
-0.41259765625,13.01990096712791,-9.573364257812494e-10,1,-0.412109375,1471
-0.41015625,13.024783967115582,2.1759033203125e-08,1,-0.40972900390625,1472
-0.40771484375,13.029666967103253,-9.286499023437499e-09,1,-0.407196044921875,1473
-0.4052734375,13.034549967090925,-1.6195678710937498e-08,1,-0.40472412109375,1474
-0.40283203125,13.039432967078596,1.4764404296875e-08,1,-0.40234375,1475
-0.400390625,13.044315967066268,2.9663085937499997e-09,1,-0.399871826171875,1476
-0.39794921875,13.04919896705394,-1.84600830078125e-08,1,-0.3973388671875,1477
-0.3955078125,13.054081967041611,2.9632568359375e-09,1,-0.39501953125,1478
-0.39306640625,13.058964967029283,1.66534423828125e-08,1,-0.392578125,1479
-0.390625,13.063847967016954,-1.7626953124999998e-08,1,-0.390167236328125,1480
-0.38818359375,13.068730967004626,-6.781005859374999e-09,1,-0.3876953125,1481
-0.3857421875,13.073613966992298,1.622314453125e-08,1,-0.385284423828125,1482
-0.38330078125,13.07849696697997,-1.5808105468750055e-10,1,-0.38287353515625,1483
-0.380859375,13.083379966967641,-1.98822021484375e-08,1,-0.380340576171875,1484
-0.37841796875,13.088262966955313,1.2786865234375e-08,1,-0.3779296875,1485
-0.3759765625,13.093145966942984,1.51519775390625e-08,1,-0.37554931640625,1486
-0.37353515625,13.098028966930656,-1.50115966796875e-08,1,-0.373046875,1487
-0.37109375,13.102911966918327,-1.918640136718749e-09,1,-0.370635986328125,1488
-0.36865234375,13.107794966905999,2.06390380859375e-08,1,-0.3682861328125,1489
-0.3662109375,13.11267796689367,-5.3253173828124996e-09,1,-0.36578369140625,1490
-0.36376953125,13.117560966881342,-1.60797119140625e-08,1,-0.363311767578125,1491
-0.361328125,13.122443966869014,1.5924072265625e-08,1,-0.36090087890625,1492
-0.35888671875,13.127326966856685,4.632568359375e-09,1,-0.358489990234375,1493
-0.3564453125,13.132209966844357,-1.6943359374999998e-08,1,-0.355987548828125,1494
-0.35400390625,13.137092966832029,1.5234374999999995e-09,1,-0.353515625,1495
-0.3515625,13.1419759668197,1.8298339843749998e-08,1,-0.351226806640625,1496
-0.34912109375,13.146858966807372,-1.6714477539062498e-08,1,-0.348724365234375,1497
-0.3466796875,13.151741966795043,-1.10748291015625e-08,1,-0.346221923828125,1498
-0.34423828125,13.156624966782715,1.58477783203125e-08,1,-0.3438720703125,1499
-0.341796875,13.161507966770387,1.0778808593749994e-09,1,-0.341400146484375,1500
-0.33935546875,13.166390966758058,-2.11212158203125e-08,1,-0.338897705078125,1501
-0.3369140625,13.17127396674573,8.731079101562499e-09,1,-0.336456298828125,1502
-0.33447265625,13.176156966733402,1.7001342773437498e-08,1,-0.334075927734375,1503
-0.33203125,13.181039966721073,-1.51458740234375e-08,1,-0.331634521484375,1504
-0.32958984375,13.185922966708745,-2.9876708984375e-09,1,-0.3292236328125,1505
-0.3271484375,13.190805966696416,1.85821533203125e-08,1,-0.3267822265625,1506
-0.32470703125,13.195688966684088,-2.9144287109374997e-09,1,-0.324310302734375,1507
-0.322265625,13.20057196667176,-1.627197265625e-08,1,-0.3218994140625,1508
-0.31982421875,13.205454966659431,1.7147827148437498e-08,1,-0.319488525390625,1509
-0.3173828125,13.210337966647103,7.2784423828125e-09,1,-0.317047119140625,1510
-0.31494140625,13.215220966634774,-1.64337158203125e-08,1,-0.31451416015625,1511
-0.3125,13.220103966622446,7.141113281250027e-11,1,-0.3121337890625,1512
-0.31005859375,13.224986966610118,2.054443359375e-08,1,-0.30975341796875,1513
-0.3076171875,13.22986996659779,-1.300048828125e-08,1,-0.307220458984375,1514
-0.30517578125,13.23475296658546,-1.4776611328124999e-08,1,-0.30474853515625,1515
-0.302734375,13.239635966573132,1.4654541015624999e-08,1,-0.3023681640625,1516
-0.30029296875,13.244518966560804,2.00927734375e-09,1,-0.299896240234375,1517
-0.2978515625,13.249401966548476,-1.98760986328125e-08,1,-0.29742431640625,1518
-0.29541015625,13.254284966536147,4.9163818359374996e-09,1,-0.295013427734375,1519
-0.29296875,13.259167966523819,1.66534423828125e-08,1,-0.292572021484375,1520
-0.29052734375,13.26405096651149,-1.6485595703125e-08,1,-0.2901611328125,1521
-0.2880859375,13.268933966499162,-4.6234130859375e-09,1,-0.287689208984375,1522
-0.28564453125,13.273816966486834,1.69464111328125e-08,1,-0.2852783203125,1523
-0.283203125,13.278699966474505,-1.3552856445312497e-09,1,-0.2828369140625,1524
-0.28076171875,13.283582966462177,-1.7947387695312498e-08,1,-0.28033447265625,1525
-0.2783203125,13.288465966449849,1.59332275390625e-08,1,-0.2779541015625,1526
-0.27587890625,13.29334896643752,1.17431640625e-08,1,-0.2755126953125,1527
-0.2734375,13.298231966425192,-1.6046142578125e-08,1,-0.273040771484375,1528
-0.27099609375,13.303114966412863,-1.1300659179687505e-09,1,-0.2706298828125,1529
-0.2685546875,13.307997966400535,2.16949462890625e-08,1,-0.268218994140625,1530
-0.26611328125,13.312880966388207,-8.663940429687499e-09,1,-0.2657470703125,1531
-0.263671875,13.317763966375878,-1.6290283203125e-08,1,-0.263275146484375,1532
-0.26123046875,13.32264696636355,1.48406982421875e-08,1,-0.260833740234375,1533
-0.2587890625,13.327529966351221,3.21044921875e-09,1,-0.258453369140625,1534
-0.25634765625,13.332412966338893,-1.8218994140625e-08,1,-0.2559814453125,1535
-0.25390625,13.337295966326565,2.8228759765625e-09,1,-0.253570556640625,1536
-0.25146484375,13.342178966314236,1.6876220703125e-08,1,-0.251190185546875,1537
-0.2490234375,13.347061966301908,-1.7684936523437498e-08,1,-0.248687744140625,1538
-0.24658203125,13.35194496628958,-7.421875e-09,1,-0.246185302734375,1539
-0.244140625,13.356827966277251,1.62872314453125e-08,1,-0.243865966796875,1540
-0.24169921875,13.361710966264923,3.784179687500028e-11,1,-0.24139404296875,1541
-0.2392578125,13.366593966252594,-2.0257568359375e-08,1,-0.238861083984375,1542
-0.23681640625,13.371476966240266,1.22467041015625e-08,1,-0.236480712890625,1543
-0.234375,13.376359966227938,1.55487060546875e-08,1,-0.23406982421875,1544
-0.23193359375,13.38124296621561,-1.4956665039062498e-08,1,-0.231536865234375,1545
-0.2294921875,13.38612596620328,-2.0620727539062493e-09,1,-0.229156494140625,1546
-0.22705078125,13.391008966190952,2.0178222656249997e-08,1,-0.2266845703125,1547
-0.224609375,13.395891966178624,-4.7760009765624995e-09,1,-0.224273681640625,1548
-0.22216796875,13.400774966166296,-1.59820556640625e-08,1,-0.221771240234375,1549
-0.2197265625,13.405657966153967,1.6143798828125e-08,1,-0.219390869140625,1550
-0.21728515625,13.410540966141639,4.9530029296875e-09,1,-0.21697998046875,1551
-0.21484375,13.41542396612931,-1.67999267578125e-08,1,-0.21453857421875,1552
-0.21240234375,13.420306966116982,1.2448120117187502e-09,1,-0.212066650390625,1553
-0.2099609375,13.425189966104654,1.86279296875e-08,1,-0.209869384765625,1554
-0.20751953125,13.430072966092325,-1.62933349609375e-08,1,-0.2071533203125,1555
-0.205078125,13.434955966079997,-1.17156982421875e-08,1,-0.204742431640625,1556
-0.20263671875,13.439838966067668,1.56036376953125e-08,1,-0.202362060546875,1557
-0.2001953125,13.44472196605534,1.2207031249999999e-09,1,-0.19989013671875,1558
-0.19775390625,13.449604966043012,-2.1038818359375e-08,1,-0.197418212890625,1559
-0.1953125,13.454487966030683,7.94677734375e-09,1,-0.195037841796875,1560
-0.19287109375,13.459370966018355,1.69647216796875e-08,1,-0.192657470703125,1561
-0.1904296875,13.464253966006027,-1.52923583984375e-08,1,-0.19012451171875,1562
-0.18798828125,13.469136965993698,-3.179931640625e-09,1,-0.187652587890625,1563
-0.185546875,13.47401996598137,1.8356323242187498e-08,1,-0.185272216796875,1564
-0.18310546875,13.478902965969041,-2.7740478515625e-09,1,-0.182830810546875,1565
-0.1806640625,13.483785965956713,-1.64337158203125e-08,1,-0.18035888671875,1566
-0.17822265625,13.488668965944385,1.72027587890625e-08,1,-0.177978515625,1567
-0.17578125,13.493551965932056,7.958984375e-09,1,-0.175506591796875,1568
-0.17333984375,13.498434965919728,-1.646728515625e-08,1,-0.173065185546875,1569
-0.1708984375,13.5033179659074,-1.5075683593750026e-10,1,-0.170654296875,1570
-0.16845703125,13.508200965895071,2.0953369140625e-08,1,-0.1683349609375,1571
-0.166015625,13.513083965882743,-1.2371826171875e-08,1,-0.165740966796875,1572
-0.16357421875,13.517966965870414,-1.5130615234375e-08,1,-0.163299560546875,1573
-0.1611328125,13.522849965858086,1.4593505859374999e-08,1,-0.160919189453125,1574
-0.15869140625,13.527732965845757,2.1688842773437494e-09,1,-0.158416748046875,1575
-0.15625,13.532615965833429,-1.949462890625e-08,1,-0.155975341796875,1576
-0.15380859375,13.5374989658211,4.5440673828125e-09,1,-0.153564453125,1577
-0.1513671875,13.542381965808772,1.6586303710937498e-08,1,-0.151214599609375,1578
-0.14892578125,13.547264965796444,-1.67236328125e-08,1,-0.14862060546875,1579
-0.146484375,13.552147965784116,-4.9133300781249995e-09,1,-0.146240234375,1580
-0.14404296875,13.557030965771787,1.6876220703125e-08,1,-0.143798828125,1581
-0.1416015625,13.561913965759459,-1.1895751953125005e-09,1,-0.14141845703125,1582
-0.13916015625,13.56679696574713,-1.8280029296874998e-08,1,-0.138916015625,1583
-0.13671875,13.571679965734802,1.5606689453125e-08,1,-0.13653564453125,1584
-0.13427734375,13.576562965722474,1.24237060546875e-08,1,-0.13409423828125,1585
-0.1318359375,13.581445965710145,-1.58233642578125e-08,1,-0.131591796875,1586
-0.12939453125,13.586328965697817,-1.2884521484374993e-09,1,-0.129180908203125,1587
-0.126953125,13.591211965685488,2.1505737304687498e-08,1,-0.126800537109375,1588
-0.12451171875,13.59609496567316,-7.9681396484375e-09,1,-0.124298095703125,1589
-0.1220703125,13.600977965660832,-1.63909912109375e-08,1,-0.121856689453125,1590
-0.11962890625,13.605860965648503,1.49810791015625e-08,1,-0.11944580078125,1591
-0.1171875,13.610743965636175,3.4393310546874996e-09,1,-0.117034912109375,1592
-0.11474609375,13.615626965623846,-1.80450439453125e-08,1,-0.114532470703125,1593
-0.1123046875,13.620509965611518,2.5970458984375e-09,1,-0.112091064453125,1594
-0.10986328125,13.62539296559919,1.7059326171874998e-08,1,-0.109649658203125,1595
-0.107421875,13.630275965586861,-1.766357421875e-08,1,-0.107208251953125,1596
-0.10498046875,13.635158965574533,-8.0047607421875e-09,1,-0.104766845703125,1597
-0.1025390625,13.640041965562204,1.62628173828125e-08,1,-0.102386474609375,1598
-0.10009765625,13.644924965549876,2.4169921874999944e-10,1,-0.09991455078125,1599
-0.09765625,13.649807965537548,-2.05657958984375e-08,1,-0.097442626953125,1600
-0.09521484375,13.65469096552522,1.16943359375e-08,1,-0.095062255859375,1601
-0.0927734375,13.659573965512891,1.58203125e-08,1,-0.0926513671875,1602
-0.09033203125,13.664456965500563,-1.49658203125e-08,1,-0.09014892578125,1603
-0.087890625,13.669339965488234,-2.1578979492187498e-09,1,-0.087677001953125,1604
-0.08544921875,13.674222965475906,1.9769287109374997e-08,1,-0.08538818359375,1605
-0.0830078125,13.679105965463577,-4.443359375e-09,1,-0.08282470703125,1606
-0.08056640625,13.683988965451249,-1.58935546875e-08,1,-0.08038330078125,1607
-0.078125,13.68887196543892,1.64031982421875e-08,1,-0.077972412109375,1608
-0.07568359375,13.693754965426592,5.31005859375e-09,1,-0.0755615234375,1609
-0.0732421875,13.698637965414264,-1.68121337890625e-08,1,-0.0731201171875,1610
-0.07080078125,13.703520965401935,1.0256958007812497e-09,1,-0.070648193359375,1611
-0.068359375,13.708403965389607,1.8911743164062498e-08,1,-0.068572998046875,1612
-0.06591796875,13.713286965377279,-1.5887451171875e-08,1,-0.0657958984375,1613
-0.0634765625,13.71816996536495,-1.22528076171875e-08,1,-0.063323974609375,1614
-0.06103515625,13.723052965352622,1.5374755859375e-08,1,-0.0609130859375,1615
-0.05859375,13.727935965340293,1.3180541992187502e-09,1,-0.058502197265625,1616
-0.05615234375,13.732818965327965,-2.1014404296874998e-08,1,-0.05596923828125,1617
-0.0537109375,13.737701965315637,7.4737548828125e-09,1,-0.053558349609375,1618
-0.05126953125,13.742584965303308,1.70257568359375e-08,1,-0.05120849609375,1619
-0.048828125,13.74746796529098,-1.53106689453125e-08,1,-0.048638916015625006,1620
-0.04638671875,13.752350965278652,-3.2012939453125e-09,1,-0.04620361328125,1621
-0.0439453125,13.757233965266323,1.8356323242187498e-08,1,-0.04376220703125,1622
-0.04150390625,13.762116965253995,-2.7923583984375e-09,1,-0.04132385253906251,1623
-0.0390625,13.766999965241666,-1.65008544921875e-08,1,-0.03887634277343749,1624
-0.03662109375,13.771882965229338,1.71783447265625e-08,1,-0.03644104003906251,1625
-0.0341796875,13.77676596521701,7.9071044921875e-09,1,-0.034002685546874994,1626
-0.03173828125,13.781648965204681,-1.64886474609375e-08,1,-0.031546020507812494,1627
-0.029296875,13.786531965192353,-1.5624999999999943e-10,1,-0.0291290283203125,1628
-0.02685546875,13.791414965180024,2.09014892578125e-08,1,-0.026696777343750006,1629
-0.0244140625,13.796297965167696,-1.2405395507812499e-08,1,-0.024234008789062497,1630
-0.02197265625,13.801180965155368,-1.5097045898437498e-08,1,-0.021817016601562503,1631
-0.01953125,13.80606396514304,1.4590454101562499e-08,1,-0.019381713867187497,1632
-0.01708984375,13.81094696513071,2.1640014648437495e-09,1,-0.016940307617187497,1633
-0.0146484375,13.815829965118382,-1.9506835937499998e-08,1,-0.014492797851562503,1634
-0.01220703125,13.820712965106054,4.425048828125e-09,1,-0.012045288085937494,1635
-0.009765625,13.825595965093726,1.65435791015625e-08,1,-0.0095977783203125,1636
-0.00732421875,13.830478965081397,-1.6726684570312498e-08,1,-0.0071868896484375,1637
-0.0048828125,13.835361965069069,-4.9072265625e-09,1,-0.0047363281249999944,1638
-0.00244140625,13.84024496505674,1.676025390625e-08,1,-0.0023132324218750056,1639
0.0,13.845127965044412,-1.1788940429687504e-09,1,0.0001220703125,1640
